X,Sig1,Sig2,Sig3,Sig4,Sig5,Sig6,Sig7,Sig8,Sig9,Sig10,Sig11,Sig12,Sig13,Sig14,Sig15,Sig16,Sig17,Sig18
AAAA,0.00437990023071991,1.92076301470172e-17,0.000753685545426363,0.000898471975355014,0.0289081594731183,1.87530601191061e-17,0.00352541875547566,1.91566936013039e-17,2.17341607989567e-17,0.0141813264168582,0.0426113461114919,0.000415333542631951,1.97572771451783e-17,0.00745078665077984,2.01278168640698e-17,1.93279664178832e-17,0.00334659553208676,2.13267951881621e-17
AAAC,0.00202691297759212,1.92076301470172e-17,0.00825328603768669,2.07598774009535e-17,0.0056015696167495,1.87530601191061e-17,2.55592284893101e-17,0.00104114062262057,2.17341607989567e-17,0.00473515765899979,0.0261456075224531,1.54891414456735e-17,0.000613437311416033,0.00150690734765448,0.0027732806304439,1.93279664178832e-17,0.00112317175886012,0.00912074574986169
AAAG,0.00666374529391486,0.0051040477642107,0.00583414982392411,0.000392273410473126,0.00812917932918766,0.00125580054448269,2.55592284893101e-17,0.00253002335522167,0.00209527907334211,0.0044731875408448,0.0213871595930432,1.54891414456735e-17,1.97572771451783e-17,0.00107895380290168,0.00484477021943074,1.93279664178832e-17,0.0017310760626352,2.13267951881621e-17
AAAT,0.00202427739393148,1.92076301470172e-17,0.005262142609255,2.07598774009535e-17,0.00993846352220646,1.87530601191061e-17,4.40687526104282e-05,0.000427377284580075,0.00403509143853239,0.00724977037537994,0.0202360303638768,0.00502302200965643,1.97572771451783e-17,0.00177428725484473,1.44783310503775e-09,0.00061179036040388,2.43745439874267e-17,0.000910254334831626
AACA,2.04031654190508e-17,0.00157386130069686,0.00225634567197306,0.0201828054596172,0.0107411443198387,1.87530601191061e-17,2.55592284893101e-17,0.00277344053600944,2.84251364886334e-16,0.0166484264129576,0.0142131117687448,1.54891414456735e-17,1.97572771451783e-17,0.00167244697597272,0.0101160595477262,4.99175700267297e-05,2.43745439874267e-17,2.13267951881621e-17
AACC,2.04031654190508e-17,1.92076301470172e-17,0.00392961686092432,3.5439470369247e-13,0.0019342800201657,0.00287202501994298,0.000122893893377781,0.00394663973208184,0.00115863587319938,0.00876183235525106,0.0183631970439456,1.54891414456735e-17,1.97572771451783e-17,0.00116013377959445,0.0121878300191544,0.00190947732118433,2.43745439874267e-17,0.00531926101690812
AACG,2.04031654190508e-17,1.92076301470172e-17,0.00289451789226941,2.07598774009535e-17,0.00418122969190569,1.87530601191061e-17,0.00224639058814434,0.00450745278760552,0.00381371983294748,0.00980154962893149,0.0104085391163187,1.54891414456735e-17,1.97572771451783e-17,0.00145794869420041,0.00921908659114806,0.00105116409267618,5.86681757541253e-07,4.80603511784527e-08
AACT,2.04031654190508e-17,0.00217151176666735,0.000763867803341171,2.07598774009535e-17,0.0068290628457251,1.87530601191061e-17,0.00195646990378413,0.000712089952932577,0.00369944537756312,0.0132820367675453,0.0143942646433952,0.00568900560597766,1.97572771451783e-17,0.00147810404496321,0.0118876062179417,0.00246162182949916,0.00178508176716638,0.00468864624751471
AAGA,0.00415993817951028,0.0102766758336673,0.00346272756295153,0.0057880689405768,0.0149053994946333,0.00110440881081015,2.55592284893101e-17,0.00630062035906395,0.0046455112976163,0.0178546352894067,0.021049036107145,1.54891414456735e-17,1.97572771451783e-17,0.0041191559566441,0.015036208583459,1.93279664178832e-17,2.43745439874267e-17,2.13267951881621e-17
AAGC,4.13293507789072e-05,1.92076301470172e-17,0.00131553462659401,0.000120902739984565,0.000131746740881682,0.000282480348305488,0.000508183246528858,0.000911246735230882,0.000954825662027911,0.000960095752100856,0.00290150932753581,1.54891414456735e-17,0.000269334146188942,0.00017791698976518,0.000574116200690083,2.89042816501993e-14,2.08977773913394e-09,0.00196994472452218
AAGG,0.00196141376701961,0.00704619697233217,0.00493018311862319,2.07598774009535e-17,0.00460869228135499,0.00301397419925752,0.00255548251822139,0.00970457927108083,0.00828001809023978,0.01228719581159,0.0123502378109388,1.54891414456735e-17,1.97572771451783e-17,0.00157770616433527,0.0113168123935552,1.93279664178832e-17,0.000738410204754769,2.13267951881621e-17
AAGT,0.00295654077451907,0.00983433565231715,0.00297575682606105,2.07598774009535e-17,0.00812775280894506,0.000668725050204222,0.00301315748813682,0.00441226467745343,0.000714901316185598,0.00728582625597763,0.0196196399663257,0.00015637055217648,1.97572771451783e-17,0.00121010088083741,0.0124786061390406,1.93279664178832e-17,2.74024161793692e-13,9.07853567912753e-15
AATA,2.04031654190508e-17,0.00240688890054793,0.00653956936265571,0.00410688889735055,0.0199610461274459,1.87530601191061e-17,2.55592284893101e-17,0.00131942598383416,0.00577440658228031,0.0147203702907555,0.00889774744033303,0.0061876316966869,1.97572771451783e-17,0.00187474212696748,0.0067700345829008,0.000121626236363199,8.14383337510919e-15,9.32624978153787e-17
AATC,0.000160193315217512,1.92076301470172e-17,0.0100868478641017,0.00281371975035774,0.00485179254088468,1.87530601191061e-17,8.99735412339434e-14,0.00120647615918498,3.01910873952175e-16,0.00629375626779269,0.00853231558683416,1.54891414456735e-17,1.97572771451783e-17,0.00083910781910321,0.005279799750731,0.00129141245754936,2.43745439874267e-17,7.21263590510079e-13
AATG,0.000550412293767286,2.30332665691956e-17,0.00764584856106472,0.000354397111583962,0.00718894066919827,1.87530601191061e-17,1.67042743521316e-07,0.00243673078343369,0.00436072425308656,0.0078064472128396,0.00545888795543174,0.00142774131141679,1.97572771451783e-17,0.00127537312233181,0.00571096602104492,0.000948726220608537,2.43745439874267e-17,2.13267951881621e-17
AATT,2.04031654190508e-17,1.92076301470172e-17,0.0125649722318444,0.00267910647230321,0.0143446936203969,1.87530601191061e-17,0.00164206553818146,1.91566936013039e-17,0.00545789162590755,0.0143566473047891,0.00766357798662014,0.0121132573705239,1.97572771451783e-17,0.00154902992458859,0.0117178846074993,0.00208711083155376,0.000593682091632738,2.90760646201466e-16
ACAA,0.0107196516264572,0.00216659733441815,2.12608026238155e-17,0.058594141731811,0.0134640898382873,1.87530601191061e-17,2.55592284893101e-17,5.69285900164975e-15,0.00407055357747319,0.0218987268617335,0.00426531998866829,0.0160552544540337,1.97572771451783e-17,0.00153111358809946,2.01278168640698e-17,1.93279664178832e-17,2.43745439874267e-17,2.13267951881621e-17
ACAC,0.0156160584651799,0.00167421333510458,0.000840962085902557,0.0154196218564692,0.00274325094940391,1.87530601191061e-17,0.0128139445848254,0.00440623854774685,0.00704200190678354,0.015819172188838,0.0221051622803226,0.00613912055333508,1.97572771451783e-17,0.00118095825360658,0.00363023363618625,0.00137712607476933,0.000836393739406946,0.00423495195375703
ACAG,0.0246507476766058,1.92076301470172e-17,2.12608026238155e-17,0.0171527096378225,0.000576397934074739,1.87530601191061e-17,0.0100299006690531,0.00562179083397826,0.0211892866224366,0.0136185375070911,0.0075594991082546,0.00904690034528565,1.97572771451783e-17,1.76309581567065e-17,2.01278168640698e-17,1.93279664178832e-17,2.43745439874267e-17,2.13267951881621e-17
ACAT,0.0124373694516655,1.92076301470172e-17,0.000362542690490968,0.0162172769983124,0.00592049703995205,1.87530601191061e-17,0.00794986829779576,1.91566936013039e-17,0.0155136136917901,0.0134337203667104,0.00381537810167035,0.0187293736482829,1.97572771451783e-17,5.35831904779714e-05,2.01278168640698e-17,0.000990090215144497,0.000996517745909028,2.13267951881621e-17
ACCA,2.31267674287687e-14,0.00298833745792736,2.12608026238155e-17,0.0372378384117395,0.00310707194185773,0.00473908881747306,0.0114401902425377,0.0105702111971822,2.17341607989567e-17,0.0296762116966839,0.00721090547967731,0.00662656881580244,0.0135166775738153,0.000231838241010395,2.01278168640698e-17,0.00174394770678599,2.43745439874267e-17,0.00123087678827524
ACCC,0.00440650804238412,0.00180164492675718,0.000913678233415438,0.00630259536128388,1.59289359765332e-17,0.0200434878778279,0.0242796636798718,0.00998121799951358,2.17341607989567e-17,0.027182507863624,0.0253805178570469,1.54891414456735e-17,1.97572771451783e-17,1.76309581567065e-17,0.00906004078854379,0.000720091910371827,2.43745439874267e-17,9.40622274116023e-12
ACCG,0.00122080589639225,1.92076301470172e-17,1.05241272623894e-08,2.07598774009535e-17,0.00303946716696063,0.00302550600916634,0.0336199670983202,0.0112309013279652,0.00537211793174992,0.0281654161048639,0.0150397894926806,0.00200827936582675,0.00125573304882747,0.00145411209644449,0.00317385578934824,0.00529942566688075,2.43745439874267e-17,0.00397106980689941
ACCT,8.76905853984767e-17,0.00383687151847988,2.12608026238155e-17,0.00556438438266527,1.59289359765332e-17,0.00306065457278459,0.0289630506310447,0.00803633128561099,0.00261898815895774,0.0345930172240929,0.0111271250951732,0.0221433802062114,0.0171621969511793,1.76309581567065e-17,0.0067712294118325,4.91428603566882e-11,0.00663110832117343,0.00127906264875854
ACGA,0.00483586926978539,0.00105602781371233,2.12608026238155e-17,0.00765010090599447,1.59289359765332e-17,0.0104675385722704,0.0159676462537855,0.00964124545140833,2.17341607989567e-17,0.0356749083948924,0.00839739858506511,0.018007075446396,0.000527761388449581,0.0022120157984529,0.000362696190793653,1.34328593578973e-09,2.43745439874267e-17,2.13267951881621e-17
ACGC,0.00100412117293356,1.92076301470172e-17,0.000183294650138396,7.79787523639322e-08,1.59289359765332e-17,1.87530601191061e-17,0.0117895621892581,0.00154658890230643,1.39744792117299e-14,0.00253399614482496,0.00265552833337818,6.19210848749519e-13,1.97572771451783e-17,0.000247554110326211,0.000190267833003948,0.000727456335268411,0.00104748897119587,0.0011718401929038
ACGG,0.00504559760947212,0.00309721019884575,0.00101724949780761,2.07598774009535e-17,1.59289359765332e-17,0.0049196848953444,0.031657945404852,0.0198955826333844,0.0106118872853582,0.0295728505732976,0.0107902739277632,0.00140752178007502,1.97572771451783e-17,0.000896252506121116,2.01278168640698e-17,0.00518301475889697,2.43745439874267e-17,0.00664400721280099
ACGT,0.00752978755778685,0.00154151353301795,7.75694397625177e-05,0.00248603526894791,1.59289359765332e-17,0.000238230539884474,0.0217254252229779,0.00535162723026929,0.0012659680836327,0.0222935867085151,0.0129377196689717,0.0133887951302439,1.97572771451783e-17,0.000281089548340084,0.00924665982933842,2.61018314092454e-05,2.43745439874267e-17,0.00265588270351784
ACTA,0.00198280593878052,0.00417631058877976,2.12608026238155e-17,0.00696220582329137,0.00745856364565952,0.00360861942277394,2.55592284893101e-17,0.00170689737562161,2.17341607989567e-17,0.0161789032249014,0.0065331037068883,0.0220610063937945,0.0079363702428496,0.000914919433218657,2.01278168640698e-17,1.93279664178832e-17,0.0110464561614622,0.000989208433956329
ACTC,0.0101248600765603,0.00403252727680715,0.00339497001804243,0.00232515406836633,1.59289359765332e-17,3.86496982308258e-17,0.0155748946747195,0.00266129812955856,2.17341607989567e-17,0.0181317427718742,0.0211712933325468,0.0033525832645505,0.00151415172788658,1.76309581567065e-17,0.0133290678498355,3.69515268383107e-17,0.0117502915318373,2.13267951881621e-17
ACTG,0.00680484193943656,0.00160974608364554,0.00107365265463144,2.07598774009535e-17,0.000899327755729116,0.00177996394911166,0.010296386652608,0.004797815423446,0.00715763285108917,0.0144809264931977,0.00799404779559411,0.0116816462761826,0.00240632359342828,0.000482926712491018,3.41832580551096e-05,0.00193090267836524,0.00638310269544335,0.00242013215913805
ACTT,0.00516357172013035,0.000589969676777822,2.12608026238155e-17,0.00357381872517661,1.59289359765332e-17,1.87530601191061e-17,0.0107178641494406,1.91566936013039e-17,0.00433057908412834,0.0247078962238244,0.00685483819696774,0.0505881502644857,0.0069185459270475,0.00010022510023894,0.000604116684497785,0.00173044028760025,0.0148005711526337,2.13267951881621e-17
AGAA,0.0110250642272866,0.0180645790285483,2.12608026238155e-17,0.00213558931945971,0.00934820619238308,9.0685449862494e-10,2.55592284893101e-17,1.91566936013039e-17,0.00877072842490255,0.0108140537365405,0.0135115302203471,0.00951457454790381,1.97572771451783e-17,0.00801403097642511,0.00620489733427116,1.93279664178832e-17,2.43745439874267e-17,2.13267951881621e-17
AGAC,0.009474964350757,0.0114773370802835,0.00190542817592588,7.6156648164708e-15,0.00250212234005106,0.00458620800049515,0.00114302745664962,0.000467914730229602,0.00505681750722883,0.00475769019959841,0.0233176117458612,5.29686419380462e-05,1.97572771451783e-17,0.00145767153189695,0.00756298903173592,0.000489615017626408,0.00187936058699931,0.00180966853416659
AGAG,0.0162928250939891,0.0119633548994004,0.000212424979306205,2.07598774009535e-17,0.00382586891634175,0.000941401619807676,0.00476498350952516,0.000982781861473883,0.0181277182471364,0.00566256517372011,0.0118313663586015,0.00182932515586929,1.97572771451783e-17,0.00234243029871932,0.00475136628018999,1.93279664178832e-17,2.56768170107333e-17,2.13267951881621e-17
AGAT,0.00556817155189039,0.00495055636780416,0.00210562244693307,2.07598774009535e-17,0.002447789880161,1.87530601191061e-17,0.00234011945392147,0.000488761708146357,0.00330122960365448,0.00421040391863681,0.00692091859123816,0.00656469536079592,1.97572771451783e-17,0.000428387074432525,0.00145187573380952,0.000245522401838082,6.93507778783231e-07,2.13267951881621e-17
AGCA,2.04031654190508e-17,0.00269935819016324,2.12608026238155e-17,0.00302936025761415,0.000515697910873955,1.87530601191061e-17,0.00310046180126816,1.91566936013039e-17,2.06415307297358e-11,0.00168365957875905,0.00182704118234635,1.54891414456735e-17,1.94153417878295e-12,4.26731754825903e-10,0.0016895891894338,0.000970374896418239,1.61517171307765e-13,2.13267951881621e-17
AGCC,7.99052034147182e-05,0.0011609428835265,2.12608026238155e-17,0.000305222674999748,1.59289359765332e-17,0.00182433382965812,0.00381111171031964,0.000140327095249986,0.000492605590541201,0.000961875261054117,0.00346002423822818,1.54891414456735e-17,1.97572771451783e-17,0.000295200686492008,0.00201280097210349,0.000904723208550928,0.000882894706989131,2.05308944813718e-09
AGCG,2.04031654190508e-17,0.000576290573248618,6.17208557917379e-05,2.07598774009535e-17,0.000210726983913599,1.18602566502328e-05,0.00464369347480337,5.29086984574279e-05,0.00111458420202052,0.00104234460530412,0.00203108006096834,1.54891414456735e-17,1.97572771451783e-17,0.000694892899100916,0.00164909170132585,1.93279664178832e-17,0.000515804261614485,2.13267951881621e-17
AGCT,2.04031654190508e-17,0.0019021716345366,2.12608026238155e-17,2.07598774009535e-17,1.59289359765332e-17,1.87530601191061e-17,0.00335666196212922,0.00020368541737872,3.3349045119507e-16,0.00112901361782472,0.0017897931265788,0.000775134056085899,1.97572771451783e-17,2.28245170614705e-05,0.00190616278340155,0.000830670196744509,0.000946113299350928,2.13267951881621e-17
AGGA,0.00229918302655472,0.0241920894325284,0.00182923095245578,2.07598774009535e-17,0.00150410879070494,0.00496907643834492,0.00329345217897072,0.00522273741293024,0.0118077355701751,0.0210219896974064,0.012729489586082,0.00437035195385004,0.000290379592576367,0.00647642639726068,0.0117140217775067,0.00229887221408651,2.43745439874267e-17,2.13267951881621e-17
AGGC,0.000733654630138992,0.0014627374994105,0.000281327251300018,2.07598774009535e-17,8.02433918081945e-13,0.00142194788966729,0.0036222389883559,0.000337849395907751,0.00203175552410001,0.000519731576105855,0.00285563105066719,1.54891414456735e-17,1.97572771451783e-17,0.000402947575260864,0.00138933339277865,1.93279664178832e-17,0.00023942890860677,0.00230627112027449
AGGG,0.00216046513982613,0.0181222946877225,0.00139278665467955,2.07598774009535e-17,0.000548800822582803,0.0080197309293571,0.00720325399077926,0.00718032426879226,0.013017070891888,0.0123695481991806,0.00910512897529354,1.54891414456735e-17,1.97572771451783e-17,0.00376715387638118,0.00550335588348836,1.93279664178832e-17,2.43745439874267e-17,6.63085173701103e-17
AGGT,0.00433908499961077,0.0203127796845149,0.000864732029740482,2.07598774009535e-17,0.00173947442204803,0.00322096151485266,0.00666969409138672,0.0051980219038598,0.00425434454993018,0.00845429418321658,0.0152683208099832,0.00290910555755076,1.97572771451783e-17,0.00125470650526459,0.00980082984419578,4.15558201035554e-07,2.43745439874267e-17,2.13267951881621e-17
AGTA,0.00193693881324029,0.0170770140866317,1.01091159221878e-07,0.00326552454422213,0.00915597526395472,0.00134471503482598,2.55592284893101e-17,0.00218151564019678,0.000473428550437967,0.0110641781666882,0.0122870591709791,0.00961286228633337,0.00208729278068002,0.00305440100107299,0.00695620599532629,1.93279664178832e-17,1.38368611162899e-07,0.00219924929921279
AGTC,0.00399477563693139,0.00981334710038945,0.00528461023451425,0.0010998978275476,0.00154114235433207,0.0024518581473539,0.00150423927194538,0.00152085052320208,0.00235138726701534,0.00585529220386501,0.0204088888202845,0.00113991722245765,5.43719567111241e-15,0.00133819198328818,0.011048360086692,0.000684481510847876,2.43745439874267e-17,0.00555104922576087
AGTG,0.00389861675739625,0.0117158903686875,0.00206471588302376,2.07598774009535e-17,0.00242866120109017,0.000466994531862983,0.00549213041677587,0.00293667852129079,0.00651698353412017,0.00728067983675866,0.0106021436237514,0.00438695137003157,3.50551263932931e-06,0.00291269323912353,0.00714358176601092,1.93279664178832e-17,9.3161531556733e-17,0.00259322766989906
AGTT,0.00221637992906082,0.0132424344128075,0.00152538854419185,2.39955121398941e-06,0.00376261731610107,0.000757407928668917,2.55592284893101e-17,0.00074304297030977,0.00033037083241663,0.0097529493511634,0.00981943356012528,0.0137252235000432,0.000967782954131485,0.000498451641715067,0.00795718029799904,1.93279664178832e-17,2.43745439874267e-17,3.73371219107345e-11
ATAA,0.0078118624088773,0.000829401659861275,2.12608026238155e-17,0.00696627289780585,0.0279011926939337,0.00135943888465712,0.00390990042742393,0.00486253089390762,0.00464611347678462,0.0140012147312232,0.0035711389322184,0.0134143518143023,1.97572771451783e-17,0.00258280400192004,2.01278168640698e-17,1.93279664178832e-17,0.000168446241609408,2.13267951881621e-17
ATAC,0.00628068624341321,0.000530115200231074,0.000294401048327366,0.00157034311160831,0.00641600288957094,1.87530601191061e-17,0.00462610592444519,0.0083116395870333,2.17341607989567e-17,0.0101922066435705,0.0103950411788476,0.00492584922619035,1.97572771451783e-17,0.000168579908276861,2.01278168640698e-17,4.3578556896475e-05,2.43745439874267e-17,2.13267951881621e-17
ATAG,0.0104559185488391,0.00120326361196795,2.12608026238155e-17,2.07598774009535e-17,0.00748755926460202,1.87530601191061e-17,0.00513059809171829,0.00785611387976594,0.00195562251390649,0.00628389470349144,0.00370225594348185,0.00369512655812283,1.97572771451783e-17,1.76309581567065e-17,2.01278168640698e-17,1.93279664178832e-17,2.43745439874267e-17,2.13267951881621e-17
ATAT,0.00655728269727427,0.00304421403815756,2.12608026238155e-17,2.07598774009535e-17,0.0163590136669116,1.87530601191061e-17,0.0036955289042924,0.00355574178964767,0.0105555884705304,0.0109841094047123,0.00191571746943892,0.0145637896018954,1.97572771451783e-17,0.000274566519448444,2.01278168640698e-17,0.000292063718080949,2.43745439874267e-17,2.13267951881621e-17
ATCA,0.000754423781985376,1.92076301470172e-17,0.00104039341828161,0.012990783148253,0.0117213752329055,0.00311631536376899,0.000472176226650321,0.00677715545892542,0.00105914511596718,0.0130548731696655,0.000515004095522763,0.00389102508023557,1.97572771451783e-17,0.00016316811933369,0.0024718039505685,1.93279664178832e-17,0.00224236788639796,1.1972463186241e-10
ATCC,1.32900416671964e-13,1.92076301470172e-17,0.00250431153696517,7.01647419016613e-07,0.0035343918895459,0.000898517795873938,0.00780597911962331,0.00889776684927234,2.17341607989567e-17,0.0116801752018252,0.00557063672186647,1.10458871351354e-06,0.00131665618223793,8.09446368909921e-05,0.00783980768694707,0.000870026024323029,2.43745439874267e-17,0.000124945753134662
ATCG,2.24436836839265e-15,1.92076301470172e-17,0.00149460425069557,2.07598774009535e-17,0.00513008734975746,0.000862201261105327,0.00590798390453009,0.00771072280217264,2.17341607989567e-17,0.00920450329155203,0.00285282534936298,9.60114507628683e-12,0.00222583886167074,0.000245427205425863,0.00488349221310573,1.93279664178832e-17,0.000448881888796141,0.000675468282023177
ATCT,2.04031654190508e-17,1.92076301470172e-17,2.12608026238155e-17,2.07598774009535e-17,0.00360210647287394,0.0024106066895748,0.00356357199524516,0.00426505866828221,0.00188052170280511,0.0225648748333985,1.47943187713041e-17,0.0239706483636417,1.57421584558987e-10,1.76309581567065e-17,0.0046325006400369,0.00213890153082822,0.00335563507050312,2.13267951881621e-17
ATGA,0.00277357780376367,1.88329741322767e-13,2.12608026238155e-17,0.0033228881999395,0.0131244233901855,0.0047628566816547,0.00367644979438622,0.014059533680908,2.17341607989567e-17,0.0188959522294462,1.47943187713041e-17,0.0110125322299101,1.97572771451783e-17,0.00177534904509023,5.8404553581257e-12,1.93279664178832e-17,1.58832306986991e-05,2.13267951881621e-17
ATGC,0.000333455596110435,3.93725051089573e-08,7.86664866244864e-05,8.93561952063999e-17,2.68306068691676e-05,1.87530601191061e-17,0.00272780676589468,0.00292064588022778,5.21071942321191e-17,0.0020062395251835,0.00114981548541461,0.000610174764675476,1.71008112623747e-10,0.000136665825025417,2.01278168640698e-17,1.93279664178832e-17,4.72642116558641e-05,0.000534068421779872
ATGG,0.00200869631112439,0.000929373258682274,0.00138887716817975,2.07598774009535e-17,0.00238650730894927,1.87530601191061e-17,0.0133799681579375,0.0164151753893849,2.17341607989567e-17,0.0117390694233089,1.47943187713041e-17,0.00355379294181533,1.97572771451783e-17,0.000800171338449026,5.35784952991296e-08,0.00257322970896836,0.000946173001486066,2.13267951881621e-17
ATGT,0.00324929017084106,0.0031403729694797,0.000524115332092198,1.47541740917131e-06,0.00745053068004775,1.80973308179563e-14,0.0068908486154836,0.0100647126257344,0.0051998127343786,0.0151620318103337,0.00319790269639572,0.0141408813131096,2.45966720375414e-15,0.000799453194792981,0.00749177753683721,2.29737181243275e-05,2.43745439874267e-17,1.26179189296744e-16
ATTA,0.000595762865032586,1.92076301470172e-17,0.00306490953517935,0.00129233096511246,0.0186345746132219,0.00166342699206855,0.000820568524871182,0.00166163307059679,0.00125664753423531,0.0130874577335989,0.000609211332898134,0.0147221546288237,1.97572771451783e-17,0.000765285654952754,0.00587050553586704,1.93279664178832e-17,0.0037693633393223,0.000585336873756647
ATTC,0.00235510906736559,1.92076301470172e-17,0.0108666641746255,0.00368398699400232,0.00294593761134302,1.87530601191061e-17,2.55592284893101e-17,0.00517225332420878,2.17341607989567e-17,0.00955070237331166,0.00671735781638742,0.00402188963055407,0.000197190611456159,1.76309581567065e-17,0.0136147189159564,1.93279664178832e-17,2.43745439874267e-17,2.13267951881621e-17
ATTG,0.00180754495976234,1.92076301470172e-17,0.00475347371489643,2.07598774009535e-17,0.00469077687683713,1.87530601191061e-17,0.000511363313094051,0.00524022521386889,0.00495961401415593,0.00782566609023276,0.00067460615089968,0.00638201949721998,1.97572771451783e-17,0.00017619181371516,0.00333569142761568,1.93279664178832e-17,1.4857635007502e-11,0.00154367696848347
ATTT,2.04031654190508e-17,1.92076301470172e-17,0.0120533800976253,2.07598774009535e-17,0.0173319211697556,0.000536993972883393,2.55592284893101e-17,1.91566936013039e-17,0.00913777506711485,0.0212392523882936,1.47943187713041e-17,0.032146289850567,1.97572771451783e-17,0.000692680150773644,0.0158747153564387,1.93279664178832e-17,0.000919302220052601,0.00693122433635434
CAAA,6.60621699098037e-05,1.92076301470172e-17,0.00290138304920054,0.00315173382217107,0.00301161832138667,1.87530601191061e-17,2.55592284893101e-17,0.0011798167876723,0.000696830237523611,0.000580619683391337,0.00828398219110212,1.54891414456735e-17,0.000324945660273162,0.0147970658741206,2.01278168640698e-17,1.93279664178832e-17,2.43745439874267e-17,0.0318955757856002
CAAC,2.04031654190508e-17,1.92076301470172e-17,0.00509951657537031,0.00126372177085423,0.000299765394071599,0.00119752259983658,2.55592284893101e-17,0.00106640900192309,0.00236199565673553,1.90828912043126e-17,0.00490784570918298,0.000107113988023533,0.000357539907607166,0.00179850922107838,2.01278168640698e-17,0.000126430137693266,0.00164461887713834,0.0233832464553662
CAAG,0.000619441969614604,0.000244368238086576,0.00440421687881591,0.00156322726091928,0.000252092991802236,0.00139262869411112,2.55592284893101e-17,0.0013138393503864,0.0058279991602921,1.90828912043126e-17,0.00358284180526567,2.94890982255007e-17,0.00111720127645725,0.00459327941899471,2.01278168640698e-17,9.67596804175017e-05,0.00171318806825277,0.026412412650162
CAAT,2.04031654190508e-17,1.92076301470172e-17,0.0030618057391939,0.000703920083590637,0.000931432121773864,0.000495131972189545,2.55592284893101e-17,0.000506496731049798,2.17341607989567e-17,1.90828912043126e-17,0.0044387348678922,0.000131929746014859,0.000834501191801721,0.00210771699159814,2.01278168640698e-17,1.93279664178832e-17,0.00240996973170137,0.0188497784343922
CACA,2.04031654190508e-17,0.00012364283043153,0.00449086024108359,0.00526695195975027,0.00065753899375819,0.00317732303703522,1.37097819602538e-08,0.0020700101535001,0.00388918299652904,0.000168792266838572,0.00350804420233524,0.000709862248410109,0.000321812481555679,0.00158852456909164,2.01278168640698e-17,0.000889631555978234,0.00687008349938334,0.0137138318903491
CACC,1.70840635351728e-11,0.00121340974227559,0.00712996448654929,0.00350815527205695,0.000581083439332462,0.00328919344092243,0.00899249030914869,0.00262453551101697,0.00401900149889685,5.06034136557397e-10,0.00466961767003123,1.54891414456735e-17,1.97572771451783e-17,0.000882483596579582,2.01278168640698e-17,0.000235930645544546,0.00621680725217706,0.0104193074057357
CACG,2.04031654190508e-17,0.000226666889389972,0.00552320202049666,0.00270868332695408,0.000287319519529006,0.00262162539594959,0.00282399218072628,0.00212606794149008,0.00384837796050814,1.90828912043126e-17,0.00234074794884908,1.54891414456735e-17,1.97572771451783e-17,0.00114601962226257,0.000304514074607332,0.000627221207994169,0.00685092617920386,0.00744462523852241
CACT,0.000176369230585059,0.00178432237596547,0.00318936559977742,0.00335072049560399,0.000673784536579141,0.00125844943787832,0.00558914233696718,0.00183951111800007,2.17341607989567e-17,0.00024610195585601,0.0047488302184224,0.000752178628102,1.97572771451783e-17,0.000992619463922219,0.000281791656189635,0.00038747789583937,0.0130354959150813,0.00517089640339743
CAGA,0.000255231078343971,0.000421511152331499,0.00265700823373732,0.00389334616746597,0.0011667325636344,0.0043919025449266,2.55592284893101e-17,0.00239595415118648,0.00593850091129074,1.42472521230471e-07,0.0046922578573927,0.000178153569580117,0.000155704558147127,0.00820364220477231,7.90190089008468e-05,1.37268565536216e-09,2.43745439874267e-17,0.0256445003785821
CAGC,2.04031654190508e-17,3.55429486365041e-15,0.0012002889183427,0.000404370548343339,1.59289359765332e-17,0.00139152963043169,2.55592284893101e-17,0.000444881136680854,0.0017105420119584,1.90828912043126e-17,0.00127520175231262,1.54891414456735e-17,2.39175932655036e-09,0.00146892715361889,2.01278168640698e-17,1.93279664178832e-17,0.000247426380838777,0.00995179651006925
CAGG,2.04031654190508e-17,0.00141452147268895,0.00267965750755389,0.00252310745580684,1.59289359765332e-17,0.00387323748589085,0.000723469613058392,0.00265780926426703,0.0065716709385833,1.90828912043126e-17,0.00203949754012258,1.54891414456735e-17,1.97572771451783e-17,0.00371392808028902,6.87722040314046e-05,0.000438384261807449,0.0029353875244227,0.0204271423579456
CAGT,0.000168462429927852,0.00128115030484586,0.00206065961963748,0.00231812397221944,0.000239707575519912,0.00342857997692543,0.00100191490428065,0.0019112537995167,0.00267767623770672,1.90828912043126e-17,0.00466587089556296,0.000596238906982565,1.97572771451783e-17,0.00235775916951695,2.01278168640698e-17,1.93279664178832e-17,0.00355312720501944,0.0193014860766035
CATA,0.000341134608192369,1.92076301470172e-17,0.00608704599946408,0.00497249585248088,0.00265656272582524,0.00131178090786889,2.55592284893101e-17,0.00146655152558801,0.00131890307928801,0.000114109294236004,0.0023366292408457,0.00104301110492342,0.000402992764935518,0.00281580912787265,2.01278168640698e-17,1.93279664178832e-17,0.00400542451306024,0.0139576191620558
CATC,2.04031654190508e-17,1.92076301470172e-17,0.00905870996116751,0.00290117073202083,0.000745774500083309,0.00135816467743132,0.00113421975334504,0.00174356397214412,0.00189153369457475,1.90828912043126e-17,0.00272688592270394,0.000162520819705388,9.27779325397607e-13,0.000584842430922349,2.01278168640698e-17,0.00037384084118331,0.00304727362200645,0.010022095240518
CATG,0.0003706060929979,1.92076301470172e-17,0.00688148578070307,0.00318101375036759,0.000478996156931374,0.0019079164694902,8.9424221303147e-17,0.00193259443330135,0.00215044500292783,1.90828912043126e-17,0.00117386332838068,0.000431863882677785,0.000719223560102072,0.00122122541665971,2.01278168640698e-17,0.000192488452527801,0.00358374084118202,0.00905372213224575
CATT,0.0019453643968493,1.92076301470172e-17,0.00770921769716745,0.00483778423702755,0.00164657800370804,0.000507713350758099,0.00116632958327015,0.000982933194954683,0.00158603726100345,1.90828912043126e-17,0.00308330857547185,0.00272779577821212,1.97572771451783e-17,0.00103105360829151,1.56299252861208e-14,1.93279664178832e-17,0.00663692066255244,0.00544239761695376
CCAA,0.0127612247840094,1.92076301470172e-17,2.12608026238155e-17,0.0206425255468446,0.00403779001386948,0.00340381172360583,2.55592284893101e-17,0.00025823231042539,0.00569703212667872,0.000536064375657208,1.47943187713041e-17,1.54891414456735e-17,0.00494066252777311,0.0149198531464506,0.000960970963617557,0.00144703204139667,0.003025291001773,0.00462871322343206
CCAC,0.0144162029415697,1.92076301470172e-17,0.00336433427872787,0.0093374504831482,1.59289359765332e-17,0.0170870927054998,2.55592284893101e-17,0.00376781329168729,0.0108797537065712,0.000384156417507484,0.00848496112523194,0.00166681464813565,0.00286773415647861,0.00493092953370849,2.01278168640698e-17,1.93279664178832e-17,0.00582182624543893,0.0284262602806505
CCAG,0.0244173674887041,1.92076301470172e-17,2.12608026238155e-17,0.00875878462849897,0.000595438726028803,0.00863147580331741,0.00268541394321651,0.00201348768608306,0.0220789529895765,1.90828912043126e-17,0.00122164391300111,0.000994226715077862,1.97572771451783e-17,0.00461213447414046,2.01278168640698e-17,6.53474725747283e-17,0.00206041208857477,0.00899950476861438
CCAT,0.0156080085182467,1.92076301470172e-17,0.00128830019977652,0.00955408500059675,1.59289359765332e-17,0.0064213998068428,2.55592284893101e-17,0.00148596347823407,0.00393104527777939,7.53436867525306e-05,0.00260933494902022,0.00465706805981103,0.00199636126378364,0.00284219477633799,2.01278168640698e-17,1.93279664178832e-17,0.00636973823997245,0.00938358768823928
CCCA,0.00614424736547076,1.92076301470172e-17,0.00111229054523874,0.02136789724672,0.000756318907204569,0.0348868567389955,2.55592284893101e-17,0.00704598428428342,2.17341607989567e-17,1.90551411199509e-08,1.47943187713041e-17,1.54891414456735e-17,0.00590183583596084,1.76309581567065e-17,0.000565727256922878,0.00046841376145446,0.00286283202987547,4.54322447000859e-12
CCCC,0.00657820139141207,0.00011894784737537,0.00241298415580485,0.00931487041271448,4.45260634242904e-12,0.0366653074653264,0.00458277901789537,0.00606618606738946,2.17341607989567e-17,1.90828912043126e-17,0.00236922976062693,0.00274475400747718,2.50350381444574e-17,6.43243740563341e-05,2.01278168640698e-17,1.93279664178832e-17,0.0109400503210048,0.00155343245824572
CCCG,0.00982031627368841,1.92076301470172e-17,0.00100309568204704,0.00530304760361789,0.000110899692233851,0.025867578642956,0.0120758886117548,0.00604390811624555,0.00502133523807608,1.90828912043126e-17,0.00246683591139942,1.54891414456735e-17,1.97572771451783e-17,0.000809287729378484,0.00125702981037,0.00100323225757625,0.00568028479739077,0.00289774697530241
CCCT,0.0108295989736349,0.00151632781615137,2.12608026238155e-17,0.00694204622759165,1.59289359765332e-17,0.0329708724896375,0.000351675765255841,0.00564019140057413,2.17341607989567e-17,1.72671124809701e-12,0.00399329009200487,0.000210055059066467,0.00741048047656435,2.70886782514587e-09,0.00419607640333242,1.93279664178832e-17,0.0126783541982763,1.84484382513629e-16
CCGA,0.0119997576005448,1.92076301470172e-17,2.12608026238155e-17,0.0100782345262343,0.00477771973034943,0.0287654671102789,0.00647349976404812,0.00750587869175768,0.00410670135722349,0.00100980978918878,0.000195448411238665,1.54891414456735e-17,1.97572771451783e-17,0.0147817506437635,0.000742551880398279,3.32549100584094e-06,0.00273282823689945,0.0029964041112498
CCGC,0.00264453642532072,1.92076301470172e-17,0.000900973715097038,0.00130602553229254,0.000400347351368033,0.0064505823063177,0.00794978489995749,0.00182608472036636,0.00592719118567653,9.00300253664482e-05,2.72869830709269e-05,0.000301003581863137,1.97572771451783e-17,0.00441219203569615,7.87065995936296e-08,0.000472874277362504,0.00241973952796075,0.00696322853551681
CCGG,0.00913134845905148,1.92076301470172e-17,0.000776421176619984,0.00481819862761336,0.000506965615313595,0.0231365232820313,0.00903225427826041,0.00807955331774561,0.0129177722190254,0.000912353873235625,0.000898191883536659,1.54891414456735e-17,1.97572771451783e-17,0.00453514488800452,2.01278168640698e-17,0.00193692454935578,0.00373528829709472,0.00994479844621298
CCGT,0.00980438984542348,1.92076301470172e-17,0.000858990864582503,0.00501573187768275,0.000598413391303121,0.0175393954006668,0.00300009086280762,0.00553811081493418,0.00635469748589283,0.000579157009989579,0.0055692798172831,0.000527459552811124,0.00582932290482849,0.0025908756932619,2.01278168640698e-17,0.000389349791322369,0.00469664573256354,0.0156382461316324
CCTA,0.00722897942557787,1.92076301470172e-17,2.12608026238155e-17,0.00533114483797713,0.0040119864511274,0.0126673200373904,2.55592284893101e-17,0.00243166840843073,2.17341607989567e-17,1.90828912043126e-17,1.47943187713041e-17,1.54891414456735e-17,0.00865314830413961,0.00384882568558331,0.000548746439978281,0.000401060573780099,0.0117394640257449,0.0086723151783602
CCTC,0.0131109398727488,1.92076301470172e-17,0.00591170308828699,0.00324363546837546,1.59289359765332e-17,0.0161179632013948,0.00074390442599103,0.0028151315524026,0.0160447192114452,3.65413566412879e-06,0.00551071405593227,0.0018255590717329,0.00600678281846532,0.000520264242314488,0.00146127577171686,0.00167129017447092,0.014072222770106,0.0162078501626501
CCTG,0.0121232751166612,1.92076301470172e-17,0.000802880469157553,0.00110128071053029,1.59289359765332e-17,0.0104864668205673,2.55592284893101e-17,0.00383582562995808,0.0107698017313334,1.90828912043126e-17,0.00119529460291019,1.54891414456735e-17,0.00601461172173982,0.000737144680421554,0.00156967655625644,0.00175958838660923,0.00792152043186867,0.00866112152411227
CCTT,0.0168923630883148,1.92076301470172e-17,2.12608026238155e-17,0.00223511446802413,8.18007455809622e-08,0.0132954505938589,2.55592284893101e-17,0.00182570975059672,2.17341607989567e-17,1.90828912043126e-17,1.47943187713041e-17,0.00948531856673284,0.0103388664466436,0.00115324723351899,0.0042734961764714,0.00093559920722651,0.0204153855760366,2.13267951881621e-17
CGAA,0.00895161682508778,1.92076301470172e-17,2.12608026238155e-17,0.000410320253619498,0.00307499554051774,1.87530601191061e-17,9.09798480132478e-05,1.91566936013039e-17,0.00939002978626025,0.00198952076494845,0.00324710156794027,0.00124992619718082,0.00095958328184005,0.0350589346570241,0.00225807097538224,3.99672263507512e-06,5.91361282435616e-05,0.0140791477835789
CGAC,0.00545736241829441,0.000331269771622021,0.00708249349695663,0.000840557414671513,1.59289359765332e-17,0.00811129938456859,2.55592284893101e-17,0.000384422895126173,0.0136283015559451,1.90828912043126e-17,0.0105140930997027,1.54891414456735e-17,0.00366529402437644,0.0106997886815457,3.69315864300029e-05,0.000852762569289425,0.0013155009642121,0.0500981091769103
CGAG,0.0142557371748402,1.92076301470172e-17,0.00106797506153328,2.07598774009535e-17,0.000562717178072351,0.00457834213218028,0.000319096223644003,1.91566936013039e-17,0.0256427215613972,1.75991807211764e-08,0.00351949816589269,0.000432577117853598,2.34704639210533e-06,0.0143079085138923,0.00120434170263678,1.93279664178832e-17,9.13747150647461e-05,0.0230716559140021
CGAT,0.00390328581157212,1.92076301470172e-17,0.00214331435951684,2.07598774009535e-17,0.00115568037089608,0.0016391023118073,2.55592284893101e-17,1.91566936013039e-17,0.00362080708955327,0.000517907346874278,0.00277954622669982,0.00210469726012392,0.000196051405409407,0.00540680206448765,2.01278168640698e-17,1.93279664178832e-17,0.00336389373841991,0.0129425103249618
CGCA,0.000579584091682353,0.000160452054672068,0.000167958589770395,0.00116075992816224,1.59289359765332e-17,0.00173078295233017,0.000539880907692912,1.91566936013039e-17,0.00186253692680765,1.90828912043126e-17,0.00121057420315957,1.54891414456735e-17,0.000290209747157915,0.000607922801690495,0.000698349635406046,0.000384870351340462,0.00126970817706964,0.0027115954433005
CGCC,0.000555193129968953,0.000417819359558578,0.00107869256564567,0.000729369929008283,1.22768195879377e-15,0.00526553435189247,0.00274853040739302,0.000103856174657506,0.00184814244896406,1.90828912043126e-17,0.00239914100576095,0.000484060365983152,1.97572771451783e-17,0.00059128909657282,2.01278168640698e-17,0.000157493347487726,0.00229059256229101,0.0070547574707802
CGCG,0.000615668138596878,1.92076301470172e-17,0.000714558651196629,2.07598774009535e-17,4.53621401247538e-10,0.00224043359576079,0.00284528294471245,1.91566936013039e-17,0.00361848426599627,1.90828912043126e-17,0.00147369911343676,1.54891414456735e-17,1.97572771451783e-17,0.000957456231903844,0.000416092104900187,1.93279664178832e-17,0.00307373638325183,0.00505912724085197
CGCT,0.000423419214387987,0.000389720150238996,0.000149471405805653,2.07598774009535e-17,1.59289359765332e-17,0.00133256766683337,0.00123931136095484,4.47577990610714e-05,0.000485949011403486,1.90828912043126e-17,0.00162795271214182,0.000161733908953302,1.97572771451783e-17,0.000269626328935502,0.00045756442893816,1.93279664178832e-17,0.00196048216817265,0.00292591471623075
CGGA,0.00604818509191358,2.12433701408521e-10,2.12608026238155e-17,0.00106167862642761,0.00072898697853095,0.0114835130251734,1.44261313742044e-13,0.00248186125102716,0.0149712505670751,0.00327355572285594,0.00610924734314104,1.54891414456735e-17,0.000825406609125432,0.0210312481094792,0.000628340052208477,0.0033013681021849,2.43745439874267e-17,0.0174113698834538
CGGC,0.000627101279940715,1.92076301470172e-17,0.000968760178005345,0.000536840054052983,1.59289359765332e-17,0.00553267251998335,5.97741924998839e-06,1.91566936013039e-17,0.00764625605916454,1.90828912043126e-17,0.00187132976779077,1.54891414456735e-17,1.97572771451783e-17,0.00559529414436892,0.000610883559460003,0.000420727467817915,0.000343632682824102,0.0150070965008508
CGGG,0.00591989678033862,0.00123771708117771,0.000583488916004553,0.000786768118053616,1.59289359765332e-17,0.0157951700390025,2.55592284893101e-17,0.00291323543839438,0.0165755432193414,0.000426550185292651,0.00414613438223867,1.54891414456735e-17,1.97572771451783e-17,0.00954941904849256,0.00157740397299628,0.00192250204873967,2.43745439874267e-17,0.0230133577158651
CGGT,0.00525642135818502,0.00267212221205093,0.00154736195829202,0.000459263598979884,0.00017435919071505,0.0100783269974933,2.55592284893101e-17,0.00266161774117454,0.00832558216431493,0.000387219489588596,0.00850187314025205,0.000736208464655626,0.00287663932003736,0.00459668633209649,0.00069488011484951,6.46499774689382e-07,0.000548240428630156,0.0258136111249597
CGTA,0.00645347995449537,0.00105653370270543,0.000427385760265641,0.00350134229168287,0.00432404031504891,0.00478741307814254,2.55592284893101e-17,0.0021354768799406,0.00348594944882234,0.000649954838605072,0.00213039686126392,0.00140912123420132,0.00508051014873359,0.00746183192074747,0.00335685123400446,3.00250693126727e-16,0.00320309045329165,0.0115439828850622
CGTC,0.0088864975276423,1.40940588229864e-06,0.00893052822753077,0.00324988826418174,1.59289359765332e-17,0.0112676897627539,0.000202251432611436,0.00155421818593822,0.0129530889929448,1.90828912043126e-17,0.0102427619598001,0.000800496224318982,0.00387688645837864,0.00115441566954148,0.00211993061292823,0.000805233426563381,0.000514055831986736,0.0192545745250651
CGTG,0.0107811245010301,1.92076301470172e-17,0.00202432878119218,2.07598774009535e-17,0.000761822058428597,0.00485989398561958,0.000745984169434902,0.00172067635749922,0.0143284517522848,0.000102954732214732,0.00317535618772737,0.000818469735985819,0.00437740772675246,0.00316634800187375,0.0043664761773087,0.00110584953673255,0.00435077821012689,0.00945648281212885
CGTT,0.00993004609110183,0.000508548041870901,0.0010955864948846,0.000754184540004984,0.00254325057798682,0.0041635795948769,2.55592284893101e-17,0.000821726125461744,0.00449669119303092,0.000645046371966856,0.00391186037977359,0.00562716239919859,0.00434111981196365,0.00131110764148731,0.00430440875764363,1.93279664178832e-17,0.00512536770167321,0.00568040441095352
CTAA,0.009052272244809,1.92076301470172e-17,2.12608026238155e-17,0.00119236270886724,0.0110711613740413,1.87530601191061e-17,2.55592284893101e-17,0.00114433820306978,2.17341607989567e-17,1.90828912043126e-17,1.47943187713041e-17,0.00227987353456312,1.97572771451783e-17,0.0153916854889375,0.000218129635936259,1.93279664178832e-17,0.0223010390950795,2.13267951881621e-17
CTAC,0.00877085839539387,0.00186359932180043,0.00197688039104256,1.97154052114931e-05,1.59289359765332e-17,1.87530601191061e-17,0.00444984867364645,0.00392418253127876,0.00424472951624671,1.90828912043126e-17,0.0032332982959645,0.00235553711901057,0.00280974514207631,0.00291008955546992,2.01278168640698e-17,0.00245680151542648,0.0380186274374705,0.011124527227236
CTAG,0.012435588249332,1.92076301470172e-17,2.12608026238155e-17,2.07598774009535e-17,0.00165281820700474,2.59860266391822e-11,0.000770248995324042,0.00334506861871819,0.0105827493016975,1.90828912043126e-17,0.000159664842714276,0.00205012261651122,1.97572771451783e-17,0.00586899137884474,5.73596814970949e-05,1.93279664178832e-17,0.0169731088117429,0.00369809737342763
CTAT,0.00593076237400786,1.92076301470172e-17,0.000147545345002164,2.07598774009535e-17,0.00213463423308015,1.87530601191061e-17,0.00141093601978102,0.00080453223098589,2.17341607989567e-17,0.000182899905960972,0.000137882946883333,0.00464798351761884,2.03481101786855e-12,0.00240932951807865,2.01278168640698e-17,0.000715163159739806,0.0251822959096628,8.21776264351621e-08
CTCA,0.00246832073567324,0.00174163802216486,0.00169547139662434,0.00566694855461179,0.00132106968212263,0.00115120233933007,0.00110365420069757,0.00281158414804966,2.17341607989567e-17,0.000258053506444259,1.47943187713041e-17,0.000888951771685606,0.00107965253429312,0.00080460859906726,0.00125168590683144,0.00134340981839417,0.0404235473265892,2.13267951881621e-17
CTCC,0.00374842738242064,0.00443561305556199,0.00629165610387217,0.00151487571197331,1.59289359765332e-17,0.00302932411729544,0.0158551017684351,0.00409797930725405,0.00565939671812453,0.00137847947960383,0.00162074062046818,1.54891414456735e-17,1.97572771451783e-17,1.76309581567065e-17,0.00257681933567363,0.00380721803071588,0.0562531861836269,1.90345193607816e-05
CTCG,0.00303180238170253,0.000115029907688734,0.00404945364415573,2.07598774009535e-17,0.000289886709284932,0.00113301629372368,0.00743444297339059,0.00328590448252655,0.00656882394048687,2.96779588684665e-05,5.48425701850497e-13,1.54891414456735e-17,1.97572771451783e-17,0.000529023481119184,0.00282169569755605,0.0015021175456995,0.0342401621335925,2.13267951881621e-17
CTCT,0.00793551898902671,0.0025836503462015,2.12608026238155e-17,0.000178229222726358,1.59289359765332e-17,0.00423790349686603,0.00315876902849049,0.00221588253223281,2.17341607989567e-17,1.90828912043126e-17,1.47943187713041e-17,0.00339633553982359,0.00806047960304575,1.76309581567065e-17,0.0111080513661597,0.00151861251851393,0.0597715550898225,2.13267951881621e-17
CTGA,0.00678303695925541,1.92076301470172e-17,2.12608026238155e-17,0.00167246832574161,0.00403761824958453,0.00294555985145716,0.00332671371285012,0.00853257520419112,2.17341607989567e-17,0.000741821927463916,1.47943187713041e-17,0.000444599624529304,0.00425103352799509,0.00921089294639806,0.000630094624228124,1.93279664178832e-17,0.0194283494729762,2.13267951881621e-17
CTGC,0.000797496539764848,0.00010680191698437,0.000722029064758751,2.07598774009535e-17,1.59289359765332e-17,1.87530601191061e-17,0.00238210168189975,0.00226191506613215,0.00390417897779429,1.90828912043126e-17,1.69571195291878e-05,1.54891414456735e-17,1.97572771451783e-17,0.00383917406459575,0.000105152123951647,0.000193889737749856,0.00582282190128552,0.00618954731447846
CTGG,0.00501059519106576,0.000735245464762836,0.000861626431354623,2.07598774009535e-17,0.000580896264663246,0.00262922901282441,0.00466160947793102,0.00896795829304708,0.007833159668247,0.000709589631491809,1.47943187713041e-17,1.54891414456735e-17,4.32700278083152e-07,0.00300294396104655,9.66340131151057e-10,0.00202830457545855,0.0173254110078521,0.00728424574435156
CTGT,0.0069581064037155,0.00294731494330467,2.12608026238155e-17,0.00140835495141474,0.00186472892859287,0.00168294394375573,0.00377043183463433,0.00479036068321599,0.00223641847347862,2.62832632661436e-17,0.00151832706765648,0.00020088332080674,0.00449785367355868,0.0022963319564055,0.00281418054493697,0.00195400097841867,0.0269558376207198,0.005288447530318
CTTA,0.00304918882539206,1.92076301470172e-17,0.00248970557028547,0.000844281691065704,0.00321503915143638,1.87530601191061e-17,2.55592284893101e-17,0.00116672906559477,2.17341607989567e-17,1.90828912043126e-17,1.47943187713041e-17,0.00450224409566307,0.00184803126979366,0.00310319964146198,0.000504907897910062,1.93279664178832e-17,0.0397469384731189,2.13267951881621e-17
CTTC,0.00401881369912594,0.000828270449837435,0.0117178894033635,2.07598774009535e-17,1.59289359765332e-17,1.87530601191061e-17,0.00339206083572767,0.000878633142907791,0.00303053867467474,0.000498800080234356,0.00172644108691803,0.00197302336593608,0.000897870748892767,0.000106984643891734,0.000351439537341711,0.00233858321610353,0.0506271954059196,0.0029843311946856
CTTG,0.0035303763343283,1.92076301470172e-17,0.00428689840163664,2.07598774009535e-17,0.00125653967419769,1.87530601191061e-17,2.55592284893101e-17,0.00214026967597083,0.00230089966328063,1.90828912043126e-17,1.47943187713041e-17,1.54891414456735e-17,0.00141234396389995,0.000445526589283321,0.00103798274321971,8.27064413752545e-05,0.0273513794256013,0.00209229240344463
CTTT,0.00666774664577828,1.29190478031422e-08,0.00534110830407019,2.07598774009535e-17,0.00241220677479899,0.000681603089209303,2.55592284893101e-17,1.91566936013039e-17,2.17341607989567e-17,0.000339755009113465,0.000474864232498732,0.0127983772357237,0.0011699421142334,0.00121956153718767,0.00261982425627242,0.000422005321869631,0.0637884372424846,2.13267951881621e-17
GAAA,0.00330551559288417,0.00680462190804292,0.0189804119961165,0.00127429564651996,0.00518559340947409,0.00238173378752992,2.55592284893101e-17,0.00163196620313143,0.00393902962037679,0.00251937040038098,0.0057298216185954,0.00594728993287447,1.97572771451783e-17,0.013375274832773,0.0106621044148797,1.93279664178832e-17,0.00124023711216702,0.00240169513574408
GAAC,2.04031654190508e-17,2.58105967150249e-06,0.0408398761935957,0.00218691726881537,3.45710838144849e-06,0.00170765728177057,2.55592284893101e-17,0.00238257359101513,0.00195518681140567,1.90828912043126e-17,0.00408962249425693,0.00123535108073966,0.00343103561625047,0.000969255438423275,2.01278168640698e-17,1.99029338436715e-11,0.00587382199853318,0.0127778291182946
GAAG,0.00355532851537546,0.00520657790855685,0.031574734464827,0.0012047773368851,0.00110880147445005,0.00324001542498075,2.55592284893101e-17,0.00267531101125171,0.0106858020424487,1.77139717703833e-15,0.000979823407632259,0.000260635366583563,0.00182840120731256,0.00530792612164153,0.00827639942049813,0.000773063929237951,0.00243249622773,0.00984042692836055
GAAT,0.000212956048174268,1.92076301470172e-17,0.019920123854812,4.71910854066214e-07,0.000843794202168621,0.00139870607215932,3.08788569051289e-07,0.000748859311820294,0.000243710101108032,0.000532785099029999,0.00289606492545906,0.00316515291952012,0.0023466375550896,0.00146598116811433,2.01278168640698e-17,0.000189427469085385,0.00342244588069467,0.0087091297914481
GACA,0.000816811148413431,0.00892132900412125,0.0210932462629285,0.00870498516280545,0.00242700030985462,0.00284899101887064,0.00293019824487795,0.00335009465172038,0.00212644471981651,0.00121657405395922,0.00385770761596701,0.000780857223712011,1.04301437266487e-13,0.00313987709207087,0.0115828387777077,0.000499825033596034,0.00319196994927344,2.13267951881621e-17
GACC,0.000151086295058687,0.00700368165846584,0.0258330958306246,0.00335528850483012,0.000193433234004224,0.00696955389811601,0.00532987713860032,0.00325504005709672,0.00509808194300442,1.90828912043126e-17,0.00564204770080453,1.54891414456735e-17,1.97572771451783e-17,0.000342103865411165,0.00795046791944497,0.000458844337115493,0.0046381405235966,0.000900409199583927
GACG,0.00145165686967069,0.00678919752325279,0.0247221475625265,0.00242998583756445,1.59289359765332e-17,0.0052523998395497,0.00747424649147276,0.00353628999280673,0.00800426692961845,0.000105402687368461,0.00364335083888071,1.54891414456735e-17,1.97572771451783e-17,0.00331407635550848,0.015000704018349,0.00148711088474644,0.00339705578172577,2.13267951881621e-17
GACT,0.000328122828680363,0.00872477334128032,0.0116270897503788,0.000409676655769335,0.00142759504658805,0.0028995128177408,0.00349951966492861,0.00136068165355137,2.17341607989567e-17,0.000754531989344729,0.00563989462109689,0.00165875701707989,1.3779961944837e-10,0.00119105719364672,0.00972639198191782,1.93279664178832e-17,0.0102524285936417,2.13267951881621e-17
GAGA,0.00287839723927157,0.0121132258746884,0.0139759253048224,0.00202586233216232,0.00412893774932164,0.0085323094101134,0.00246504745949197,0.00411191345695602,0.00690150072162937,0.00352409049306456,0.00363428592713771,1.22045533694269e-08,1.97572771451783e-17,0.0111518481294442,0.0138828338800928,1.93279664178832e-17,0.000547212905763563,2.13267951881621e-17
GAGC,2.04031654190508e-17,0.0002612806240571,0.00770293852357532,0.000632912827339903,1.59289359765332e-17,0.00326286418456262,6.6646266631384e-12,0.00088530925695914,0.00307364928427009,0.00010975666163614,0.000168792432683851,7.15312045735919e-13,1.83241629113622e-08,0.00140274056891103,0.00161338060102404,1.39416436213805e-05,0.000891847176979208,0.00693501294159221
GAGG,0.00288945095284575,0.0119022215094673,0.017316116374188,0.00149446929429405,0.00111202130523239,0.00963031205142235,0.00631278603983348,0.00812004522627829,0.0149419287791141,0.00139118094637828,1.47943187713041e-17,1.54891414456735e-17,1.97572771451783e-17,0.00477657684117541,0.0105506318318524,0.000216406580667149,0.00473577708499929,0.00196612703521155
GAGT,0.00129716398951513,0.00857023259855953,0.0150012986479576,0.00153881671251177,0.00152697224969727,0.00808890650111612,2.55592284893101e-17,0.00323684890685726,0.00450254829730759,1.90828912043126e-17,0.00449616626051112,0.00115497551379156,4.1440591296124e-06,0.00198381215604887,0.00665216379271243,1.93279664178832e-17,0.000842069595494959,0.00818960123970194
GATA,2.04031654190508e-17,0.00139131058177568,0.0219258420411535,0.00314540648055792,0.00321063388258815,0.00251173188506684,2.55592284893101e-17,0.00115715147113105,0.000295343675048322,0.00227236818875245,1.47943187713041e-17,0.00465040932605876,0.000855470071818525,0.00264387290694485,0.0055129069886081,7.25359144397299e-15,0.000653487054277448,2.13267951881621e-17
GATC,2.04031654190508e-17,1.92076301470172e-17,0.0264695931382866,0.00191932562085122,0.00150330285274758,0.00118530937507196,0.00120695802725851,0.00129099828362971,2.17341607989567e-17,0.0011048139348071,1.47943187713041e-17,1.54891414456735e-17,1.97572771451783e-17,3.80562671639206e-05,0.00163750222410874,0.000467673564302273,0.00262831022386898,2.13267951881621e-17
GATG,0.000617241258029343,1.92076301470172e-17,0.0295902578566757,0.00176199060441472,0.00146641822023803,0.000872376992222608,0.00469714672542481,0.0023188895269608,2.28324682320864e-08,0.000852009929772036,1.47943187713041e-17,0.00133753000303859,0.0014907383033946,0.00130544817959333,0.00339025364726752,2.9300194217609e-06,0.00106452546419358,2.13267951881621e-17
GATT,2.04031654190508e-17,0.000673885023692929,0.0228665573983845,0.00103232845223554,0.00255680404232552,0.00185142521945358,0.00160134125447932,1.91566936013039e-17,0.000976246420412724,0.00214827264377843,1.47943187713041e-17,0.00613629769474845,5.23809717145621e-05,0.0010224166438299,0.00371118959684792,0.00157920963250054,0.000832810446630133,2.13267951881621e-17
GCAA,0.00249028678187759,7.87174952862516e-14,2.12608026238155e-17,0.00454948053950506,1.59289359765332e-17,0.000462364363177843,0.00474960905312268,1.91566936013039e-17,0.00125887694067306,0.00024934439251251,1.47943187713041e-17,0.0029474707865779,3.49955541401421e-16,0.00129677569436378,2.01278168640698e-17,0.000312894357945282,9.88023691629165e-05,2.13267951881621e-17
GCAC,0.00352728019218833,0.00254491808237753,0.000698215734936662,0.00258315912212952,1.59289359765332e-17,0.00453317426220778,0.00628754563010562,0.00114936737208429,0.00248763159467599,1.77538625538298e-05,0.00143563506843535,0.001465533813686,1.97572771451783e-17,0.000360975201149824,0.00085361786318149,1.93279664178832e-17,0.00138290591477908,2.13267951881621e-17
GCAG,0.00588195475376687,0.000592380550626745,2.12608026238155e-17,0.00168432621453978,1.59289359765332e-17,0.00203037199747658,0.0086697687555958,0.000382288700950107,0.00421346366913946,0.000284741208827484,1.47943187713041e-17,0.00137341860046022,1.97572771451783e-17,0.000467371514052772,2.01278168640698e-17,1.93279664178832e-17,7.66170582213452e-05,2.13267951881621e-17
GCAT,0.00193312233605085,0.000390054983390395,0.000241088784489512,0.00124340865587642,1.59289359765332e-17,0.00184464910938368,0.00214822461395641,5.01985524751082e-05,0.000861664029048797,0.000471885863824574,1.47943187713041e-17,0.00206088469759589,1.97572771451783e-17,0.000118397057166343,5.25499085655508e-11,1.93279664178832e-17,9.44716412718349e-12,0.000106827069322198
GCCA,0.000534465189593322,1.92076301470172e-17,2.3786441829971e-05,0.0039966050867373,1.59289359765332e-17,0.00519621917252048,0.00722759524109827,0.00109041660268712,2.17341607989567e-17,0.000464487954128846,1.47943187713041e-17,0.0018024436613096,9.95877361324689e-15,0.000109565911942518,0.000343042592329971,1.93279664178832e-17,2.43745439874267e-17,2.13267951881621e-17
GCCC,0.000853482857511532,0.00135007359661313,0.000619853370651843,0.00344339297950366,0.000456826295190809,0.0164518579682569,0.0107009757968901,0.00155674523884479,2.17341607989567e-17,1.16308291756467e-06,0.000383750154446332,0.00187783701468997,1.97572771451783e-17,1.76309581567065e-17,0.00144501667750469,1.93279664178832e-17,0.00176865194241378,2.13267951881621e-17
GCCG,0.000774768231933991,1.92076301470172e-17,0.000271618555902997,0.000220458173790186,0.000665908544197938,0.00573279418449168,0.0219960588245271,0.000932385580785316,2.17341607989567e-17,0.0010666899384011,0.00122716410521971,1.54891414456735e-17,1.97572771451783e-17,0.000191466105286557,0.00155373222087869,1.93279664178832e-17,1.92356558928003e-16,2.13267951881621e-17
GCCT,2.04031654190508e-17,0.000452341246036765,2.12608026238155e-17,3.10442913964712e-11,1.59289359765332e-17,0.00300009756616591,0.0130276319764385,8.90001233480567e-05,2.17341607989567e-17,0.00150438115253402,1.47943187713041e-17,0.00307489984526027,1.97572771451783e-17,1.76309581567065e-17,0.000347400968073637,0.000313873706195393,0.00068516340192102,2.13267951881621e-17
GCGA,0.00116164741604608,0.0002998258863897,2.12608026238155e-17,0.00105008867014688,1.59289359765332e-17,0.00414897572528976,0.0144087562128828,0.00105881127779978,2.17341607989567e-17,0.00100564512530755,1.47943187713041e-17,0.00104366932742993,7.32454359713745e-11,0.00132981047745353,0.00113218117475938,7.64421697451211e-09,2.43745439874267e-17,2.13267951881621e-17
GCGC,0.000329069852804854,1.92076301470172e-17,0.000305054137498537,2.07598774009535e-17,0.000411877520702685,0.00158049578546053,0.00789609388970853,0.000295823751787022,0.000875584007619575,1.90828912043126e-17,1.47943187713041e-17,0.000226410396970798,1.97572771451783e-17,0.000422163817320706,0.000157773766107148,4.0071947523054e-05,0.00111290975464753,2.13267951881621e-17
GCGG,0.000947029631567407,0.000683611760317061,0.000158544859675857,2.07598774009535e-17,0.00126973389676922,0.00841277495651662,0.0204415909473943,0.00258932917056527,0.000747295344427774,0.00122732874531787,1.47943187713041e-17,0.000273983976974256,1.97572771451783e-17,0.000620861696981841,0.000627578463648924,7.43910611165705e-17,0.00148333266684707,2.13267951881621e-17
GCGT,0.000521384022576134,0.000821788411004634,0.000356072186267393,0.000439240721228802,1.59289359765332e-17,0.00325489974661129,0.00873112303886734,0.000171136052716611,0.000959528870389985,0.000587180596577814,0.000775689043235955,0.00165893359667589,1.97572771451783e-17,0.000223779573537209,0.000497754205006319,0.000873671027483428,0.00117580223502436,1.73336401502681e-12
GCTA,0.000342090116439854,0.000309097118159234,5.59711046604763e-05,0.00108050126439813,1.59289359765332e-17,0.0010620393868963,0.00410074970290984,0.000320862069875227,2.17341607989567e-17,0.000272019258859012,1.47943187713041e-17,0.00274377021084809,0.000547025852512173,5.87263030675263e-05,0.000152158104549283,0.00041678854642508,0.000352025741078401,2.13267951881621e-17
GCTC,0.00165508469570951,0.00145424606477386,0.00154113366098856,0.000857053031613648,1.59289359765332e-17,0.00349054683282792,0.00703366368494072,0.000414076691226179,0.00066103720988805,1.53804625748269e-05,0.000970663458158901,0.00138652331406495,1.97572771451783e-17,9.6584708480035e-05,0.0013345803379274,0.000355350136047521,0.0022617239453614,8.461611349874e-05
GCTG,0.0012790626202731,0.000630016677539872,0.000411602390862524,2.07598774009535e-17,1.59289359765332e-17,0.00144965430764459,0.00569838352782792,0.000371268790828731,0.00199202358225523,0.00029371388265197,1.47943187713041e-17,0.00128096960230652,5.87210677853564e-11,5.50910936464018e-05,0.000625990347947868,0.000266033869069741,0.00122832377808998,0.000354023579778162
GCTT,0.000263471986580299,0.000694590787850999,0.000358974010384341,0.00027305853476228,1.59289359765332e-17,5.76423089431625e-05,0.00671339881833964,1.91566936013039e-17,2.17341607989567e-17,0.000965901843416134,1.49990979442275e-17,0.00315062255680433,0.000452091908667066,1.76309581567065e-17,0.000213991086756222,0.000663201522302634,0.0011798814097387,2.13267951881621e-17
GGAA,0.00678294346731865,0.0138521409958631,0.00467625027124016,2.07598774009535e-17,0.00080706770969337,0.00447670694772758,0.00580668327969496,1.91566936013039e-17,0.00918619616581899,0.00572670102713423,0.000756477503582896,0.00922381959478527,1.97572771451783e-17,0.0318887100321263,0.00988120484497446,1.93279664178832e-17,0.0017692641547023,0.000201207597467433
GGAC,0.00539837092133072,0.0143085796529646,0.0196184160993845,0.001671274400986,1.59289359765332e-17,0.0162307695307008,0.000976481844943425,0.00168099464532691,0.00929958850679079,0.000638335649357237,0.00858406955598273,0.0022679855018414,4.37009016219225e-17,0.00757314278877362,0.0105164956287693,1.93279664178832e-17,0.00026920724827252,0.0210331476550473
GGAG,0.0145003743134753,0.014454181163267,0.00938030157804805,2.07598774009535e-17,1.59289359765332e-17,0.00980288754149094,0.00627253728064824,8.68334943005207e-05,0.0309788693011806,0.0017561619689111,1.15404095387248e-16,0.00263198524914362,1.97572771451783e-17,0.0148070006497674,0.00923248977642613,8.69917275836439e-07,2.43745439874267e-17,0.0110079248610541
GGAT,0.00322877079878784,0.00526583284431799,0.00824060056706332,2.07598774009535e-17,1.59289359765332e-17,0.00430729273445793,0.00196995539459353,0.00042285122024441,0.000943905280124141,0.00116113466949549,0.000960740749649833,0.00520288119989613,1.4595703324532e-05,0.00398770287347179,0.00239141038540556,3.13542408540793e-05,0.00181138742479822,0.00356273263531629
GGCA,2.04031654190508e-17,0.00292167577090196,0.000904579264563209,0.00136240539582398,0.000192321940706546,0.00299520430446713,0.00268763330521756,1.91566936013039e-17,0.000795810542211699,3.38458022455505e-05,0.000724577238663567,0.000249558705325144,0.000238415241369267,0.000671190618067526,0.0019778317809206,0.000621829383758672,0.000239118664585224,2.13267951881621e-17
GGCC,7.45835644299319e-05,0.00216097990853385,0.00216332433775488,0.000682051338185149,0.00013763248318878,0.00860968206048905,0.00201853459507122,0.000201779820388339,2.17341607989567e-17,1.90828912043126e-17,0.00136480845521314,0.00107761754503555,1.97572771451783e-17,0.000337288361049742,0.000932497948770051,1.93279664178832e-17,0.00177413766530959,0.00300165279397581
GGCG,0.000442193730703993,0.0029176504261737,0.00182363099283845,0.00030578473785186,0.000267612181468226,0.00624037054060462,0.0051262947203477,1.91566936013039e-17,0.00190577666078744,1.90828912043126e-17,0.00115090451623754,1.54891414456735e-17,1.97572771451783e-17,0.00125858974737654,0.00293857240708537,0.000235761079824453,0.00131267681607533,2.13267951881621e-17
GGCT,2.04031654190508e-17,0.0031129218832633,0.000467666937024359,2.86082094100077e-05,1.59289359765332e-17,0.0031432272586055,0.00303037737774725,1.91566936013039e-17,2.17341607989567e-17,0.000154512137714814,0.00154471732514961,0.000266461123593354,0.000465644795686136,0.000451648715391257,0.00181593693504574,0.000446110335434544,0.000871168870830148,0.000522270719401111
GGGA,4.81822337593822e-15,0.0193520315149483,0.00385949763664581,0.00158057620089217,4.23768998066291e-10,0.019263465169841,0.00548658094761754,0.00132359615336004,0.00822109279313182,0.00609257760867882,0.000517725914527161,0.000915381975063128,0.0021359159007247,0.0191349639442448,0.00982955064433176,0.0032789416887255,2.43745439874267e-17,0.0022310180171196
GGGC,1.11768653759998e-09,0.00451399300861801,0.0027113634324592,0.00128908612319504,1.59289359765332e-17,0.0096522296598187,0.00317060794655828,0.000146245844077592,0.00295635554779252,0.000115310727079954,1.47943187713041e-17,0.000273571452557589,1.97572771451783e-17,0.00482593516800939,0.00247452301169099,0.000217384143869397,0.000545850441565386,0.0052702060425914
GGGG,0.00235010356005146,0.0164322899581832,0.00432152792310568,0.00307292962352255,0.000680256306288776,0.0280986627608317,0.00022882994187758,0.00360917808381462,0.0124917640809032,0.000248506748136605,0.000587473179618444,1.54891414456735e-17,1.97572771451783e-17,0.00743591176885042,0.00762921275944752,0.00058892280398221,2.43745439874267e-17,0.00623593838753714
GGGT,0.00173970219770383,0.0200674092901768,0.00654498657209729,0.00192195710504493,0.000226587031242628,0.0258662384094916,0.000598597136366478,0.00257585619946884,0.00102591153358753,1.90828912043126e-17,0.00533026872497589,0.00275383406414008,1.97572771451783e-17,0.00419945255083942,0.00927204362805767,1.93279664178832e-17,0.000431809285480036,0.0030570187668377
GGTA,0.000807056450587267,0.0162531659241944,0.00950045041299426,0.00270886821874275,1.59289359765332e-17,0.00897569182345554,0.00195844101077966,0.0020073777369955,1.45154042011805e-07,0.00150548049628966,0.00174388250427671,0.00659477266445504,0.00197278427375837,0.00741562376517984,0.0115247144148042,1.93279664178832e-17,2.43745439874267e-17,0.00299828654925773
GGTC,0.00251891334827125,0.0131874314085608,0.0250957438692618,0.00149538332181507,1.59289359765332e-17,0.0125995470944835,0.00253339222102217,0.00213212672217229,0.00350901470897657,1.90828912043126e-17,0.0069259808740416,0.00120088337274409,0.00074992927525006,0.00103913574473771,0.0103771396282881,1.93279664178832e-17,2.43745439874267e-17,0.0102929729541725
GGTG,0.00369860181725152,0.0141914190854168,0.0160301000105464,0.00169486730639418,1.59289359765332e-17,0.0118825987060059,0.00387429200249233,0.00213195556881974,0.00758397706054348,0.000970060290445799,0.00167351970805637,0.00250313570568264,0.001012710715657,0.00406872532582995,0.012801709915268,0.00178070859767407,2.43745439874267e-17,0.00106406274462886
GGTT,0.0011217383531261,0.0154479769738162,0.0112945699398937,2.07598774009535e-17,1.59289359765332e-17,0.00682089510039102,0.00376138669221404,0.000822737669654195,4.45176597815533e-05,0.0024381330424019,0.00203824449412283,0.00970348343077556,1.38732205212943e-15,0.00205438604430511,0.0113135539158408,1.93279664178832e-17,2.43745439874267e-17,5.26207615334624e-10
GTAA,0.00901925953422135,0.00952354826969923,2.12608026238155e-17,0.00538608444510405,0.007367667684595,0.00119523326247484,0.00157462489546967,0.0081946905559264,2.17341607989567e-17,0.00218118879731151,1.47943187713041e-17,0.0172924163256844,1.97572771451783e-17,0.0191720661340788,0.00445026394112521,1.93279664178832e-17,2.43745439874267e-17,2.13267951881621e-17
GTAC,0.00604470703135772,0.0128594424302538,0.00511012037111062,2.07598774009535e-17,1.59289359765332e-17,0.00309009720147827,0.00464823501621903,0.0127834485950203,0.00236193759777849,0.0013780433242721,0.00449448339879813,0.00593077120533015,0.000407258425994153,0.00254899321479292,0.00347943486267523,1.93279664178832e-17,2.80943278591381e-05,0.00771668765694106
GTAG,0.0152636926855013,0.0144289918238727,0.00194715269240784,0.000222937862517379,1.59289359765332e-17,0.000285285300436194,0.00836122377399969,0.0135759439823083,0.0139131934278167,0.00165248794275124,4.95238400638392e-12,0.00684081381707275,5.45075701901302e-13,0.00790225731726456,0.00506342172023244,1.93279664178832e-17,2.43745439874267e-17,0.00347979627529493
GTAT,0.00549154024072484,0.00664217996932654,0.00193358619149702,2.07598774009535e-17,0.00169854986353835,0.00104376403909259,0.0014522171649374,0.0045901787588438,0.000869838742850874,0.0013581655462362,0.00135024546848411,0.011206002752855,1.97572771451783e-17,0.00283759478909738,2.01278168640698e-17,1.93279664178832e-17,2.43745439874267e-17,0.00322428876867313
GTCA,0.00139957408464173,0.00592138199597709,0.00418924652538144,0.00921719097442627,0.00129886921217531,0.00623840290344521,0.00247853130966499,0.0097700097581557,2.17341607989567e-17,0.00272927728237369,0.00116223734089164,0.00684063284818282,0.00285679112430453,0.0020077414651004,0.0118848310684082,1.93279664178832e-17,2.88735135295302e-08,2.13267951881621e-17
GTCC,0.00190796289478203,0.0131637789191674,0.0110064284966226,0.00478436128216966,1.59289359765332e-17,0.00822576787130607,0.0135824282338967,0.0121548838093159,0.00443846838199562,0.00237939686465442,0.00394602202572956,1.54891414456735e-17,1.97572771451783e-17,1.29866899814051e-08,0.0225165719111387,0.00120632518293786,0.00180536421072439,4.45705825971858e-10
GTCG,0.00326316107063184,0.0106840052120828,0.0100669909697721,0.00335705671172915,1.59289359765332e-17,0.0065856067432177,0.0177061053364112,0.0112419792799111,0.00379181592650465,0.00163448484800383,0.00330115138190508,1.54891414456735e-17,9.77163326583234e-11,0.00141696939855688,0.0238703265650889,0.00150902412266596,0.000465673677377747,2.13267951881621e-17
GTCT,0.00144030617770304,0.0180446787156692,0.0015894250034772,2.07598774009535e-17,1.59289359765332e-17,0.00717923867532826,0.00289025581340247,0.00527504775929176,2.17341607989567e-17,0.00666956685637888,1.32472442692946e-16,0.0121340164171196,0.00190802030488186,0.00128605642015617,0.0288884618326019,1.93279664178832e-17,0.00348658412079424,2.13267951881621e-17
GTGA,0.00273144475448212,0.0110046152791118,0.00144391682220756,0.00377486360291376,0.00145082494723666,0.0074102276948592,0.0062081159135401,0.0147148443744769,2.17341607989567e-17,0.00521865709173563,1.47943187713041e-17,0.00886390736667562,9.74765664355431e-06,0.0103742162523591,0.00521967984043358,1.93279664178832e-17,8.58515930225269e-10,2.13267951881621e-17
GTGC,0.000223024192915174,0.0033480918388676,0.00178775850688789,2.02689581502224e-07,1.59289359765332e-17,1.87530601191061e-17,0.00482598550371784,0.00509477351850369,0.00165116209954296,0.000811087974512914,0.00059655899300987,1.54891414456735e-17,1.12017916667821e-07,0.00374341344586104,0.000902448702781559,0.000499532703054706,2.43745439874267e-17,0.00654415163287024
GTGG,0.00197380665187114,0.0160858679081264,0.00378085440639595,3.07724909199665e-16,1.59289359765332e-17,0.00765212292345565,0.0165460108671785,0.0207051199673476,0.00616511123745567,0.00502531844928719,1.47943187713041e-17,0.000182363588553017,0.0045888664482905,0.00449649004910458,0.00631507841988161,0.00238964711880949,0.00234338406584124,0.00457070312516533
GTGT,0.00415102562195141,0.0159282729029628,0.00162695007211333,0.00067963923776976,0.00142370704547789,0.003828516167402,0.00423000519811615,0.0101261096060121,2.17341607989567e-17,0.000879407150873119,0.00379486356930348,0.00670515130760562,0.00316717505061886,0.00359883524255011,0.0130577410924096,1.93279664178832e-17,2.43745439874267e-17,2.13267951881621e-17
GTTA,0.000610445544499185,0.0048032034901167,0.00542006344836585,0.000237658473909515,0.00412821095085344,0.0021562496435725,2.55592284893101e-17,0.00323949021927541,2.17341607989567e-17,0.000303543253613628,0.000190592447005569,0.0081423605947435,5.21294009407376e-05,0.00264197685705551,0.00541062688617831,1.93279664178832e-17,0.00143183342155409,0.00213560541117774
GTTC,0.00182558622658988,0.00609592860827219,0.0168267949220078,2.07598774009535e-17,1.59289359765332e-17,1.87530601191061e-17,0.00263273955614384,0.00503986789959857,0.00105063178480316,1.90828912043126e-17,0.00281284963867804,0.00301198974962001,0.00166938413846471,6.40140379140011e-06,0.00670083604471738,0.000418910329983672,0.0016635368140055,0.00144738925668838
GTTG,0.00130755233162774,0.00488827150673624,0.00914771500976571,2.07598774009535e-17,1.96464887359161e-07,0.000641512024312204,0.00149289268471353,0.00484730408506815,0.00336814742907768,1.13261601833303e-07,0.000213316117613115,0.00430565491922954,0.00168966293140386,0.000937554376906,0.00577406483358461,0.000302381791709536,2.43745439874267e-17,0.00160290682785604
GTTT,0.00124247088733987,0.0110875787422165,0.0111412054404623,2.07598774009535e-17,0.000915226334766478,0.00143033519663585,2.55592284893101e-17,0.00252144196024872,2.17341607989567e-17,0.00178037937096234,0.000779377121344409,0.0208165899131216,4.05680724077613e-12,0.00129229035206363,0.0126100734873111,1.93279664178832e-17,0.000555098827912127,1.10769928765757e-11
TAAA,0.00079335074452275,0.00706933171052819,0.001481473745586,0.00429714148001425,0.0129432817900284,2.0245480582925e-15,3.1456028438738e-15,0.00402538448507237,2.17341607989567e-17,1.90828912043126e-17,0.007882587569455,0.00109619023509524,1.97572771451783e-17,0.0173352638862234,0.00226439995340642,1.93279664178832e-17,2.43745439874267e-17,0.012484636945519
TAAC,2.04031654190508e-17,0.00214913256572296,0.00301486850049359,0.000940717919305193,0.0015209790953613,0.00214919578117058,2.55592284893101e-17,0.0029223966291016,1.43625233041262e-16,1.90828912043126e-17,0.00417763678167346,1.54891414456735e-17,0.00177694128032971,0.00175806459621193,2.01278168640698e-17,1.93279664178832e-17,0.00112043387515277,0.0188908958635852
TAAG,0.00125251110187821,0.00457883969692832,0.00306190761304719,0.00124876173274014,0.00275589887458237,0.000951580799891702,2.55592284893101e-17,0.00386383683658306,0.00317430008508804,1.90828912043126e-17,0.00395737857098289,1.54891414456735e-17,0.00328197353355702,0.0050027651178449,0.000553414951924449,1.93279664178832e-17,0.000485603886394616,0.0185242146253778
TAAT,0.000472712886614061,0.00315545628690795,0.00279258534214692,0.00136196233668016,0.00426408603431819,0.00230704863666727,2.55592284893101e-17,0.00241633065984322,2.17341607989567e-17,1.90828912043126e-17,0.00384550886252703,0.00264264447201233,0.00110331110522818,0.00276155781069441,2.01278168640698e-17,1.93279664178832e-17,0.00366158174724038,0.0132320692281692
TACA,2.04031654190508e-17,0.0122849438884703,0.0025535641313232,0.0238456044360919,0.00788379033607896,1.87530601191061e-17,2.93986429210751e-07,0.0116114861789407,0.00151605064812892,0.00351489581764504,0.00151954422070597,0.00203128722249953,0.00404835470753425,0.0020494386633288,2.01278168640698e-17,0.00858208505890312,0.00196494239378307,5.35350551578094e-10
TACC,2.04031654190508e-17,0.00628674319909586,0.00390889566110378,0.00540941137838776,0.0021020263910191,0.00220378575387509,0.00870913174139792,0.0117022637099338,0.00193599245901305,0.000716449725453065,0.00407747742398893,1.54891414456735e-17,0.00425536224113034,0.000581544048270831,0.000851461685633758,0.0036137676459007,0.00500187153046062,0.00301550804282733
TACG,2.04031654190508e-17,0.00703495473954524,0.00337786621298411,0.00523316799959665,0.00206595050979398,9.5406099398501e-05,0.0076501934312658,0.0115918119319474,2.17341607989567e-17,0.00106581411060049,0.00167255821529798,4.82919571239379e-15,0.00501323792102546,0.00128454551263946,0.000320498345209958,0.00541770329854943,0.00346969091728352,1.75902247458325e-09
TACT,2.04031654190508e-17,0.0123197600350423,0.00215321312127051,0.00562518483191896,0.00538340298915179,0.000406210111560492,0.00470395704804341,0.00894522187499769,2.22983628529639e-07,0.000531677278312077,0.00450629168075565,0.00328296040662997,0.00979647545177961,0.00127716418108831,0.00409329848097471,0.00484596287172118,0.0062346001111686,0.00246118880262466
TAGA,0.000816418305668793,0.0135496657341512,0.00154650965481978,0.00659055742653812,0.00771023938753437,0.00093489116591881,0.00380960123489028,0.0102367048954205,0.000197741810230055,0.000607261986684026,0.00188299627657486,0.000662780195414476,1.97572771451783e-17,0.0111029305087681,0.00170825071007049,0.00316801610860036,0.00154428865900012,0.000159151752028658
TAGC,2.04031654190508e-17,0.00104111086230055,0.000738821116153706,0.000980335570882973,2.78339833488159e-05,0.000827967763690666,2.55592284893101e-17,0.0017144195175093,0.00138817766521315,1.90828912043126e-17,0.00022908181644181,0.000126654239262765,0.000260275135587068,0.00133041958506478,3.24340025159414e-05,0.000270258300288006,0.000448756075733239,0.00482358794003852
TAGG,2.04031654190508e-17,0.0093129633836141,0.0031443650385814,0.00299401393977013,0.00265565085004075,0.000513669355831215,0.00789003324965982,0.0115533266311354,0.00211478735669812,0.00105459819990213,1.47943187713041e-17,3.37713214091093e-17,1.97572771451783e-17,0.00345351693740165,2.01278168640698e-17,0.00355495507938604,0.00491495934422854,0.00403923295495059
TAGT,0.000467279574774501,0.00935828505200607,0.00174579801423346,0.00330274207031272,0.00360776379101545,0.00301866555120239,0.00239858578965081,0.00660583478447667,3.57141421606332e-13,1.90828912043126e-17,0.00447120186363167,0.00142078626349554,0.00252521613290936,0.00214406140443318,0.000638156154983695,5.11236027458194e-16,0.00370800135099493,0.00787676677906557
TATA,2.04031654190508e-17,0.0104899803293165,0.00108306606065964,0.00897542672201693,0.0213984826603475,0.000580277886283073,2.55592284893101e-17,0.00569613636769912,0.00114850103061223,0.00366546118070822,1.47943187713041e-17,0.00570736182118804,0.00696293510301191,0.00536006520872776,2.01278168640698e-17,0.00676273963267307,0.00166891325782219,2.13267951881621e-17
TATC,1.67125954018585e-09,0.00246381796955644,0.00451574136728769,0.00514476029552469,0.00491087167845064,0.00128302228596896,0.00240294030889703,0.00573853609519692,0.00193631348842492,0.000954546849905747,0.00114196207739286,0.00116976057264321,0.00368737783572629,0.000393458491418005,2.01278168640698e-17,0.00245274620740745,0.00202004173376281,0.00474823881562206
TATG,2.04031654190508e-17,0.00516152008764305,0.0029939413902577,0.00407445214849166,0.00569154357408311,1.99685619621077e-09,0.00288728735321348,0.00650459274974295,2.17341607989567e-17,0.00131813951333701,1.47943187713041e-17,0.00371845028644002,0.00609578543370129,0.00175112244934543,2.01278168640698e-17,0.00491995986651306,0.000999153278285128,3.859576291602e-08
TATT,2.04031654190508e-17,0.00873743040934526,0.00400613573064153,0.00650888487221544,0.0114543787610293,1.63283564027099e-05,5.47251115635448e-05,0.00255526957401959,0.00500759432255269,0.000765383023859169,1.47943187713041e-17,0.0121554495360904,0.00449560677023119,0.00172278256371753,0.00120999614246165,0.00640823603281844,0.000646876072467037,0.00266791877311689
TCAA,0.00684765707086572,1.92076301470172e-17,2.12608026238155e-17,0.0574216675849897,0.0225567455683272,1.87530601191061e-17,2.55592284893101e-17,1.91566936013039e-17,0.00588693839070675,0.00229174526908631,1.47943187713041e-17,1.54891414456735e-17,0.0260230426938426,0.017746076746985,2.01278168640698e-17,0.0263168733602323,0.00198234243140428,2.13267951881621e-17
TCAC,0.0194753039437701,8.60279172741866e-05,0.00055893284093635,0.0170286349830022,0.00582962828453031,0.00509571815862397,0.00500963059292003,0.0011277710443752,0.00297428454012354,1.90828912043126e-17,0.00532202048932681,0.00387960140413846,6.70296825261092e-15,0.00451544572884772,0.00157631421511718,0.0145743429577147,0.000252854331007515,2.13267951881621e-17
TCAG,0.0260519368104484,1.92076301470172e-17,2.12608026238155e-17,0.0192287135437195,0.0046567919648165,1.87530601191061e-17,0.00110051928890652,1.91566936013039e-17,0.02563873940837,1.90828912043126e-17,1.47943187713041e-17,0.00453743683000809,0.00161939074502662,0.00559006210786982,2.01278168640698e-17,0.0177955776039504,2.43745439874267e-17,2.13267951881621e-17
TCAT,0.0139879487499733,1.92076301470172e-17,2.93016933311964e-11,0.0251660733052743,0.0061144737926557,1.87530601191061e-17,0.000580402971375018,1.91566936013039e-17,0.0045056234643376,0.000284089900423705,1.47943187713041e-17,0.0143997394829086,0.0168431443143668,0.00384188634965075,2.01278168640698e-17,0.0188412567874929,0.0019806969963007,2.13267951881621e-17
TCCA,2.04031654190508e-17,0.00192151645387915,0.00585284509393066,0.059367867328182,1.59289359765332e-17,0.00127534061391849,1.2995358789195e-16,0.00908540031596101,2.17341607989567e-17,0.00381928955060813,1.47943187713041e-17,1.54891414456735e-17,0.0537943514714745,0.00153991888542706,7.66015178320636e-07,0.0612003350699661,2.43745439874267e-17,2.13267951881621e-17
TCCC,0.0110084345678027,1.92076301470172e-17,0.00206000023644222,0.00556981578814926,1.59289359765332e-17,0.0245194849799313,5.24853043874698e-05,0.00898941913055716,0.000680355640595898,1.90828912043126e-17,0.00611666435276642,1.54891414456735e-17,1.97572771451783e-17,2.61392296820349e-15,0.00610088534448529,0.0278832216196962,2.43745439874267e-17,2.13267951881621e-17
TCCG,2.00694282689366e-12,1.92076301470172e-17,0.00341557761241664,2.07598774009535e-17,0.00869323831537768,0.00319589357730676,0.0192777970880818,0.00174587518592872,0.0272038062807032,0.00263490949522171,0.00218750094969736,1.54891414456735e-17,0.00743972050650118,0.00409246903550611,2.01278168640698e-17,0.0597223756179076,2.43745439874267e-17,3.21087448354149e-09
TCCT,0.00206369004370004,0.00495346655853108,0.00242328527485543,0.00783950640638549,1.59289359765332e-17,0.00290257729299213,0.0059812423584565,0.00623471413999561,0.00932402764947409,2.09194527708165e-17,0.00248908899952059,0.0037974857920249,0.0834398284341111,0.00210908781026591,0.0154620944818264,0.0652053644804972,0.00165005163296578,5.63381631013074e-05
TCGA,0.00187171186385962,1.92076301470172e-17,2.12608026238155e-17,0.00312998549256906,0.00734415285653729,0.00922801960620795,0.000219401412309172,0.00337798865258742,0.00286206323316087,0.00621690279947302,1.47943187713041e-17,0.00377556067852448,0.0355180396354621,0.0138644088669664,1.31729294494976e-09,0.0563429952248758,2.43745439874267e-17,2.13267951881621e-17
TCGC,0.00237671296504252,1.92076301470172e-17,0.000343051248975125,0.000182914327753762,1.59289359765332e-17,1.87530601191061e-17,0.00878957247964648,0.00120674499297785,0.00197206985796838,1.90828912043126e-17,1.47943187713041e-17,1.54891414456735e-17,1.97572771451783e-17,0.0035442640444152,0.000734244519857492,0.00623433465564785,0.00227948228971759,2.13267951881621e-17
TCGG,0.00358422872938488,0.00340607968202631,0.00174564656994074,2.07598774009535e-17,0.0019352763782441,0.00356450131975799,0.0265214178443468,0.0128930535788586,0.0152807680353086,0.00845203272462993,1.47943187713041e-17,1.54891414456735e-17,0.00149886323794017,0.00592068610501718,2.01278168640698e-17,0.0424469632818347,0.000352801733878271,2.13267951881621e-17
TCGT,0.00977415421684258,0.00650650679131193,0.00150965016600984,0.00321827592182382,5.15094239267487e-06,0.00571294914284312,0.00661013316578789,0.00409269353057557,0.00685367423844047,0.0028162951836277,0.00317592919860692,0.0123486102545489,0.0173777536701181,0.00462329804974957,0.00759220213582892,0.0367999039265828,0.00136075500860187,2.13267951881621e-17
TCTA,2.04031654190508e-17,1.92076301470172e-17,2.12608026238155e-17,0.0153524294465023,0.0209405224118204,0.00233534788099597,2.55592284893101e-17,0.000852214329789047,0.00440598526158815,1.90828912043126e-17,1.47943187713041e-17,0.00318089548525972,0.0585411595138813,0.00674094044659157,2.01278168640698e-17,0.0375669605490438,0.00569265227079673,2.13267951881621e-17
TCTC,0.0184103962998502,1.92076301470172e-17,0.00331299153242621,0.00413676122452007,2.55035433677738e-10,0.0079799894827581,0.000658822875773207,0.00215202952546279,0.000253040309000968,1.90828912043126e-17,0.00747554798940655,7.90389295928958e-14,0.0384842488377678,6.48941830229442e-08,0.00897563362693604,0.0278224721914761,8.21806998326036e-05,2.13267951881621e-17
TCTG,0.00889785597093885,1.92076301470172e-17,0.00166740123837642,5.45119070478283e-08,0.00550983170295594,1.87530601191061e-17,0.00618997930292722,0.00131401640339894,0.0218216813256679,5.18737242750445e-08,1.47943187713041e-17,0.00599935242364983,0.0338955565160549,0.00248757775526946,2.01278168640698e-17,0.0371096022751737,0.00183367761813203,0.000684214683209534
TCTT,0.0086617521248913,1.92076301470172e-17,0.0023768986835266,0.0107183589508943,0.000426589483576228,1.87530601191061e-17,2.55592284893101e-17,1.91566936013039e-17,2.17341607989567e-17,1.91367248349805e-17,1.47943187713041e-17,0.0384612733203137,0.0921396296136888,0.00313301588134363,2.01278168640698e-17,0.0494985451553413,0.000574880849846192,2.13267951881621e-17
TGAA,0.00202602903213102,0.00301404937873769,2.12608026238155e-17,0.00200713163474468,0.013858241653284,1.87530601191061e-17,5.22421733027842e-09,1.91566936013039e-17,0.00130159664113948,0.0019554259641545,1.47943187713041e-17,0.00863750203637689,1.97572771451783e-17,0.054151638194121,2.01278168640698e-17,0.0104463152801129,2.43745439874267e-17,2.13267951881621e-17
TGAC,0.00523881412557203,0.00883930621714822,0.00191956577967332,0.00318536803754344,0.00128509438659261,0.00185342910206574,0.00178229463513795,0.00324392536597529,0.00118915799804131,1.90828912043126e-17,0.00470049038444943,0.00191352781336283,0.0047300583305002,0.0172614067212414,0.00264011112670544,0.00205411479351459,2.43745439874267e-17,0.0102145496427162
TGAG,0.00905318013387555,0.00821265022941027,2.12608026238155e-17,2.07598774009535e-17,0.00346216817923129,1.87530601191061e-17,2.55592284893101e-17,5.74565181617714e-15,0.016647329939731,1.90828912043126e-17,0.000579169106154492,1.54891414456735e-17,0.00101363958718198,0.0204575185721671,0.00340294562259111,0.00605228005323692,2.43745439874267e-17,0.00130219783733143
TGAT,0.00323589565838246,0.00408899441072894,0.00144756404869551,1.26400903661058e-15,0.00484560464188898,0.000814800563312027,2.55592284893101e-17,0.000235562168071081,0.000165793934991962,1.04663925219815e-14,1.47943187713041e-17,0.0062040887898166,0.00128580199809249,0.0105992616759748,2.01278168640698e-17,0.00258103575630125,0.00195107253708273,9.33086328798972e-14
TGCA,2.04031654190508e-17,0.00404071664234853,9.10652129266548e-13,0.00433777866416448,1.59289359765332e-17,1.87530601191061e-17,0.000832029100347701,1.91566936013039e-17,0.00238510920200459,4.35551161309447e-05,1.47943187713041e-17,0.00172737825661175,8.22212062371588e-06,0.00145708609176306,0.00104662884252928,0.0058693510478675,2.43745439874267e-17,2.13267951881621e-17
TGCC,2.04031654190508e-17,0.00222367402850807,0.000201008733091815,0.000578801203352273,0.000269360263125979,0.00169222432682079,0.00270778982293703,0.000953522002502965,0.00103931859933923,1.90828912043126e-17,0.00101015535986059,5.72641617591064e-05,0.00112277951861429,0.000350153218232466,0.000667497828686678,0.0018723145316582,0.00016722090921503,0.00140018313280807
TGCG,2.04031654190508e-17,0.00206245139784333,1.51706395636847e-09,2.07598774009535e-17,1.59289359765332e-17,1.87530601191061e-17,0.00312068383115675,1.91566936013039e-17,0.00117389434327911,1.90828912043126e-17,0.000793691563860465,1.54891414456735e-17,3.4988312132548e-11,0.00127967290711886,0.00105530085869332,0.00369340680312475,2.43745439874267e-17,2.13267951881621e-17
TGCT,2.04031654190508e-17,0.00217244602183576,5.55230135309728e-08,0.00021881728590754,1.59289359765332e-17,1.87530601191061e-17,0.00252817189484953,2.65081111215183e-13,0.000577615474874392,1.90828912043126e-17,0.000233823195657923,0.0010756970326692,0.0010660194858456,0.000450839971060841,0.0013162690221838,0.00310169866707933,0.000603337408157581,2.13267951881621e-17
TGGA,2.04031654190508e-17,0.0192208991473384,2.12608026238155e-17,2.07598774009535e-17,0.0012926356878472,1.87530601191061e-17,0.00124613638184623,0.00367589730913008,2.17341607989567e-17,0.0067094813369023,0.000547473752658621,0.00463381704086005,1.97572771451783e-17,0.0352043358306439,2.01278168640698e-17,0.0237042636441699,2.43745439874267e-17,2.13267951881621e-17
TGGC,2.04031654190508e-17,0.00217744906638612,0.000175226865872112,0.000952867302141792,1.59289359765332e-17,0.000370425400852291,0.00186041164540166,0.00086269942065401,0.00167398743828015,1.90828912043126e-17,1.47943187713041e-17,1.54891414456735e-17,1.97572771451783e-17,0.00674398230171721,0.000828421087267306,0.00198842413811522,0.000395224063455484,0.00256531616452172
TGGG,2.04031654190508e-17,0.016341290738053,0.000971513625034732,2.07598774009535e-17,0.000484856034469412,0.00107584437464687,0.00949816594719218,0.00659550734343633,0.0147383155066723,0.00469946869865005,1.47943187713041e-17,1.54891414456735e-17,1.97572771451783e-17,0.0143261792349753,2.01278168640698e-17,0.0150227141043594,2.43745439874267e-17,0.00239619694021226
TGGT,0.000622897144643912,0.0194139137433101,0.00115425180714693,0.000624676345741325,4.7779265416999e-12,0.00270200898465033,0.00167956687789711,0.00466914652843,0.00252973197856543,1.90828912043126e-17,0.00313096091047877,0.00711526014304425,2.52293133340347e-08,0.0100385770042923,0.00257045841894191,0.0104275132192387,2.43745439874267e-17,0.00131699062904455
TGTA,2.04031654190508e-17,0.0145264414705837,2.12608026238155e-17,0.00931806858539904,0.00883083532836678,1.87530601191061e-17,2.55592284893101e-17,0.00390189003850269,2.17341607989567e-17,0.00164937306051854,1.47943187713041e-17,0.0154084877551792,0.0204988126108504,0.0217487687615949,1.60870449624912e-07,0.0156167829388537,0.00151016796752771,2.13267951881621e-17
TGTC,0.00488053130201184,0.0121957400265889,0.00219686305812815,0.0021579611690448,1.59289359765332e-17,0.00219450370810683,0.00130884976984188,0.00455827338473324,2.17341607989567e-17,1.90828912043126e-17,0.00640107890851682,0.00149782297879314,0.0148005691123164,0.00364034927601762,0.00699309550931137,0.00676897132164515,2.43745439874267e-17,0.000600563337013845
TGTG,0.00166323735541096,0.00991318498953329,8.94505502489035e-10,6.07208895557715e-08,1.59289359765332e-17,1.87530601191061e-17,2.55592284893101e-17,0.000589355614376736,0.00825210056229441,0.00053003138349357,0.00149340359266696,0.00675676635491071,0.0137055381246223,0.00997820203467331,0.00329608838876379,0.0195181837399438,2.43745439874267e-17,2.4256531127907e-10
TGTT,2.04031654190508e-17,0.0169025194012279,0.00100878186732531,0.00521553646396959,1.12631594422398e-06,1.87530601191061e-17,2.55592284893101e-17,0.00227431216601544,2.17341607989567e-17,1.90828912043126e-17,1.47943187713041e-17,0.0206062482194938,0.0235887098124814,0.00660164839586316,0.00315138943903506,0.0133632321096995,0.00203287884585975,2.13267951881621e-17
TTAA,0.00871683287182181,1.92076301470172e-17,2.12608026238155e-17,0.0151234290796485,0.0381957258343125,1.70792595839633e-14,2.55592284893101e-17,0.00476570637263734,2.17341607989567e-17,1.90828912043126e-17,1.47943187713041e-17,1.54891414456735e-17,0.000169640703801688,0.0124911437887408,0.00443050163736447,1.93279664178832e-17,0.00104164361995753,2.13267951881621e-17
TTAC,0.0116167967647658,0.00110287260593646,0.00129825063613386,0.00581348479231586,0.0129205001586946,3.64269541355745e-12,2.55592284893101e-17,0.00777419430147844,2.17341607989567e-17,1.90828912043126e-17,0.00526196755259336,0.00347755466473222,0.00141352748925779,0.00299659368975084,0.00435691046706272,0.00207490517373842,0.000459147840920329,4.7884525650957e-14
TTAG,0.0125102915977086,0.000323294719931226,2.12608026238155e-17,2.07598774009535e-17,0.0144004881954445,1.87530601191061e-17,2.55592284893101e-17,0.00472642667138441,0.00340629489111153,1.90828912043126e-17,0.00222006615315719,1.54891414456735e-17,1.97572771451783e-17,0.00397687385605218,0.00227628874076531,2.5137312466664e-17,5.80923395091324e-17,2.13267951881621e-17
TTAT,0.00864185358908544,0.00134604617336268,1.63313911525166e-06,0.00435880344477575,0.0243363766634828,1.87530601191061e-17,2.55592284893101e-17,0.00305950556792926,0.00761938241941373,0.00079287990208803,1.47943187713041e-17,0.0133855770794477,0.00328262854498951,0.00371666718523705,2.01278168640698e-17,0.00743276191643741,0.000941161323551288,0.00174622381965624
TTCA,0.001223892931269,1.92076301470172e-17,0.00585540958836528,0.0350193797017381,0.0169654314769786,1.87530601191061e-17,2.55592284893101e-17,0.0191302933248592,2.17341607989567e-17,0.00616504859043365,1.47943187713041e-17,2.19613563163506e-10,0.0270356772442251,0.000606565281639677,0.00960091996963758,0.00895671140885682,0.00503368269921062,2.13267951881621e-17
TTCC,0.00304534665462471,1.44789502824367e-14,0.00948585080950225,0.0064516223446322,0.00369376965880165,0.000917904748433405,0.00955363747768532,0.0184282871922593,2.17341607989567e-17,0.00399378338682238,0.0025629928021564,1.54891414456735e-17,0.0142511073063919,0.000839909868608907,0.0144908317845307,0.0127279302073536,0.00585665183455621,2.13267951881621e-17
TTCG,0.0024852047755323,1.92076301470172e-17,0.00375788385053583,0.000341921752228155,0.00575368215097729,1.87530601191061e-17,0.00516846814299685,0.0129558016280444,2.17341607989567e-17,0.00301579060944236,0.000731116715622004,1.54891414456735e-17,0.00834216950288629,0.000996539678124171,0.00979203243999852,0.012776969435745,0.000438145869501011,2.13267951881621e-17
TTCT,2.04031654190508e-17,1.92076301470172e-17,0.00524610242019106,0.00224775857451838,0.00604619644861786,1.87530601191061e-17,0.000910446499619017,0.01617841877835,2.17341607989567e-17,0.00800197705120114,1.47943187713041e-17,0.0217644081566138,0.0628914643438119,0.000320165193893635,0.0250105150992325,0.0200754055185671,0.000782761225867517,2.13267951881621e-17
TTGA,0.00378859950798095,2.51343183725621e-17,0.000298439380985242,0.00689468746747566,0.023439614926645,0.00256436690692007,2.55592284893101e-17,0.0165626839439061,2.17341607989567e-17,0.00447188933832887,1.47943187713041e-17,0.0021295984552713,0.0126533375451178,0.0082918408775759,0.00159338562067015,0.0135903003166394,2.43745439874267e-17,2.13267951881621e-17
TTGC,0.000841811535204122,1.92076301470172e-17,0.000428474194420689,0.00111881332756937,0.00082976192252694,1.87530601191061e-17,0.00121545780600125,0.00372630674981363,0.000692637263008926,1.90828912043126e-17,6.74728633456361e-07,1.54891414456735e-17,0.000338702890477781,0.00230261401860714,0.000457811825499447,0.00246257637924755,0.00049263402347287,2.13267951881621e-17
TTGG,0.00237293710373686,0.00337956156435726,0.00129043535925535,0.000148972986269686,0.00789041146568854,1.87530601191061e-17,0.00632653105489346,0.0173699315365105,0.00525131805803064,0.00576304880455448,1.47943187713041e-17,7.23372348702024e-05,1.97572771451783e-17,0.00297124258129766,2.01278168640698e-17,0.0148099562079453,2.43745439874267e-17,2.13267951881621e-17
TTGT,0.00673619187033157,0.00892823369473506,0.00236327903374441,0.00302557388840262,0.0159441068037457,0.000386014938135079,2.55592284893101e-17,0.0146626032106619,5.16478041029079e-07,0.0012481010693659,9.59493532716523e-05,0.00943060233077199,0.0138867763611824,0.00379868058401183,0.0123286341353697,0.0125630763903832,2.43745439874267e-17,1.88355870374282e-10
TTTA,0.00359677577257575,1.92076301470172e-17,0.000961766104114184,0.0114588391282972,0.0492959833725322,1.87530601191061e-17,2.55592284893101e-17,0.00580315522586553,2.17341607989567e-17,1.6898754939167e-11,1.47943187713041e-17,1.54891414456735e-17,0.0115597540467878,0.00404362914206297,0.0124785393645894,6.40600168123215e-15,0.00609470790332714,2.13267951881621e-17
TTTC,0.0069942492054419,1.92076301470172e-17,0.00979019275037792,0.00556434597322453,0.00919944867254034,1.87530601191061e-17,2.55592284893101e-17,0.00896766714103722,2.17341607989567e-17,1.74291117344736e-11,0.00434390509275034,0.00216166973411492,0.0136096560245714,1.76309581567065e-17,0.0119157152504726,0.00238595258988942,0.00287472687618462,2.13267951881621e-17
TTTG,0.00433807318922521,0.000297266791330697,0.00384630083663288,0.000963176259597272,0.0164859371847925,1.87530601191061e-17,2.55592284893101e-17,0.00749091528459691,1.92780184060509e-11,1.90828912043126e-17,0.00143694213515213,0.00136456108253714,0.0110331214012555,0.000728851111413303,0.00673499340387844,0.00644525459948571,0.00128603467713651,3.5398774815648e-08
TTTT,0.00724179510122432,1.92076301470172e-17,0.0077303267441424,0.00458968699281747,0.0413365740546446,1.87530601191061e-17,2.55592284893101e-17,0.00379490464446964,2.17341607989567e-17,0.000904914939463812,0.000738096279064346,0.0195567970889149,0.0079258412932633,1.76309581567065e-17,0.0287534660874711,1.93279664178832e-17,0.00102167053382351,2.13267951881621e-17
