,Sig1,Sig2,Sig3,Sig4,Sig5,Sig6,Sig7,Sig8,Sig9,Sig10,Sig11,Sig12,Sig13,Sig14,Sig15,Sig16,Sig17
AAAA,2.1334063451525626e-05,0.008382369222862772,0.0012372689842228128,0.00020839523130181158,1.2778811134784655e-06,0.02348388134004543,0.014624859870199744,0.013497159623293816,0.005357537251922921,0.0035262689422821316,0.0011202820628662292,0.0029584351366296964,0.004126534023344407,0.010555785397787499,0.00851257788744535,0.003661269308236016,0.012051314991915496
AAAC,0.002475512355850448,0.005069314893466853,0.0017721719521023229,0.0006336435376563339,0.0021564077657932933,0.00639746847135971,0.004394498537427528,0.0014329377436032885,0.00292858015112875,0.0014870465471419204,0.0006447876197672811,0.0016605867092218496,0.002776184646842992,0.0030885030624292573,0.0035647279689596427,0.0025737263019754543,0.004739126491666105
AAAG,0.0003729114501821648,0.010648082523010544,0.005045417352736799,0.004055584710999243,0.003411816807551181,0.010469047825719233,0.00782422037529536,0.002456184277724705,7.107884533077853e-05,0.004619428495658431,0.001992603457128686,0.0049988057395228165,0.002134629222618218,0.005974053268523398,0.004640710287481724,0.0041364946586958185,0.006547158614015534
AAAT,0.004571960482240677,0.006898495193400289,0.0015102479791399737,0.0011113660444066434,0.0019795484348081147,0.012908442003811096,0.008260208170795246,0.004428659158525278,0.003630440143905814,0.003237128192122197,0.0002123010983742247,0.0015803680684202024,0.0032110295096599794,0.004075872816596467,0.005215580018362748,0.0027738801056143014,0.005924676645685456
AACA,0.005017493870673437,0.004706158225606688,0.0018390685846493338,1.3524322370057994e-05,0.003066969599779201,0.006484308997239931,0.004291492521206098,0.0007799701906598161,0.0021540820602827956,0.0003574638855298291,0.0033595294283452013,0.001694524887358826,0.004350238603461002,0.003372906721219166,0.004023178982490657,0.0034577960618875675,0.00410307395156183
AACC,0.0037696289648668,0.002951816094695518,0.00047336242000617964,0.00018903481237771022,0.0019051713166357864,0.0023353018951148526,0.0019457272104328196,0.0013202149719218912,0.0009800411288744182,0.000634427063465648,0.0018244556896977553,0.001143701897888963,0.0034445124262803026,0.0024746853490382054,0.002771679359763788,0.0021067619337440976,0.002701403014484946
AACG,0.0021509883029766468,0.0014770661297053398,0.0005348134158624923,0.0006419475826839066,0.0005013339523375285,0.0008810453310353723,0.0005248161773643877,0.001281047074434237,0.0003447997664010436,0.00015619255882163384,0.0008182849635965974,0.0005531540743366834,0.0011442553073654608,0.0013306995916118262,0.00048804557644261136,0.000451101130818322,0.0009024179110078987
AACT,0.009293121209914894,0.0037173214703323082,0.0009273675197967177,4.118544814370559e-05,0.0009822223359586943,0.004777288080456075,0.003250378196340066,0.0016651665388961328,0.001435602257637073,0.0003744046484638355,0.001999137048955652,0.0016883047998694205,0.003883891626037151,0.0033137041606778913,0.003048400206944957,0.0019757703543091757,0.0024417404751532357
AAGA,0.00020893063796535713,0.007874563623739752,0.004217517170947269,0.0012271031320145488,0.0008399922013821664,0.006934602175520427,0.005241611404343293,0.0005919139195727247,0.0031810367268786284,0.0009239380402844256,0.0025563222001737623,0.003176089309523954,0.0020354558805104964,0.0054971351304584,0.0037950540384932303,0.0027393863697555746,0.006014032757971068
AAGC,0.0012132285636263004,0.005059948668534603,0.0032818917036030798,0.0009095150006384634,0.0006652598480661845,0.0025028179789802216,0.0019902282856514566,0.0004550000029225771,0.0031926214999663085,0.0008441413408927542,0.001387821933757245,0.0014548296925933851,0.0021036704863527543,0.0034787442690101446,0.0023328000793775287,0.0017156734677210043,0.004342451182737252
AAGG,0.00014969814275459612,0.008909909549548138,0.004211551306502482,0.002280900897834358,0.0005119487218263662,0.0036285017864429183,0.0037394791929256494,5.974832901024194e-06,0.000835775111456123,0.0016702747927332352,0.0016479032523178945,0.002710466536547313,0.001711169990254807,0.005140288889815638,0.003987472423709146,0.0022565397310240465,0.004650488519633893
AAGT,0.0007506872536370889,0.0053243908299267124,0.0020639700593415877,0.001369082349611294,0.0014917467937944576,0.00364851697648995,0.002168120321022226,0.0009195212504422513,0.0022149543169552336,0.0021508078494137366,0.0017905597321286634,0.0012750066384536428,0.001102105116312108,0.0027486383963647586,0.0026293737895220558,0.0012349308069743625,0.0029878748057421654
AATA,0.002807000039688171,0.004335485242472402,2.545089462361888e-05,0.0002708547313441426,0.0020755562747421137,0.007503353381466568,0.005018239391190222,0.002002301975793022,0.0001852596671249655,1.3429134368551521e-05,0.0001556817812451294,0.00046713441741754515,0.00178176580046164,0.0032554548150535837,0.003133004467591428,0.0012942825240139246,0.0019295629782755171
AATC,0.003911170973593263,0.0033834531870993827,0.0003323002298633519,0.0002384089849380754,0.0008569422412023613,0.003196952329814099,0.00228990962601565,0.000831623732181469,0.0005688971724310373,0.0006884797707532466,1.2651148088442242e-07,8.040991917418866e-05,0.0023528469223073854,0.0027787419265941737,0.0021989411015427324,0.0010556871104721122,0.0016992992854670316
AATG,0.0024818890821613764,0.005281315200098302,0.0005503778069541859,0.0012996183662487067,0.0033509986463800914,0.005435272177097887,0.004202025242031771,0.00040138366224648454,0.000926142083590904,0.000774366449184874,0.0006781034054539303,0.0011172245982943895,0.002299771371598487,0.005568930295441084,0.003213448167361175,0.0021556486346740573,0.0016251192504985728
AATT,0.010171046013970998,0.004888478162852681,0.00037950370665068925,3.4737050643886954e-06,1.22781588706307e-05,0.0072962255025962874,0.004858733507870283,0.0031788074254899728,0.0014770222237343962,0.0012603014727589142,0.000652822298142091,0.00035013333017436395,0.003890122840390957,0.004259793103740148,0.003831838136633395,0.0010277581502938545,0.002246832728826619
ACAA,0.006104453082574647,0.005763906961568327,0.001062397373234565,1.1920928952958905e-07,0.004872627207559556,0.008603264181042802,0.003965986667026246,0.001370647823492916,0.004528113992187624,0.0006804337258736306,0.005809371167396111,0.003305962747313592,0.00044356833543578807,0.0015398401928924524,0.005281717952830112,0.004153140562152433,0.005904384522376285
ACAC,0.0062927940984209415,0.00756289731568727,0.0011822220904567843,0.0026504254440761032,0.005258605643292483,0.0038495429869209604,0.0014938429843589153,0.0013465710508111643,0.0019226506556277072,0.0007386254828460181,0.0052867700347588925,0.0020563282830213894,0.002497831701521364,0.00037682074514861765,0.0034945956460265856,0.003258658413579658,0.003999215128463526
ACAG,0.004303003277477786,0.012454417981364692,0.0009537828331594823,0.00491093334005712,0.01058159452288796,0.006461291355953566,0.004238954263262977,0.001700935596662133,0.004108918036313842,0.003115125628456533,0.007507799796972547,0.005269988976537598,0.0009828526607563955,0.0020149529899076667,0.004215750324803737,0.0059260480748608456,0.0054977831402321636
ACAT,0.016443224796152258,0.007917718233758326,0.0009268815955753325,0.0019937783840552298,0.004924741441322955,0.008230520980916742,0.0039986590560275054,0.0014789969566879142,0.00252454568519568,0.0001230388041035718,0.006063802352342812,0.0031795252833516723,0.0020931874900959697,4.847859546758009e-07,0.0038593278624324146,0.0032259417231728354,0.0024986353961539837
ACCA,0.009085506269994081,0.008527578249590995,0.0011698512500828,0.003368763479087427,0.007432688940814578,0.004728678945823682,0.00015363997829210134,0.0008162591835665272,0.002129642994308434,0.0023435269561561034,0.009866111976828058,0.00023673257924653563,0.005722695463927762,4.742097828780114e-05,0.006303993010561219,0.0060311505694476885,0.007599273528036803
ACCC,0.011349662929675394,0.006424038828157834,4.120105798950299e-05,0.0017455952184843519,0.0033304171396823694,0.0017396274521168423,0.001147500724844238,0.004930486930002357,0.0017471732963443313,0.0022968089388900217,0.006914062952556389,0.0023977321476042306,0.00603837117269083,0.003055488906842725,0.005135026137151316,0.00478086874077996,0.006574153336357729
ACCG,0.006452842605120918,0.0032994320746294777,0.000420012527322116,0.0021980617132437005,0.001092606297097778,0.0014017958693704519,0.0001304119570662612,0.0030539653652238746,6.647259831147481e-05,8.896968554305243e-05,0.0028554127983823493,0.0005723408109351123,0.0020089019016185784,0.001477823245622014,0.0005972220168001049,0.0010069666508117502,0.0020755914813780306
ACCT,0.029211166232179862,0.010424439397939989,0.001239877497529762,0.003099545537376453,0.0054019914527492,0.003979581546373465,0.002074986055995918,0.0028511724610527788,0.0016719168200597266,0.002653278439562184,0.011445932778844023,0.003940366662917474,0.008322998634002994,0.0012844277139288007,0.00655058898274653,0.006421251366621352,0.005742460016537574
ACGA,0.0003847939247202474,0.0012018060814257957,0.0009462165041805631,8.200150236408631e-05,0.00021261524534456675,0.00028213379720344036,6.098705632403791e-05,0.00026630548455026286,0.0018563073680117987,1.1920928949196488e-07,0.000369707002632755,0.0004954666508707278,0.0002460769770436658,0.0011033329664099296,0.0002406454691497175,0.000354286138569516,0.0013463379789262636
ACGC,0.0009343586878187303,0.0014454023008360442,0.0011106989960965419,0.00041674972439166656,0.00032106532045624877,0.00029071837484276965,0.0001351139912907461,0.0011666501860013668,0.002142498426551489,1.1920928949196488e-07,0.0006490122356670051,0.0004961300670891486,0.0002985208821940605,0.001000437427974026,0.0003272918295328326,0.00014771132201276945,0.0011441433085475762
ACGG,0.000363066566912894,0.0022083938916647753,0.0011420280976946005,0.0006113844974231054,0.00047182628939170315,0.0003477373804781224,0.00010675670845730467,0.0013175212859766554,0.0020132123797637794,0.00015623159281462782,0.0007584965435916119,0.0009050137201666795,0.00011988700372129064,0.001275002931665791,0.00033481023740903715,0.00020224786071576902,0.0014287214176629173
ACGT,0.0009241628943865917,0.0014951851354734458,0.0009512364219550288,0.0001743085392870369,0.0002655180961426533,0.0003932664689993303,3.866112676200827e-05,0.0003911341374573171,0.0017289008843540206,0.0001445480216506676,0.0006003855849563236,0.0007695315280916988,0.00030640976856451395,0.0010984928258689981,0.0003434849153244315,0.0002931730484303115,0.0011159158196493222
ACTA,0.008139781414066578,0.003725049621603507,0.00019809260979174672,0.0016350807780876856,0.003883040386076709,0.005657798376636154,0.00241897607797667,0.0003479340574728984,0.00018513481339821707,0.0002932786234292767,0.0026668581056044963,8.132626664473858e-05,0.00011619317875337185,0.00016908192694736694,0.0025544700544142627,0.001769878169310138,0.0016100767592053698
ACTC,0.01635645272453651,0.005985798225162547,0.0010792268716801226,0.0008010718180669358,0.0020461990887802035,0.003686337420218374,0.0018470392986021649,0.0008672845522222639,0.0006835651440390407,0.001415617712446033,0.003093814606637782,0.0022303447570900577,0.003675950617631255,0.004110430110355809,0.003153114179337762,0.003279068712712086,0.005238766404048959
ACTG,0.014620781521965392,0.008615807857676946,0.0009272406492028967,0.0030144190050109695,0.007973921232209809,0.00581834233986489,0.002921276071209387,0.0005428318142155949,0.0015959004938931086,0.002584127336520815,0.007316965773367498,0.0019272152261995234,0.0022392680953788667,0.005120958300352538,0.0045970723438985665,0.0048507360916879745,0.004840952973096841
ACTT,0.03850846354207005,0.007398749641533214,0.0014494888624271307,0.0005858967908443008,0.0015128700492740219,0.01011763145013991,0.005253492688122228,0.0028019073858085563,0.0015936559795922227,0.00025862051501093563,0.006310241288152488,0.004157187437756204,0.004271474668884355,0.0023095716826659124,0.0045964272779200465,0.003298964363875095,0.0035237538277667242
AGAA,0.0032559922216664613,0.007613056722601016,0.009836819252505593,0.0035028018999619347,0.0014862954311550384,0.00971651629192182,0.00472547794039782,0.003884724573794562,0.007707801578592054,0.004688177145860732,0.0030369776942347215,0.0055714159094643985,0.002389270023674572,0.008211485057164087,0.0020815427282296233,0.004061897477178054,0.010625083799878038
AGAC,0.0024407175138523897,0.004125272034116398,0.005184389704495132,0.0014887333322971346,0.0011116709226989445,0.002883830816338697,0.0014285457532964248,0.0008990719134759515,0.00479838872341035,0.0010638404798629663,0.00043800864739050306,0.0013108873351857608,0.002156900584911466,0.003759724898221806,0.0014690902384430844,0.0020033154631385578,0.005653599027485205
AGAG,0.0012775556214003733,0.009013287408329509,0.01101185838088192,0.00634029973642263,0.002894535580891784,0.004871225992723631,0.002830718760553008,0.00010854289514323732,0.0035932787743619566,0.006003134784101121,0.003954800375595792,0.005876458788454094,0.0010091548894486993,0.008567104233768502,0.0021229336156593837,0.004952964863347541,0.009034994987472705
AGAT,0.006079030289045758,0.005312149140446509,0.005069219270718886,0.0022886828113926356,0.0017242369979024526,0.0053729811622226275,0.002522760721720984,0.0014207823929608128,0.0035306109997022186,0.002949781023930574,0.0013532772576186876,0.0023884353075688774,0.0016997941377586525,0.0035812565863653344,0.0014855231884003384,0.002327280795643181,0.005277373398221627
AGCA,0.0044432015769301164,0.0047656780129736315,0.004647405894539831,0.002370712604508798,0.0025036722276649383,0.00352868578690329,0.00037212703606435895,0.0008981862901593161,0.0054411926788764465,0.0007121487557054872,0.00014136086183944265,0.0006375478534964225,0.0053615605152563875,0.006509081292390162,0.002170722232110081,0.0037910663065671923,0.007772468785549969
AGCC,0.005598962634830312,0.0033575041201631245,0.004281778150572212,2.982858546418601e-05,0.0008598881893294805,0.0020218047665602496,0.0012445226817981618,0.0036545100309095632,0.005715054466810276,0.00039643758169709384,6.496517862265147e-05,0.0019352134079194084,0.005011814169496381,0.008893860225105524,0.002769605149579864,0.0029770051331842965,0.007585467838166164
AGCG,0.0024510496693431268,0.001989241348280131,0.001659286603140233,0.0017888674176446725,0.000601607734490116,0.0006099133396049191,1.1920928949405499e-07,0.0025791586313828824,0.0016476120686117056,0.00027361303054169615,0.00028961323675086575,0.00011683493455845441,0.002084174871684634,0.003716156826486801,1.2185023960843913e-07,0.0007467473566198471,0.002573777718637152
AGCT,0.01171484535132107,0.003963323963412756,0.004359644986844591,0.0002729530583796683,0.00019363534150600452,0.0029827430164014778,0.0011834153881625836,0.0015887877897691888,0.00483468084004279,0.000395879675963466,0.00043411685408891007,0.0022252616385260997,0.005160525137011823,0.00834920325996922,0.0025153638498089845,0.0030443976269831346,0.006602235861843157
AGGA,0.001425758391388603,0.007898348594011766,0.00982864003557364,0.003916728885009347,7.881948357911182e-05,0.004076235852300525,0.0019399485500037916,0.0010670243618601215,0.005790383872336397,0.0016014046626767443,0.0024565213209975442,0.003219281473643245,0.0017356086741186977,0.007384761051336209,0.002079647070399785,0.0028919291037297927,0.008782319913131822
AGGC,0.0026208819376707295,0.004587837407565334,0.008216967700528295,0.0018974643098636321,0.00019876521017529573,0.0016380923739226327,0.0014990546695343126,0.0009540994888767804,0.008549654513429454,0.0004454771826993604,0.00020218486405987923,0.0008457232647011866,0.0024079271297199768,0.0074135155055113245,0.0021768207340561382,0.002174091246902088,0.007571725407114882
AGGG,0.000829853940411678,0.008376485652371226,0.008592068215811318,0.004774465664921498,0.0004367302069197812,0.0017803438764921544,0.0016086335778846418,0.0007761592496926148,0.003834511480067386,0.002528162354432397,0.0015113317527879128,0.0027572604043506347,0.0017791414092536957,0.007090720567879483,0.0024543437047179614,0.0029073945097128247,0.00756633935712037
AGGT,0.001502857544386977,0.005340425705060685,0.0059211749052267264,0.002157860485728345,0.0007834398099598729,0.0018088221450768785,0.00018999658922242254,2.67117255723714e-05,0.004472562359972283,0.0021070802509907762,0.0017341404226258012,0.0015543927238489928,0.0011660603051143205,0.004620761425067937,0.0018147585164251412,0.0016521684835958947,0.005440168272279523
AGTA,0.003233011591712799,0.0030377379690473467,0.001768512954319152,0.0014497041069486505,0.0033965441982683996,0.0048483869987422075,0.0019229091150191739,0.0001893250516717505,0.0012832732376101075,0.001646911406402186,0.000594577981614607,0.0013856373991728193,0.00031364485644741914,0.00439593065933954,0.0016356340694396881,0.0017766691089815005,0.002681355050590576
AGTC,0.005376737483511928,0.0034740095847625206,0.00272606811215714,0.0008088238893038198,0.002273562507917995,0.0025940468198200257,0.0008710429971788246,0.0008882346116802223,0.0028448806476680613,0.0023125692666180245,2.7393550837044316e-05,0.0006440779820261488,0.002993618527938618,0.006368719003041364,0.0015266991365699891,0.0020482970347439275,0.004865480928404554
AGTG,0.002978244925804311,0.006217729599233784,0.003198502414384423,0.004407999546177691,0.006881491471615438,0.0037785902910656096,0.0010262611810197822,0.0004549712288719416,0.002281199690118699,0.0035108950690935867,0.001885945650542342,0.0014883024217545015,0.002146695048985668,0.009213177250975604,0.0022988231188201757,0.003258635852257057,0.0040813544180881905
AGTT,0.014418166039052717,0.004258334543137969,0.0031254175354051236,0.0011393272058085888,0.00201873896511484,0.005655350112531885,0.0018964848626094304,0.0020659228426632027,0.003261220026890633,0.0035449673771469053,0.0013887593027305952,0.0013713596754748817,0.0028092619901441476,0.006246106384204048,0.001721914138256617,0.0018721844947731682,0.004530820587893634
ATAA,0.0012338332680495976,0.0033119525245422546,0.002725228260103415,0.0021410708816519933,0.0010417967070450093,0.005932636587917409,0.002348277449011141,0.0013162627524809572,0.0016945871738380817,0.0016213757010678394,0.002478795988942952,0.004673460986051355,0.0005981038310516651,0.0040064639419911795,0.0003728045905920074,0.0012429241515269087,0.001213055650408188
ATAC,0.0015026984080700795,0.0026704274033383653,0.0023330647806022358,0.0019218198828942971,0.0009083697024261114,0.002334655934870525,0.00037413167218982603,0.00045890186793635837,0.0011406861383097438,0.0010050027848742334,0.001643482766544313,0.0020829349669014875,0.0009796051227903813,0.0017595632492841346,0.0006776473656407875,0.0005763884485781981,0.000873161845078924
ATAG,0.0001757227068695589,0.0032361272363710656,0.0028026246523622195,0.002823960049735265,0.001347376553018974,0.002344827308918606,1.2125136988071227e-07,0.0004952718874514679,0.00019640204468549858,0.0021682380201802176,0.002106699884418694,0.0036727283400787747,0.00042980938565264764,0.003106871786136086,0.0001561363118006426,0.0008302641615375883,0.0008131169946654182
ATAT,0.0036831185433457625,0.002720297010372019,0.002856785684137258,0.001980155103494754,0.0005852365493973256,0.005076495437347854,0.001883967292866448,9.472829433125669e-05,0.0015931888809653212,0.0015983569707036882,0.001930879616694573,0.0039027112229877703,0.00014939539195607095,0.0030229982021225603,0.0005821983305438511,0.0009425402939608905,0.0006472735854265459
ATCA,0.002219699257742607,0.003595470928016517,0.0016794227061611208,0.0014626551555834478,0.0009251242127094753,0.002237053321726263,0.0005366101873993884,0.00037917545885029873,0.0028631679703574704,0.0005437546719079807,0.0015727079308350293,0.00204328830722814,0.001998796494209823,0.002778916453234304,0.0009064420971121308,0.0008777988803262706,0.001117683440521627
ATCC,0.003913373786499259,0.003294180009097812,0.0015289404440315694,0.0011014253911699047,0.0006577297770714528,0.0012083702666430044,0.0008526101292496577,0.0013039354224321231,0.00222425258506549,0.0009619769956565982,0.0013233246039421674,0.002084244434261836,0.0021766441103728174,0.0028239070956925703,0.001278221781921134,0.0005999729276415355,0.0006709534034531341
ATCG,0.0012412626998482433,0.0011865109486655034,0.0004770598330874441,0.0007057848650954856,0.0002205229980838745,0.0003226930436643168,2.170874497276083e-06,0.0006215665342888192,0.0006858600188454744,0.0002268655857783653,0.0003156637211300486,0.0006117966721648175,0.0005037462697465524,0.0008495209263216976,1.3488294066495979e-05,8.050662421325032e-05,0.0002859146919936172
ATCT,0.008745312230569159,0.003510115657577606,0.0019469366738027777,0.0015027375698408875,0.0005177603926702185,0.002716632666817899,0.0014706656016045627,0.001245771886850961,0.0027424282155312256,0.0013034440721523628,0.0018248907883932246,0.003209590980867137,0.0017736051840381234,0.0031452732439016685,0.0010528136423607669,0.0006641064368841293,0.00012801927746736361
ATGA,0.0006440077014059685,0.004781855632086169,0.0028991284787064095,0.001839153507683797,0.0009058605395292212,0.0027695372180421944,0.0009256599554804378,9.189658733056112e-07,0.002011720979782208,0.0006584455636082385,0.0023711811620434364,0.0027657260331390306,0.0013251664697753907,0.0034641404087322686,0.001400699978046317,0.0011500679458208115,0.0019464272304602116
ATGC,0.0014104352157578426,0.0037178744509167674,0.003232887183451767,0.0016968773103481101,0.0005636574467358239,0.0011463140415903796,2.2848761630897428e-05,0.0003649427008175147,0.002166274865185323,0.0008513484280091507,0.0020024477571167084,0.0021077710183824844,0.0014696518088718807,0.0030504590086130362,0.001117942009983633,0.0006346181826008758,0.0016186782376582378
ATGG,0.0003213382558769452,0.005804313631951706,0.0034617319800902186,0.002660207012847927,0.0008201985135998729,0.0013200224267188427,1.2032790441504804e-07,0.0007843737799708694,0.0013404985715224083,0.0016807002068371306,0.0023890928084705746,0.0034642400280003177,0.0012582337289772888,0.0044753434472684745,0.0012700068857247708,0.0007503132523658529,0.0018278665170574006
ATGT,0.0015861031872554043,0.0036956554202070037,0.0027702237086039564,0.0018284729929881264,0.001391770699824054,0.0021199850699059903,0.00030440027513802155,0.00012123049836954996,0.0025794400902145534,0.00181009620667093,0.0026929216908424917,0.0027074730683493676,0.0009523929744979314,0.003108373180489787,0.001331278275641803,0.0007588880237248179,0.0010565165916747458
ATTA,0.002612263680806482,0.002907665437219125,0.00037991640734699793,0.0010051485419375894,0.0013371095853220237,0.00405104703107002,0.002053613946812845,0.00011894359401395462,0.001247045655744556,0.00022859443441817674,0.00039953794453141954,0.0012155411229451307,0.0005175064748179742,0.0017634856234966482,0.0013955880987485338,0.0007681480925514228,0.0006520140503208978
ATTC,0.004864671651691108,0.0038363726224748458,0.0008915765364301408,0.0011619232641237201,0.0007651525616258731,0.0027703709314355995,0.0018553964973656,0.0010349016407662885,0.0017421063090135944,0.001318823123188243,0.00023803142770325957,0.0016224844372524259,0.0016721761949064868,0.0024164321166640856,0.0013708224911015395,0.0006931024268103336,0.0009565831267711547
ATTG,0.0016421040417531354,0.003143586672460415,0.000806328038817163,0.0015185108628814835,0.0016222711206739034,0.002017565893811497,0.000787230275471755,0.00010774490999933225,0.0015876344838709846,0.0009768334393172166,0.0010182892903727282,0.0015074695733482196,0.0007015334659518068,0.0025622237974101086,0.0009959841246694621,0.0006453877172105425,0.0003545938916855978
ATTT,0.013629241126130613,0.0054318665927894595,0.0007156256218957836,0.0014471216169055052,0.0007642434377595006,0.00888531965841333,0.005196696033520708,0.002982480280446564,0.004641855396299316,0.0026008573386176828,0.0012288988169770602,0.003242464509427375,0.0023432535837454825,0.0045496902964725465,0.0025147032092480933,0.0012696934995217464,0.0014222165851736216
CAAA,0.0010637523036116634,0.006676591825178925,0.009527340573279782,0.0055645771347802315,0.0022142443301384224,0.016855401813899055,0.014603893940670623,0.01140527291458463,0.006896806691815327,0.011853941638532952,0.0013105562121152902,0.0072312597771560655,0.004307310724177888,0.006235991355283817,0.008443797792544507,0.007287338719499772,0.00797392955833732
CAAC,0.002316188133106605,0.005223362614897842,0.005671511103789493,0.0028795033260431277,0.0032329705158123147,0.00362928775939561,0.0046494956504510455,0.004663898311261724,0.004009031252591043,0.005769877870997653,0.003113713939430605,0.0020314345065718703,0.004757001974030507,0.001603351580502045,0.004463132470371895,0.004008949615037275,0.0037353909959793857
CAAG,3.0043170432624505e-06,0.010381058763887565,0.012320498383221974,0.011540665763005881,0.0031955510371082362,0.007748231701633841,0.009533466558673414,0.005250200807431581,0.001449810726207687,0.01298930711604167,0.006576695007987945,0.008457572096185695,0.002358040425419505,0.004730263839290415,0.006793398374851637,0.007746941923306889,0.006093560263227678
CAAT,0.003337013967503906,0.004296592843764937,0.0044089440338793496,0.0016189436308677034,0.002045653771836121,0.007476789613571853,0.007169357878843781,0.00042872544170043016,0.004149187871741381,0.0064442900660038015,0.00030727071735845975,0.002383066802212897,0.003806970874465335,0.0029606454874839985,0.0053996499429632685,0.004831127307531358,0.00439720984792545
CACA,0.006304175251576556,0.006678339829298399,0.008379461568410936,0.005612515339072553,0.004649454191894524,0.005558100640130858,0.006875490264798327,0.0029213462443347083,0.0036565211764587437,0.006201075181002238,0.005277804700250954,0.0045417249748918535,0.010367272001693028,0.004930504809194963,0.007447250386584406,0.00893532552329092,0.008148048413109987
CACC,0.00681771070613829,0.007437955199534589,0.004988056862461099,0.0056026131660581475,0.0062672434068461146,0.0005418951692097362,0.004993768690773363,0.009103929920905892,0.0031677559178178126,0.00536139984281895,0.007346336795614954,0.0028594457830257887,0.012156009060155392,0.005398135921322566,0.0073565201668933855,0.0062494777387806155,0.006306585697715975
CACG,0.0034963118282607957,0.003784451250507648,0.0035201480880097807,0.0036018998044406647,0.0024961173605942614,0.0004042113693020255,0.001594338646534683,0.0068859351815018606,0.0009553382406789851,0.0028092234451614203,0.00406513764134616,0.0015089114728993858,0.003423170363040897,0.0017723713962551136,0.0016359242293924878,0.0015365995411006001,0.0009598243958071034
CACT,0.010737540836325344,0.005460924645696146,0.004427966428790623,0.0025626414353102232,0.004013900006968346,0.0030635170129119167,0.005027114584059911,0.0032082981947093555,0.0038120862256832036,0.005304106001127695,0.00440337168723122,0.0027499303398652664,0.00966640429050292,0.0047390258184908515,0.006407136536770736,0.006039386337734453,0.0054653868626896645
CAGA,0.00022350077284396876,0.008866731282124026,0.0161993933626098,0.010400280986732619,9.152610933077789e-05,0.005427195064299312,0.00789890744953741,0.003118125168179579,0.008138296149666336,0.01304588829402454,0.003833849235476301,0.008191789327759007,0.002874302384295938,0.007102628941305135,0.005125933271682181,0.007842243444521666,0.00954399608868231
CAGC,0.00317726922624557,0.009713856779715816,0.016819441485199323,0.00972817101413798,0.0020689410330685175,1.2178598494587902e-07,0.0049994120399398075,0.008764180346302441,0.011813586475861398,0.01038342975316321,0.005254244116229226,0.004073999207026099,0.00607716881843466,0.005796439379275652,0.006549975736127584,0.00581646621133242,0.011097554325425777
CAGG,0.0007208231282308636,0.018279454582311155,0.020842330906536442,0.020003708623465143,0.003556905055267432,0.0021481842728803035,0.006730775458273258,0.01202589471889555,1.1983632087182514e-07,0.018517814816045787,0.009484033693013849,0.009748864458640908,0.003247155571228791,0.0033243435335189617,0.008556318668567708,0.00736435998130632,0.010997935737973386
CAGT,0.0014564458157785454,0.007174091157932926,0.009087990077463907,0.006825009391870028,0.0048484448040152645,0.0025001254333383736,0.0026517317001940495,0.004187027327549483,0.005797956308594593,0.011975191264920762,0.005089657548288165,0.003771560937871399,0.003109992813819061,0.0025445074986693524,0.004115561900605704,0.00439976424699514,0.0058102589604738086
CATA,0.0038232801840333867,0.004342526765883063,0.0020915451075786493,0.0022307051150604823,0.004574219583381964,0.008524836312903732,0.007397382106533007,0.0005561282224796978,0.0007447623536834522,0.0036409662265773452,1.9581732849429664e-05,0.002460333043158811,0.002400980313241267,0.0035534603720869967,0.0049228036914092865,0.0040452956438983365,0.0019337581784173335
CATC,0.008987714335403539,0.007777840256076305,0.003599554174513819,0.003530499443697334,0.00438092360375741,0.004155664583030676,0.006008436455217997,0.004349938105837463,0.002307603521217501,0.00712859497241275,0.0019628181344598524,0.0012773917004861737,0.008812413896340035,0.006904215076803941,0.007373052305241898,0.005583332416177584,0.004744587837388326
CATG,0.0038378712554738236,0.007996904006527802,0.004498747873187964,0.0064729653011742355,0.008209754017499673,0.005265962237024493,0.00761846449169819,0.0012955570346177556,0.001097982263684253,0.007039166799696272,0.003457748613614449,0.00413630388967302,0.005007513308957971,0.008722464345496351,0.007175436657542611,0.006734285635303248,0.002376060894055065
CATT,0.014293925114667878,0.0063076470674961835,0.0027465740637234023,0.0007739417454699497,0.0024995826452798085,0.01112887748736667,0.0094832734857633,0.004161063652468473,0.004587235525207365,0.008827747318744566,0.0015733763374362253,2.405330631012064e-05,0.008963198174251114,0.007600392155959319,0.008608583319175146,0.005662628314084257,0.005363760114391064
CCAA,0.0028839494909434766,0.0032914915294414704,0.004390612324210252,0.0033238184521813116,0.005615778404808633,0.013310241408048923,0.01534303502081826,0.003311286980520591,0.01023666411165353,0.007517612013641408,0.005390315969885573,0.012436503250437474,0.0023606598717878582,0.006752902260386294,0.010474198263674786,0.015127318333171933,0.008378014370715453
CCAC,0.0021941082648696407,0.009600053048315994,0.0052341961113143,0.006192574531948177,0.007252069957626406,0.004334036444659864,0.009346169897062596,0.015295894959044501,0.006834548920701643,0.010682484849895453,0.01423418723607116,0.007707515611589317,0.010288604348259841,0.005813024559013522,0.010126881091163152,0.014136159021892327,0.009150260681233261
CCAG,0.0006304278518918749,0.016152561252475113,0.007644581437676984,0.020738262650013127,0.01437614847527369,0.007057708374274713,0.019585931593866412,0.01868432038308892,0.011283643402242484,0.019776491145025187,0.021548601307038878,0.01907972426039513,0.00526459242523914,0.009731147304567147,0.012743151771559236,0.024663398729114383,0.011961183735393448
CCAT,0.007132857407990456,0.005328020718875739,0.0034978008627315482,0.004070014638287279,0.005651667348958854,0.00879309073511026,0.009592650584559716,0.0023735115154803112,0.009832163282141022,0.010731858080993247,0.009002344767497221,0.008425400628188822,0.0057205907614205275,0.0063871204070547576,0.009362395978208945,0.01401635611975622,0.009119735477920781
CCCA,0.004301340983512747,0.00024710087489025995,0.0034920775602087723,0.00732389749708941,0.0027493875874666273,0.009940410971562147,0.01527150331743769,0.008622045560186302,0.014128137569477282,0.010132602559558638,0.015543708546178458,0.012822214232352452,0.01119813780136459,0.013936249789779757,0.023123277509972694,0.026263327824965307,0.022083323990425917
CCCC,0.0039147513734264765,0.004349997326901661,0.0017762197751313256,0.0068481279227163155,1.5362761160977042e-06,1.1619083432761864e-05,0.009898235863296276,0.020897540995075972,0.009510223057391633,0.010671938673923341,0.016468175607078122,0.012081754607537978,0.015178987401320771,0.014192110708919473,0.0169161202881951,0.018505442463262498,0.018753647170546655
CCCG,0.0023948113399841014,0.004541648495901989,0.0023324662771419145,0.007612422586625286,0.0015942327751043359,0.0008153190466942933,0.003950063631485292,0.020211387463049173,0.0015979535721916808,0.005337991892914086,0.012165185349576859,0.0033845317824175336,0.00646986418709495,0.00609060151454285,0.005109707861318719,0.006601731728138127,0.006550865880569756
CCCT,0.014590506818218848,0.001753904195784657,0.0034860341112194597,0.0037063206168597303,1.1920928952990608e-07,5.2721075846055865e-06,0.010023363836608958,0.006647078602781809,0.0141681426564966,0.013779165848712235,0.017659133074049885,0.014265305193060936,0.012974337383728964,0.015441551495552444,0.019531904949110262,0.022541030589949697,0.018508184491064585
CCGA,4.6695450863383214e-05,0.0011035388282787046,0.00268876304754264,0.0018352503901139204,1.1920928952990608e-07,0.00014032209602871532,0.0013307407277983571,0.0034721451150359467,0.003153808695654728,0.0016603632502347322,0.0018062535027533867,0.0015817864584918551,0.0005458705276603641,0.001945717713452624,0.0006035702424147963,0.0015042510084480373,0.0019316710864647744
CCGC,0.0011320540780226718,0.00178482929973688,0.0036028938704151863,0.002596030467975779,0.0004566549681675881,0.00046115019584602404,0.0017231997398080984,0.00979178957720455,0.004074469018919053,0.0018538221102218373,0.0037020176254342185,0.0011138647748256912,0.00099944534743316,0.0018893028478145814,0.0013544238097260414,0.0009080555728431284,0.0024396865619058447
CCGG,2.9159517130463878e-05,0.002836304468851878,0.0037427121037744418,0.0044472984932706185,0.00013245472060440376,0.0004840447984732413,0.0018951426018302842,0.00881372435237298,0.0038391241388305124,0.0026222114925692694,0.0038948895622090097,0.0016743795928067645,0.00018568364863506806,0.002202613250517862,0.0010114168008401037,0.0012486687239532267,0.002985969877417928
CCGT,0.0007201322356010469,0.0012078979433483663,0.0024149943463833987,0.0013207370778660704,0.00018522710198388628,1.1920928952146724e-07,0.0004612690209509464,0.0026786949998914016,0.0034976168174807483,0.0017789971880262882,0.0014573315639058626,0.0014616899213841684,0.0004892383595652132,0.0017982852626602368,0.0006850525264218499,0.0010630476407877498,0.001916199531852179
CCTA,0.006263219184154668,0.002039114010408803,0.0002936085810612373,0.0014784239611322883,0.005790657606757471,0.009147436220101095,0.007981266866245344,1.2119099957172065e-07,0.0035412084602857393,0.004558383137490801,0.00422204571496592,0.003013971886874847,1.5992376151476288e-05,0.0025613755833251307,0.008357938222262848,0.008633161285873625,0.005746135584077112
CCTC,0.016371207580516772,0.00922436310953755,0.003987630945081775,0.005877543011268859,0.0029030955103288365,0.0029729810601586276,0.010354430358250111,0.00935809975414195,0.007954912149854105,0.013690076932883218,0.012830199928384968,0.010408919174591786,0.012898794960068264,0.013885585800005117,0.01702608979502751,0.01874644992243869,0.019636448758262964
CCTG,0.010226296052570721,0.008020907631477354,0.0030496867432275236,0.011962739372141939,0.010989539220558614,0.0049695850066599915,0.01673468016496598,0.005683558638984428,0.013160919370545879,0.017710757694891197,0.01790540298116628,0.013433161501654925,0.0063210218516913785,0.0156533741660175,0.020529941147091616,0.026329166905629496,0.02018324553240889
CCTT,0.027078177419147073,0.0032259214607421385,0.0029249113306565487,4.1717346441480955e-07,0.0022812571083487597,0.01033564923442032,0.012399130125065005,0.000603452588728557,0.014767332950742722,0.015393637788365638,0.012663215212252242,0.009968795318145223,0.007872308682581137,0.013233959695767608,0.01650087571355917,0.01854703606838334,0.016358023149162935
CGAA,0.000307173948781718,0.0015477866064708458,0.001500286617385401,0.0021545160546892618,0.0016552718506474844,0.0018927212612801694,0.0018556642115008521,0.005146205172584052,0.0014771511793958963,0.0024330444128133834,0.000745469666580109,0.0009682499601925806,0.0019259601430961953,5.326315647135707e-06,0.0010743963332326514,0.0013957833124677856,0.0020825885930818504
CGAC,0.0002762715540471283,0.001242597936323866,0.0015204828090458768,0.0009200133959245962,0.001510746346702326,0.00038158341183558897,0.0010525702318775747,0.004915932968455307,0.0010951891828279885,0.002185179258029922,0.0010985811926147177,0.00046489446816503125,0.0022157796604490216,1.2445636070895008e-05,0.001093245471521076,0.0012078899104420945,0.001419338516422972
CGAG,6.8489179708286036e-06,0.0043434433082937185,0.003239877449444091,0.006301253064563532,0.0034227850961273433,0.0009777410818877347,0.0028028209850561067,0.008978284196292263,0.0007536341736870153,0.005049048712468768,0.0032542648237811767,0.0009620924444736443,0.0030728755767625857,8.689359295353578e-06,0.0014559695046461917,0.002894993060612625,0.00311252783561364
CGAT,0.0002785188377441092,0.001437337393878266,0.0008321288629897774,0.0015902847930515114,0.0017206630243727173,0.00079344081300943,0.0006520446042301739,0.003437655560506889,0.0008571512108236075,0.002398071459989358,0.0008660040958013705,0.00033498835751412387,0.0023592518634909295,1.9308491259760124e-05,0.0009523114218676865,0.0014735024624848417,0.0022728329878281667
CGCA,0.0004958926335043565,0.0015341589302505887,0.0016372128044669684,0.0019511510755416406,0.0024121583760210496,0.00027354089017172226,0.0011687149455968163,0.007247341615258226,0.00043932524125065814,0.0025997270319566067,0.0014588829987015359,0.0008159605768150121,0.004215734430234766,0.0006482185520721867,0.0012068886742716523,0.0017163833599062193,0.002029417624358071
CGCC,0.0005198081972547615,0.0007962717271345499,0.002351253542210523,0.00013183078736316364,0.0018635307972321106,0.00036072486350427794,0.001723909743910518,0.012135550644912826,0.0008004097796977842,0.003201760037620736,0.0023013014759222404,0.0018312331637877126,0.005174094340233272,0.0023357597699548024,0.002342727742895519,0.0016619630264634335,0.0029519119511617585
CGCG,0.00023970695776335892,0.0006909993876464563,0.0013710144874865262,0.00010091284015729444,0.0007024236417457712,8.264258525024835e-07,0.0005438010354699185,0.005964773909673728,5.259693785195146e-05,0.0015411204083344687,0.0017540372014695552,8.037329337165599e-05,0.0018678718567753517,0.0009633002359818116,0.0006102183806602743,0.0004360482124748408,0.0008021249946226347
CGCT,0.0006837209669195093,0.0014877035889499883,0.0016151047326706542,0.0012032226624744304,0.002331112971713764,5.960237567948849e-07,0.000946627806432793,0.008467551169394336,0.00023688039540632508,0.003405086589868745,0.0015473297735192132,0.0013852496083750243,0.00528422091156544,0.0015305891780793507,0.0012976140073197309,0.001871488527927258,0.003031333491498452
CGGA,0.0006348879416237085,0.0015159125386605783,0.002587603690462393,0.002864044049968824,0.0010948059213777956,0.00047977962229439896,0.0020080782749949595,0.004063222633259284,0.003026313382186716,0.0021085781174736283,0.00023347227811714078,0.0006345363202624003,0.0018806129951534944,0.0012864544125291552,0.0009842508949623743,0.0016611688248413384,0.002673663332108758
CGGC,0.0010798929402423298,0.001407894467284582,0.0036294019298790245,0.0034555968116895012,0.0015657092508277318,0.0005035942713839095,0.0026456615853761656,0.008694384425321737,0.0050734700102331495,0.0027046006488603133,0.0006060553204701087,1.2287177512833462e-07,0.0029960712049339634,0.001584318433226517,0.0017465039821989775,0.0017876641088165844,0.003801923590448562
CGGG,0.0009101932397163644,0.004327036840166952,0.0044009828428263,0.0074412625966099166,0.002037789786694411,0.0004011350493633289,0.0031586957443092223,0.009266790565066818,0.002347701032645272,0.004346827668762527,0.000966304456351983,0.0006573174778671311,0.0028280677316490695,0.00042737176224055405,0.0016133753113549958,0.002352620414658576,0.004369786227302038
CGGT,0.0003679973936975399,0.001330741048139668,0.0015353773210154019,0.0018128564222006569,0.0014591195900655815,0.0003869915071288821,0.0005913524842954457,0.0035765088984926184,0.0021440702165910082,0.0023506632575007896,0.0009563136627787594,1.813412921372505e-05,0.0014581643348563782,0.0004136130412067508,0.000829278455776843,0.0010809954483854596,0.002375592967906026
CGTA,0.00041209700330245027,0.0011085313187608526,0.0005093648522143041,0.0016111035212351085,0.002643591980499077,0.0012093181042496502,0.0006968376766860622,0.002359444633674523,0.0003017072753372973,0.0027021299813336946,0.0008983735754106223,0.0004658334938049932,0.0009136210364830738,4.693069224553689e-05,0.0009249919917979239,0.0014660997374352797,0.0016313748583167654
CGTC,0.000492663802951032,0.0012159353949963549,0.0012572943289967287,0.0014068341267839757,0.003054641732388969,0.0004346138326119877,0.0004795102160870525,0.006602428583293914,0.0007905549106640461,0.004528716318036964,0.001463536360760946,0.0011403057653065916,0.0031005474490513316,0.0017612313395615206,0.002024819360929216,0.0020712165079395804,0.003364729475937288
CGTG,0.00043732992804455725,0.0032384981719170503,0.00151785451274116,0.00542838255220163,0.00661030926413889,0.000700390366817633,0.0011132954998855976,0.007337116276752238,0.00010088250219072997,0.006925823883260782,0.0031758030232557637,0.0009530514692523123,0.0024228485674126815,0.0012660862788337474,0.0023885381076318326,0.003626057462738172,0.0035207282031825557
CGTT,0.0009643670793656895,0.0008672705324881215,0.0005381098166464508,0.0014227470051091,0.0036072949260318233,0.0012224126215718298,1.1920928949405499e-07,0.005384147540159912,0.0011747731957898369,0.005568070101229059,0.0017798256656042582,0.0004454945858141962,0.0018797322697660965,0.0004826292466478875,0.0014611316536013452,0.0017267752248487202,0.003256372073754662
CTAA,0.000986946059501279,0.003500359371036152,0.005801372397219663,0.004261383859305602,3.176380796579558e-05,0.006982535203315864,0.0048579798788933,0.0010189285946263485,0.003078166069299458,0.004742106368460592,0.0006701345521199312,0.007316307759831762,9.472478316405495e-07,0.004554171378471349,1.7407299539664688e-07,0.0030873898748203124,0.0008654044087613935
CTAC,0.0015674196364071278,0.0047042111386822825,0.005263454113882996,0.004093121936681406,0.0004599709233344433,0.0023285167587183317,0.0020746078627114006,0.0020761988649685825,0.0031154741471892547,0.003497290649771567,0.0017903238502103578,0.003491868416866573,0.001890362252372728,0.0023195079775469233,0.0012050399910125303,0.0018458414694541988,0.0008488871872036982
CTAG,1.321332462674482e-05,0.004874834001258385,0.006756343293919544,0.005553956025408493,0.0005135730751546488,0.0027437788173485106,0.00145120785074275,0.0011977054339426213,0.0009062439792972042,0.005751924598555802,0.0023373812540574096,0.0066295446138602745,9.920648308615021e-05,0.0033484824280374235,0.00036078341408678276,0.002248037773302501,0.0012376068498107602
CTAT,0.002492802394054306,0.0036249777085532128,0.004469537244946901,0.003817158060049004,0.00027489240117627584,0.005500729164838148,0.0033527537484498624,0.0012559003540000603,0.0018812889214374967,0.004431657054781044,0.0009459587777598233,0.004787599859951978,0.0005887407166365599,0.0023467964745450902,0.0001963462932933988,0.0022322643663416665,0.0008788747975610133
CTCA,0.0030839317820788195,0.007221134608531475,0.007210872665827534,0.0076836523754854075,0.00037293916525503527,0.0029195533736419746,0.003401106349247187,0.003844785790410605,0.008719764756353172,0.00646656716813289,0.00025037164899673617,0.005807257613260253,0.00541299928912205,0.005803649715187093,0.0009724765488105858,0.0039122390150679925,0.001625658868010763
CTCC,0.00660549626686134,0.009863676580278221,0.007553967397298697,0.0070495829529119685,0.00014860995074935025,0.001491747578575442,0.0045667176565489295,0.009151345540493606,0.008426381034491134,0.006914631252814003,0.003333755922735802,0.004716401669504794,0.006811925733536107,0.00458206944357107,0.0039817499131961495,0.002437245922664568,0.0008619605591858245
CTCG,0.0014788566811704525,0.003230075608063162,0.0027473406915543975,0.0031914407011773642,0.000811054882848657,0.0004832018973456952,0.0008743222390130794,0.004934897004381218,0.002913317000745548,0.0023876045590556744,0.00197690357950976,0.0013799527987399818,0.001207877496201166,0.0008010808524328138,1.0426767598268474e-05,0.0004303312538133244,1.1920928951259859e-07
CTCT,0.009757520495126,0.007490598244088184,0.00709601621322419,0.006614856899008988,3.176486275035064e-07,0.0026402020416930677,0.004217238229271535,0.004138663767316578,0.009736053621137308,0.008326032484725687,0.002164889344816986,0.006340508724451753,0.004892558950362713,0.0058877921275569105,0.002043181867041069,0.003702981418312814,0.0013509485662827594
CTGA,2.9373963684257415e-05,0.0091646750055031,0.011816817272791661,0.009734957705805306,0.0005418642986513353,0.003892292032768168,0.005460448905163322,0.003518972379038568,0.005798078050611868,0.010103636071594898,0.0021945654970482544,0.009419242069443995,0.002315781184550673,0.0063679494427187275,1.0131944237443104e-05,0.005869807741253292,0.002513093911036514
CTGC,0.003019592842063177,0.010628620563578092,0.01468704419551784,0.010013382115214738,0.00015410320514071922,5.761359987011121e-05,0.003392309298960239,0.008169263776006026,0.009442686510714572,0.00956837272680848,0.005124390960379969,0.006591753425131443,0.003913659246218589,0.004993983168866837,0.002102366982881614,0.0036608036240357304,0.0032461511222702274
CTGG,0.0002872487641969934,0.016009430736560852,0.017926045511216588,0.017603059963873437,1.1920928952990608e-07,0.0008913449192615395,0.0020849342914352966,0.012013607319419155,0.003954632519409552,0.016676158267078748,0.005880629231175875,0.01224426136715193,0.000979365345691802,0.0054487186648982345,0.0008813124775151225,0.0037920398635913014,0.004453066132152244
CTGT,0.0023484413938441397,0.008404132703783975,0.010759446277872455,0.009064737186905236,0.0035517081321766106,0.001742896993723959,0.001141753601226252,0.00398025218663763,0.007312127745956375,0.012993449124382552,0.00612628293360172,0.006943368021110214,0.0013328684249466261,0.002955944028455843,0.001195788991569425,0.0037420134968479675,0.002469607828172538
CTTA,0.002731330758174362,0.004778329335625998,0.0027854670559625144,0.003800775070227897,0.0027959897732047897,0.006839292940706848,0.005242152170157867,1.1920928950974928e-07,0.0030082974365793352,0.005736841304890162,1.1920928952268341e-07,0.0036024913397471967,0.0012976900868080336,0.0026467718656906186,0.0026310838988292257,0.003742285992635339,0.0009119933398681193
CTTC,0.006850952259548032,0.010836011903044932,0.005142835964227685,0.005988962840358034,0.0005945623530295336,0.004426599521151299,0.006961778163461591,0.004578176055421815,0.006474669964232949,0.010321911379453437,2.2392343538069615e-07,0.003714185890437084,0.006081199934493671,0.004715908069855305,0.004779332638262579,0.004621517759822695,0.0026261141645374064
CTTG,0.002594193767854516,0.00829073823703217,0.005710156481944968,0.006966344236353951,0.0034549036380812446,0.003219324569060493,0.0036949936035087943,0.002041947749994167,0.005873705055164613,0.009043592554449057,0.001814041720211408,0.006163365103099217,0.0018490588841093931,0.0040544051043214175,0.0021921544733626594,0.004085059232185027,0.0014073211247162436
CTTT,0.011477275419185595,0.008662224306524448,0.0039325346865310955,0.004695259224716339,1.2464239461081297e-07,0.012476026031458401,0.011065238418457536,0.0030454224792003863,0.010394073093943352,0.014925938985684506,0.0012051220475532607,0.0028470728193570995,0.0058369166618551915,0.007305479672158032,0.005426067561199291,0.006979641659013248,0.004630998308543087
GAAA,0.002906999082371571,0.0036070649128628375,0.0024472347437058954,0.0014697909799265153,0.002557427167899809,0.011195940709183835,0.008719850264494577,0.007431748885755686,0.004929268962932645,0.004721206754696937,0.002297641654639364,0.003236043873644749,0.009215244104770325,0.006047040480743185,0.014246133783227878,0.004680146491548049,0.0077341523106484724
GAAC,0.003334510380490904,0.003006133781040374,0.001316068418823933,0.004034398397443368,0.0032076546221870735,0.002983716383844993,0.0023658448063881505,0.0021655206619105687,0.0017977335230676386,0.0014326991021760753,0.0018421376367096494,0.00044118775232636186,0.004662019988749213,0.0007729329155266723,0.005601407232746619,0.00249624113714454,0.0026125901450541364
GAAG,0.0012837128259030213,0.010357524345026833,0.005418085129942645,0.01077845980169209,0.008081509118081386,0.005931966966192312,0.006342693378003664,0.005671833543384021,0.000635491793167031,0.006659390813089108,0.00851758204166011,0.0003903436699219866,0.008306603390379379,0.003942437929864161,0.012632237832828947,0.005410934894491802,0.004429859120963145
GAAT,0.005618721471984542,0.0041976187910707135,0.0010642906392640222,0.003177366642744885,0.003857814832444488,0.006126527771027458,0.004065523215063943,0.0033781977908864183,0.0024867014728897174,0.003484520993519466,0.002671790314932584,8.086849275121273e-05,0.005717873564398253,0.0012099669342729555,0.007715581975414378,0.0026048534422673316,0.002764862288373897
GACA,0.006290094951740979,0.0034384104358094305,0.0008158975147822397,0.004821043669624025,0.004023248549027072,0.0038626444386769413,0.0021420570984403454,0.002548496802457252,0.0008550027514589685,0.0005057755113589596,0.003493035706277831,0.0015535148349093187,0.006971384583071207,0.0022326248516070556,0.006874221462041458,0.003655560520204702,0.00338591211042451
GACC,0.005685752697869077,0.0018975026505807728,0.0004360140813785314,0.0022632761464715765,0.002169124253623485,0.0010835036685535242,0.0026283619887742353,0.004239520089510316,3.0070837135904933e-05,0.0002705950249270252,0.0019027286063805072,0.004014784795186627,0.0067749748048622944,0.0043521943904199605,0.0058899410024087495,0.0029563146227371065,0.002486879790382038
GACG,0.003797687684968485,0.0013985315995191177,0.0005173816210634364,0.0018749643267728193,0.0007069763144599227,0.0006002765015374783,0.0006573404129277808,0.0028366733123376927,2.692444271674239e-05,5.5270701915525856e-05,0.0017097182520919242,0.0007953150521239495,0.002464373553454884,0.003144986163513877,0.0018961330822432976,0.0007615802803735167,0.0007329479700373302
GACT,0.011016482420718135,0.0020162148677132278,0.00048023852656547787,0.0018687350411422201,0.0016240214198598845,0.0028252307001178827,0.0024211880795806163,0.0027581706412376328,0.0007620121392884989,0.0008888156189012208,0.0026325407685241706,0.0029667696743280593,0.006685986918376658,0.004332566325386854,0.005869903420130437,0.0028035256361422355,0.002082012213348909
GAGA,0.0007885709860104453,0.0044565799643893084,0.0038386016744895906,0.004087687555755561,0.00255786157846678,0.003782474667385,0.0038104526754897013,0.0023865618559007163,0.0034069783785118826,0.0012922981545593455,0.004501730258316883,0.0004676670374876904,0.005310363438735591,0.005811573416075909,0.0071528184243635886,0.002697516072035332,0.003509976827970544
GAGC,0.0021238428344105987,0.0028612316307056788,0.0036789478019158724,0.003804880563092067,0.002314109807717943,0.001203366402120505,0.0030408102622605515,0.004239327835068406,0.003966362909331169,0.000943678448193007,0.0035289008936163807,5.161412595468147e-05,0.004965724871007943,0.004461394866073278,0.00556390392775462,0.002117063896411886,0.0027046241538094657
GAGG,0.00045466535200470217,0.008505411953673396,0.006158290154735477,0.00739761776074944,0.0031054148498228813,0.0019636877129510376,0.004850513479633112,0.004586379716942269,0.00170902398372647,0.0031902726991017154,0.005939724492982296,0.00035989878701150283,0.006260606744687255,0.009149409580528544,0.010088207033080642,0.0029964620430921775,0.0034098442740913056
GAGT,0.001380508336261467,0.0027327206957231944,0.0019756750561385965,0.0028450970715400326,0.0034444483677748654,0.0016032454969780376,0.0015313001200017297,0.002582808413055011,0.003136699064608436,0.0025889700199373936,0.0037981766275846144,1.1920928952126386e-07,0.0029103307938151126,0.002863002341891601,0.004740815152126033,0.0012782862933420267,0.0009876367866106385
GATA,0.0037228709166708643,0.002522154939674357,7.142495369306897e-05,0.001854214856873019,0.003037477476251728,0.0043354370239061055,0.0025534321198857368,0.0006294579802666208,0.000551933415869914,0.0005852120859024287,0.0009687877240406303,9.856939811217701e-05,0.0022109639546936287,0.0035229500765061768,0.004508386008503732,0.0013399643826373078,9.187154413875273e-05
GATC,0.0061051655291368325,0.002649097877209296,0.00029827038751208097,0.0018540021009089407,0.0013215753258442005,0.002662992301950245,0.001929938151450896,0.002022260758127112,2.737163725432315e-05,0.0009790786319562822,0.0003083084292891557,0.0008187634470357454,0.003975732303654484,0.004570470531170049,0.005138743299076181,0.0015788351050227635,0.0011727135713197926
GATG,0.0038112587946225467,0.006333170675977763,0.00016155312240910893,0.0052547501874989164,0.007516943178335156,0.00395759729810592,0.0030825729290442855,0.0021598067841739903,0.0016252720293520495,0.001993843756075462,0.004553485371019746,0.00028172859399920385,0.0058730383477513205,0.011568109686621003,0.009008983234736603,0.0032351308835396925,1.1920928951259859e-07
GATT,0.012869908057196669,0.0034140416391021597,0.0005033562118931386,0.0009326557177733088,0.0009796757862663343,0.00550646338650204,0.0038203898944616206,0.0033523640440034216,0.0007025863433585083,0.002306051400882638,0.0009416133575700247,0.0011520737926067383,0.005931756075491001,0.005635566073621084,0.0070752259063271,0.0016059689246148332,0.0013217605891966612
GCAA,0.004120275210213451,0.00013824839095966795,0.0012112936476176524,0.0012764807394939036,0.004819132871906487,0.005062652677813529,0.005454679393666568,0.003018367519233563,0.004914730367992495,2.3107508445249015e-07,0.0017654489135180346,0.011708214281255498,0.0013306529029646697,0.00038359738410792473,0.010712138831518543,0.005298640127468433,0.0046890780943691455
GCAC,0.003833222434013259,0.0026659408014396866,0.0010438849751744704,0.003679019938521153,0.005457646091091149,0.0010374039519957534,0.0027952829224222138,0.005627536796855816,0.0032093295876801046,0.0011334298303157218,0.004392165521065167,0.008417831577876893,0.0040517266680612325,0.0004968844824914414,0.009532676638978846,0.005150708946278084,0.004513796417188663
GCAG,0.0030806095949379407,0.006165078423708266,0.0017222489733584438,0.010486552331387705,0.017788451754314545,0.0011271813240208099,0.008879734594879627,0.015114135090925273,0.008669868692602356,0.005855806076516045,0.017115380367272642,0.01821434255261671,0.0011086976641827837,0.0008118879217444142,0.020020675662538127,0.010613904986106905,0.003043404763194163
GCAT,0.00856446787842833,0.0018312344602274381,0.0008123857718205275,0.001785877281319825,0.004204515716627859,0.0036174894126243416,0.0031294166268479584,0.0024246762324745662,0.004538707296469238,0.001733535022022759,0.003246320009593452,0.008157154212637418,0.003149167575353162,0.0006456858378443961,0.008960213770567747,0.004682516594766719,0.003750620410111399
GCCA,0.006701750030651154,0.00017407913668591847,0.0006605470298532406,0.005736169662004382,0.006225939680696804,0.003701546735339893,0.004408747572401126,0.0077430719736538865,0.00437446689786112,0.000626505132333824,0.003488218972066896,0.01687009111608576,0.00798226294512415,0.0027875790677213803,0.01806017422733657,0.010383075788855497,0.011481592522107948
GCCC,0.009604627104324017,0.0015730334172769772,5.3148504250993445e-05,0.006617447835527711,0.004729584976288893,1.8082183699761576e-05,0.005308349189817646,0.018671273451692158,0.0021148826688746534,0.0021348140791617935,0.006695505015262576,0.016330018831324126,0.00979554947751798,0.006043969673954161,0.015729900891163245,0.008157026161234334,0.00930076447813838
GCCG,0.0040938192304700634,0.0017797388003690101,1.1920928953811169e-07,0.005424468905236196,0.0033027405456881593,0.0005815619244787073,0.00120398985157084,0.013274256965123911,3.8258961913966894e-05,0.001128391998697853,0.005112185996879337,0.0063257707319439105,0.0034433380811292316,0.0037857471240427196,0.005491896252041716,0.0025038989317023616,0.0041697138503798935
GCCT,0.01973228234445189,1.2155146806583355e-07,0.00043707594804076415,0.00511538017271648,0.0037478849090725125,0.0038670758208551753,0.005689703755268499,0.013646611087759155,0.0024617894665843127,0.002028955157079325,0.004771116566271271,0.018969440558507057,0.008596277855301811,0.004779952244183449,0.016227231932649907,0.008549156688305483,0.009044497325259323
GCGA,0.00021399065978104702,0.0003659813754483509,0.0007551178349615855,0.00075483406202735,0.0007831169137795607,0.0002741706765816366,0.0005097517645449086,0.002347078231042689,0.0012478721530429914,1.1920928949196488e-07,0.001660389222799061,0.0008606976596997121,0.0003384677456777645,0.0008138034398032543,0.0013244289904976601,0.00031288679143348565,0.0007527420268972773
GCGC,0.0007074433663630121,0.0005650288487759162,0.0008102805625140135,0.0016312985631594824,0.00164066486333003,0.0005030604269056619,0.0008224721355351506,0.006079116938090976,0.0017566266187953362,0.0002727001902990608,0.003661746805780215,0.0007180815162007854,0.000500107079237734,0.00050297184187073,0.001959932010953805,2.784468005435507e-05,0.0005974454154751697
GCGG,5.764711677833766e-05,0.0014291836979858801,0.001272843785674963,0.0020693369692254683,0.0023262666995347773,0.0005551045067288742,0.0011932792050747011,0.007230279547825347,0.0023188959671203466,0.0004092338284517608,0.00506466253569569,0.0011833451959973873,1.1365910001245963e-05,0.002149368490435404,0.0027621275641382943,3.2459881363183827e-05,0.0007160555774526579
GCGT,0.0005978773762280016,0.000394232833038876,0.0007721637373500307,0.00046961954241228604,0.0007461741708987905,8.583680931141042e-05,0.0003264680768019707,0.0017409399442543914,0.0017431858487251478,0.00012358886157621957,0.001346350783507447,0.0008722951819457974,0.0003796447601344273,0.0010395494429647778,0.0013499481596880227,0.00022546582699683632,0.0005188977837308001
GCTA,0.00637637752853437,3.337902715470233e-05,1.4979466719760146e-05,0.0003619260146125132,0.003696327883747542,0.004338346017824084,0.0033611379605844676,8.153744751663692e-06,0.0022873980759550608,0.00018982845724477312,5.490166075551004e-05,0.005894392218506585,6.057938799506939e-05,0.002473646975497192,0.007619475537117334,0.0034753993730339233,0.0027084118996799265
GCTC,0.015458319759912539,0.0024501438378958917,0.0010372797515703588,0.00279107423172759,0.002608518815894432,0.0013186400418324156,0.004147857001824568,0.006944229234586555,0.001773825695717119,0.0020259222664894753,0.0013122723676654055,0.01234026946991398,0.006188036265996803,0.0069235041168748505,0.011754671459464433,0.005800713021408561,0.007026738963190009
GCTG,0.014003822471952075,0.0028762124074212,0.00010125684832918437,0.0060849082407757596,0.01497678907493209,0.001644573538610247,0.008338760016231222,0.010137365307246841,0.007820147516795484,0.003474289361653184,0.009181199635075491,0.021652251627060786,0.0040360860694434245,0.0160004465608122,0.02368927369520557,0.011848966158067869,0.007809843459138011
GCTT,0.030851864715684643,0.0007642493012524758,0.0016247904825723754,0.0015303661059441374,0.0020487894474161645,0.006075962588365962,0.006663804164433284,0.004000378972309527,0.0036490290424065833,0.0012876856473145303,0.0024272170215842216,0.014351021650191295,0.005242347132863147,0.004994313954963049,0.012483988424442496,0.00589225824762702,0.00453366420289007
GGAA,0.005264651871981303,0.001695978358359751,0.005957865067215257,0.010649719829599702,0.006688344356456747,0.008224183474375223,0.007834907805615663,0.002660369367477134,0.005796919991548854,0.002420937214239909,0.00028292918122562334,0.006533622616467713,0.003998502548825607,0.003913490335502064,0.010210448467081282,0.007302293182710407,0.006143697347878259
GGAC,0.003429934969557905,0.0036206654637500253,0.003550059021616232,0.010257585409084984,0.005604330417545769,0.001480613571206999,0.0023425383637746423,0.0027953664093283166,0.0022116363576548956,0.0012133260548964865,0.0007287549806710423,0.0017977461443107064,0.0046389838463538335,0.0010278707255679512,0.005366578411440722,0.004437714465930996,0.004097652143068753
GGAG,0.0037825342947591894,0.009885943424449931,0.008340839870528442,0.02711148854324541,0.01411116721382391,0.006018646682226383,0.007484371738700027,0.009775222084270514,1.5603343042713745e-05,0.0058758992998234096,0.007907508582931011,0.0035546537926121665,0.0044054892918537515,0.0030452452768146496,0.011651117836278362,0.009506597268478734,0.005971120397141224
GGAT,0.005132689798045267,0.002834124096857444,0.002533404734728978,0.006979854587772899,0.005519532905388809,0.004040095566764479,0.0030174930858253074,0.0022709394831282592,0.002887275037031761,0.002999107464260041,0.0012121779485486444,0.0027693635000784803,0.00341736740770325,0.0012767130881971022,0.005924791929831016,0.004252122989487984,0.003415502564254368
GGCA,0.005840803120049461,0.005084169697816075,0.0010483956467446725,0.02103417167449813,0.012505021200944844,0.0031936318595840543,6.920316020637976e-05,0.0005026202531627699,0.0030344318268629047,1.1920928949196488e-07,1.1920928952268341e-07,0.0016013414960316479,0.006079157910265077,4.2545819816520896e-05,0.008098612514462863,0.006287725590123232,0.005714902579703226
GGCC,0.0062948310368361,0.0010580685682507894,0.00262630903489963,0.008889792582913196,0.00496587211886283,0.0009721590237434135,0.00483263207337707,0.0113761026667069,0.0021709034654056694,0.0008248383577389495,0.0012457477738071821,0.00878187156660721,0.009731936117177088,0.010926364280992083,0.009762752167665317,0.006282473394478228,0.006267450947416657
GGCG,0.002253804357684568,0.0019179477950115667,0.00030825389580144786,0.00833073535046944,0.0038509167505780166,0.0010855689951458022,0.0006275891203523015,0.008123106091582316,0.0003522124678897047,8.97989665494228e-05,0.0021011168814667066,0.0009918581808753004,0.003952408003129116,0.007442678791648573,0.0030285804840237667,0.0019213814644669892,0.0026596418408450988
GGCT,0.011222871610427626,0.001762227718149064,0.0017631128155008492,0.009343607189866387,0.00626964274993186,0.0029610671467664995,0.003088471884248542,0.006838412448037967,0.0029699072180009475,0.00146659565787174,0.0002458662355514433,0.008274056204032612,0.008809443423834022,0.010011172736337663,0.00927485950267375,0.0065592906832684155,0.0060453313303822365
GGGA,0.00304090381505147,0.00428492145657387,0.004787861768063209,0.014263493611638195,0.0060142283913818505,0.004400660514363187,0.004089169730608843,0.0026625432815800447,0.003351097164889607,0.0006604586662525784,0.0006884314283217656,0.0007641642274765225,0.0033270532371131407,0.0040608581724546795,0.005569840978293744,0.004716918718857466,0.004116047563216618
GGGC,0.0034827303022868083,0.002853898352520629,0.005497104507355085,0.011313070596907341,0.005093891604280445,0.0008809046315362038,0.003716846764143189,0.007380457581031577,0.006108163161199144,0.0015113018275095687,0.00150568550206272,0.0002627345164395925,0.005843673190782147,0.006997032134911685,0.006150931519758403,0.004463957594914487,0.005328336799889302
GGGG,0.001842208132584056,0.007015851435290264,0.005611419849437394,0.01738268065681965,0.006429133683735611,0.002488524798977327,0.005079174204328196,0.0073185915952373014,0.0017526335846677343,0.002781766295053169,0.0032180364294526666,1.1920928952126386e-07,0.005302718928688512,0.006284949110689298,0.006732673340901188,0.0055095008895310466,0.004902995029488609
GGGT,0.001782268035067994,0.002409359708120188,0.002832893236634908,0.006731152005707187,0.004952543479903697,0.0014118824657207284,0.0010251003249146912,0.0037648996825868607,0.003881034066408961,0.0031276740945173635,0.00254911850419855,0.00048646606972935886,0.0027437083130880846,0.0037889745964508254,0.004564254407916003,0.0027104507154072015,0.0032137314363395626
GGTA,0.003614630149927892,0.002459818353668709,0.00011559099337456714,0.00873290741443462,0.009308034289031696,0.004550519906668856,0.0004923018453421305,6.0336033561446495e-05,0.0016033330429953063,0.0021504795729969453,0.000539275038242511,0.00044599989973252534,1.1920928951560724e-07,0.003903869032919974,0.005062797019453009,0.002828311167886855,0.0012436704497918265
GGTC,0.006443348453515683,0.0018682136763261185,0.0017626672515452801,0.005942758001537737,0.0072662846272774795,0.001453162001159023,0.0013710536982403487,0.003535032580336373,0.0029002523679204323,0.004370560204251153,7.853160603002092e-05,0.004615409238417727,0.0044243696477877905,0.011166339052044857,0.007935427963203795,0.004467913686362906,0.004100139678986505
GGTG,0.005107781852028827,0.007299433083728749,0.00044397293337699207,0.02133270693157174,0.022800927227073726,0.002830881232530434,0.0003203015319105307,0.004008589362936333,0.003999131243081076,0.006001709506914067,0.006178318230929534,0.001651039672371754,0.003711942598087188,0.01813381402648468,0.01252194851032395,0.007782151923034507,0.0018119532035079352
GGTT,0.012571057549607988,0.0005697071756469834,0.0009545068765835383,0.004711215689694649,0.008486095579553495,0.004400039230312338,0.0009249969761375607,0.004409722703057649,0.0040438428802686876,0.007703406950164138,0.0031042612888285094,0.0044436098672702195,0.0031220092363609684,0.0095854013416057,0.008043116047142121,0.00423505924722348,0.0038307908046481876
GTAA,0.0014259091519322066,0.0012126507877297178,0.0017267792880181609,0.0016931283788470433,0.0010517413923548675,0.003230520757139745,0.0015316317412964755,1.383805895404313e-05,0.002099483885014638,0.0009953210154110572,0.00229076104358147,0.0010735220870443645,0.0015298391046878526,0.001468316015654193,0.0031351475243586884,0.001309603517655316,0.000716583360695245
GTAC,0.0015326607769810426,0.0017199983224872439,0.0014013868139226091,0.0021733443146512094,0.0013742230765477884,0.000965523331264638,0.0003505732323265994,0.0004091928923982851,0.0016749445531097315,0.0006656047540649936,0.0022304461798768886,1.1046051726092357e-05,0.002028461527004032,0.0006028946820159684,0.0023314597634062346,0.0007723992806647331,0.00034668290310080964
GTAG,0.0005746379093501978,0.0028484969904221764,0.0026003756399649207,0.00362573605841914,0.0015545533351868912,0.0012709444541365213,0.000354079629908506,0.000622787722064818,0.0007760075631357935,0.0021076079908325415,0.003249447574330725,0.0008223691715570748,0.0020903299554668976,0.0018976601166441531,0.0027114328392440486,0.0011145971109595189,0.0005879333056193856
GTAT,0.0032829988936546495,0.001764557613043128,0.0012679047000855614,0.0023121612267835113,0.0017301172481083175,0.0028840012223483873,0.001015220439705241,1.1920928950974928e-07,0.001918452864834246,0.0011971052363324436,0.0026883370562304594,8.370184806901655e-05,0.0017503305410072193,0.0006227117113262423,0.0027663912708827815,0.0009916280104237062,0.0002326126560256971
GTCA,0.002342110068232611,0.002084223515178077,0.0009519336276285744,0.0023650636542267003,0.0011940546285512477,0.0013821436553235738,0.00011987943190049297,0.0008927868216841465,0.0025445489986186992,0.0005884740860473888,0.002578895537214746,0.0007172454002880655,0.0037413681462945703,0.0016096776876249345,0.0035368307881899993,0.0012745007036494376,0.0011127970013176493
GTCC,0.004617330366101342,0.002208810326656571,0.0010819454612308091,0.0020566140173640087,0.0009238223915487176,0.0003601270706351653,0.0009687703133472893,0.003037310026044078,0.0022919748370468047,0.0009361250475466653,0.002469981353930452,0.001797524370912228,0.004410853631491212,0.002326135336392831,0.004148592490158126,0.0010261311131236747,0.0008479260121079616
GTCG,0.0011623519506009205,0.0007384282096226643,0.0003789352972078035,0.0009944375029361384,0.0003796287227978345,0.00012823282889841062,2.128545550610578e-05,0.001213145690424828,0.0007644995395434621,0.0003194827281216184,0.0009633969489742373,0.00030225207476160796,0.001048062124573327,0.0010479571334874192,0.0008814359751232661,0.0002040010404007691,0.0003414696528767315
GTCT,0.009542015541868364,0.002046535189039126,0.0010072924961215643,0.002155660084275131,0.0006929181728900943,0.001812686411911711,0.000994333085731075,0.0019097687733897215,0.002599813917927863,0.0012427880226482714,0.0029025797001249114,0.002072769638259595,0.004344294923848251,0.0026863734938059854,0.004157301579336518,0.001345370248679636,0.000615195815773252
GTGA,0.0007007232982049063,0.003039098828516127,0.0025283805846236284,0.0031720671463225216,0.001567088245311315,0.001425311413794266,0.0008302905051491437,1.1952835501470068e-07,0.0026507006291986443,0.0012490002074662192,0.003591225464974572,0.0007018248909676576,0.0031471590904006575,0.0024960985344965325,0.003979490743992556,0.00178783425840526,0.0014337281244837853
GTGC,0.0017269694903945996,0.0026196081585666284,0.0032949197005196274,0.00297846870098279,0.0009667966027845794,1.1920928952146724e-07,0.0004110973835547401,0.0017002069605861598,0.0034360075884201854,0.0010005417066613243,0.003967687131785955,0.00027263329259093265,0.00390969107673372,0.0026632548190004836,0.0037942221103391387,0.0011354782122234594,0.0013248415289215385
GTGG,0.0003098078420898777,0.005554065940916784,0.004444795552106198,0.005031634209132869,0.0007327881453576606,0.00030242605259471516,0.0007673478821821533,0.001996127708622507,0.0018815118447577555,0.0024783472380383066,0.0051774368136030665,0.000977491606282819,0.00430064086578868,0.005830701461191046,0.005318357972862444,0.0013708793243593796,0.0016406051763603491
GTGT,0.0015497413598410947,0.002686099164901525,0.0021316400641551193,0.003316957566250959,0.0025971283262641903,0.0008215811431534445,1.1920928949405499e-07,0.0005013404593592648,0.0037984512658738403,0.0023895223667158663,0.004659129345771141,0.00018492765314654768,0.002926241993170075,0.0021770618457588255,0.0038153986781938364,0.0012325774911987623,0.00043785175929888804
GTTA,0.0026742438180275756,0.001775536897885011,1.7287071412369524e-06,0.001906325336356708,0.0030130330985705406,0.003297017279028686,0.001049479419520986,1.1920928950974928e-07,0.0014370198316747188,0.0017111974555621796,0.0023217286617559455,3.879608789258253e-05,0.0010600330008616703,4.141502038251309e-06,0.004142470269957614,0.0013789076125050894,0.0005183864888800912
GTTC,0.006032103199982513,0.002627700874668004,0.0006781433705218401,0.0014421185473731473,0.0016414116760863507,0.0012249943165192482,0.0014871521093416651,0.000796368374168348,0.00232032923405326,0.0030042605297428667,0.002146106913150868,0.0015071326935604675,0.0034905449290759615,0.001606392663881128,0.005797095516909896,0.0018233484055940811,0.001338583477222268
GTTG,0.002541457538853176,0.003106549302793085,0.0006036719770289158,0.0027584846105319725,0.0039897105998756895,0.0011597090253151678,0.000271009985164236,0.00033671422452963393,0.0026591996918104684,0.0032553589926519306,0.004688197979377925,0.0005575974065006435,0.0021791504421960184,0.002535780568264077,0.005283423622381051,0.0017173029341281372,0.0003523125380346203
GTTT,0.014634807383838972,0.0032272814894797595,1.1989532182331245e-07,0.0024525334436827076,0.0036558568034984864,0.006010969771792718,0.002698239673380607,0.0026501229432539354,0.005025692247478378,0.007788909567600156,0.006518568059259196,0.001100567315946446,0.0042033580153831305,0.0005186957186013102,0.010241774944695966,0.0029725156526508745,0.0030407719483848197
TAAA,0.00017872945617394115,0.001265396504119387,0.008124089092783214,0.0030792164914711347,0.006841495375473024,0.02496161781396757,0.016526679467434392,0.012291357615363202,0.0030138982295383103,0.0038034369621115366,0.008678984020941105,0.009771034910913442,0.008679384261788709,0.007115449101950444,0.00044978102256244834,0.005461690956487537,0.00788741734775565
TAAC,0.001712266348163043,0.0010460109035534176,0.004024736518133772,0.0014629877012853967,0.004504839821077318,0.006151173850234913,0.005559451464061488,0.0007477703141733985,0.0026848948553741484,0.0009126749141555134,0.0031202792452722007,0.0035590305257684873,0.005035545234279975,0.0013580179789936273,0.0005666773659884513,0.0031395669870342524,0.002626728942654441
TAAG,0.0005780651487970541,0.0012796468918325828,0.007923258345100064,0.00447085709235533,0.004832800502881456,0.00942960567021801,0.007811598060383155,0.0005605429527429096,0.001070280724413455,0.0023236360297336995,0.005305332776769009,0.007857150517485948,0.0030835224696916393,0.0026945839519682485,0.0008930526469622638,0.004075611206419261,0.004034116183943246
TAAT,0.0012467151180077084,0.0005183659000991929,0.003959225617066112,0.00219097906189382,0.006949824541161758,0.014513318275580061,0.010876507257525276,0.0026491265527471084,0.005413074830785207,0.00299031778483223,0.004355780939745607,0.006052823011793015,0.005020675367118416,0.0036475771356668345,0.0011649876708930936,0.004317878339873044,0.004663045822963663
TACA,0.002749723271181171,0.0017560728311604816,0.004566256489653851,0.0026694808672397255,0.00837386674955714,0.011007791757505075,0.009808034729430624,0.0013346313943441252,0.0011056209786244552,1.269015217917743e-07,0.005158726076305181,0.006719406842146165,0.008079058838865078,0.0022936687511060146,0.0009500469549334969,0.005783838106625469,0.00417513738413313
TACC,0.0018034108739689622,0.003688506439498757,0.0033421899238948844,0.0034207169463794625,0.00974474869484667,0.0023273373741105018,0.004918149183780958,0.0020624048885672054,0.0010690640401942993,0.003524997343391567,0.005237916646976157,0.004431727650824163,0.01135031643011086,0.0011700535677431143,0.00011746736414439677,0.005162646054460213,0.0035739441522761265
TACG,0.0003366403584513877,0.00102882398624021,0.0015529897083398174,0.001176498658653503,0.002179457567363471,0.0008665402321628027,0.001001736100839071,0.0025055990751716526,0.0002692226162877306,0.0006843338988321791,0.002519059742866588,0.0008895268415324652,0.0020436405358584407,0.0002419521197645836,1.1920928949872136e-07,0.0006336557803373194,0.00039009715416067495
TACT,0.0021847401225549537,0.001971891965602128,0.0025662937292951866,0.0018175968602976843,0.00828199349230171,0.007248246539125915,0.007096627207717287,0.001995058005200629,0.0025126560124748517,0.0024855374005036397,0.004740067320598756,0.004489598267767112,0.008125947559454137,0.002079980012325991,0.0006436112341591777,0.0044429671628908995,0.0035280327802833717
TAGA,0.0005301740890992549,0.0009584177760603,0.008032863387625603,0.0028326820872748124,0.003350368063787674,0.006689651340962241,0.005455780711995127,1.1920928950974928e-07,0.0028049019782230684,0.002044962558265113,0.0039327419997690375,0.0063264637797608445,0.003686250831235587,0.0036362299290447343,0.00034444474994720634,0.00340815892079613,0.005084955108613619
TAGC,0.001296229539914657,0.00018103451208924753,0.005704158404244689,0.0012568545143422727,0.0029326480116553125,0.0026013200942406676,0.0033576154718699567,1.1920928950974928e-07,0.004495692763111744,0.000564016866706106,0.002479434476920081,0.002905592930145314,0.0038743173459458036,0.002804905887129347,0.0005891390144201456,0.0023936749837940962,0.0034919820175486347
TAGG,0.0008977387110681236,0.0016817868357900465,0.008586150341313756,0.004529764893320699,0.0033184523441448805,0.002900940563633331,0.0032995212081644645,1.1920928950974928e-07,0.0016941696254306323,0.003109373107570708,0.004031687659943737,0.005311228100555067,0.0033504137529526,0.002114004442776548,0.0005239901583541863,0.003074396016234804,0.004948337804181742
TAGT,0.00019979453039000903,0.0006696335033461416,0.0047582863042470195,0.0022653324017045734,0.005699359564892355,0.004247372902386044,0.0035556072468128598,0.0013287680078035292,0.003178036399449094,0.003271534714357519,0.005352964699718963,0.003463371661402226,0.0015514185840501333,0.000706804379494814,0.0009404474745043087,0.0019468721478972711,0.00164354680784732
TATA,0.002496222160901917,7.665488952258729e-05,0.0008792611444649465,0.0020259205935186115,0.007915943901353183,0.015551765811802332,0.011735006191204324,0.0028524543378201208,1.1920928952833423e-07,0.0002346844066637163,0.0012630428683361274,0.006375380929416924,0.001691594832830247,0.0012298060925437881,0.0009903169506593347,0.0035999384499584316,0.001066089680660083
TATC,0.0016012311975169382,0.0006367310946138497,0.0014121589330946154,0.0014041108198054038,0.0059541885607495544,0.005952469655292196,0.0061582818627735365,5.651416949099392e-07,0.00194938908106676,0.0020891267094824283,0.0012590258914455174,0.0040374395301416375,0.00458670409537401,0.0026397019304144507,0.0007308527480397946,0.003513162697180419,0.0011433253858812028
TATG,0.0022536518443174907,0.0011216937703757606,0.0024510415668019796,0.0040240398943332195,0.009698908472781797,0.009066829201517603,0.008570220493426595,2.8012024355841127e-07,0.0007296263805726536,0.002230749287804623,0.0031897572227020557,0.0067482468574774825,0.0026410220366861214,0.0015247332430040638,0.0011657015524675163,0.004418236365780366,0.0005419281111101424
TATT,0.002822012420011039,4.27379108764105e-06,1.2173572355702998e-06,0.0020535193905460033,0.010152923643563265,0.016934200217896357,0.012825939910782408,0.006207037956881697,0.006204775814275584,0.005616511157520992,0.003612154478672851,0.005277994588347863,0.00753268788979721,0.006019893863705942,0.0007326182910023472,0.004856215500480499,0.003718644508134304
TCAA,0.0007600962926177512,0.004759606703080906,0.0045042653677816735,0.00011845632041829566,0.004378997368230919,0.0072994256606871265,0.007023910797294292,0.0040448876242318126,0.007713739571395948,0.0025383145366335673,0.004465130596595201,0.007254158969085036,0.0037160553850545818,0.004354960372182979,0.0006003232086577069,0.003647629430199871,0.00253354242047882
TCAC,0.0013671810658257594,0.006324037935274143,0.004983018607428243,3.502236772126337e-05,0.006251887600298051,0.0028777277555178957,0.0054663806199772074,0.003890688961061832,0.007629867444790813,0.002595209997370521,0.005595497587064134,0.0058280719362032345,0.006817872190384195,0.0032143553049351612,0.0009088611323587967,0.0041432930953188805,0.002667385863972164
TCAG,1.1920928953557551e-07,0.009754220049644557,0.008437956686384196,0.004755150435247188,0.012354650575970585,0.004461044972777613,0.007659582604543096,0.009835384678554155,0.00881853868582581,0.00740518252125229,0.012318420336899494,0.012324500284227031,0.0043249478216476215,0.0014675850170586672,0.000126298611488493,0.00435743512633851,5.862511180517396e-05
TCAT,0.001273366137228981,0.004994294466493044,0.0031855705175892527,0.001260284041472803,0.006525955475120206,0.0066648559129953155,0.0068798130981529634,0.0014568296591559598,0.009240698365084832,0.0038644602137129446,0.004617025285881884,0.00705085476474095,0.0046512802296511556,0.00395522996531691,0.0010560993440196396,0.0047401099891007815,0.0037613479150696606
TCCA,0.0019438937720367914,0.007355193914772401,0.004267945500051797,0.0016884043029819196,0.0060620206725467436,0.004690263158737666,0.006765249955635172,0.0018759895649104283,0.01011497331702686,0.0009955544593321585,0.005578866321925372,0.006169972326163784,0.010472002517740496,0.006695955839699375,0.0016328668678998503,0.006369899457049226,0.006651296938934148
TCCC,0.0018184546350362507,0.0072728052212070625,0.0035824604031143535,0.001416894659116151,0.0060339293667776225,0.0017829330426886582,0.006649090442056171,0.00459608920549039,0.009990436806786468,0.0016905085237473578,0.00581827340944806,0.005701359146741893,0.010434376103853874,0.007347441652520809,0.0019416812195753139,0.0054954375171256216,0.004848400120163447
TCCG,0.0003788764212343812,0.002690007030282912,0.0022190444063933962,0.0006159167720779255,0.002272624073975018,0.0004948638856378947,0.0014945566399377501,0.004565413094744897,0.00344310984911661,0.0008332061235947069,0.0030252647735246334,0.0013640036020050041,0.0022995005163852487,0.0018572662971407866,1.4333622163901432e-05,0.000696579867911305,0.0008430627734766884
TCCT,0.002533309176701462,0.008082275567842892,0.0037302055946785893,0.0018046940743883827,0.007752668582599952,0.004329097991938301,0.008178762641894486,0.0028903387302575746,0.011879367137148988,0.0033250242544607487,0.007605371988165594,0.0073498290611448865,0.010471417712253685,0.0070817926013496645,0.0023110467046774117,0.0069317601833828275,0.006136290824695266
TCGA,0.00041632584601357614,0.000714897230878324,0.0019867027311734294,0.0002642914657242766,0.0008214710862145598,0.00017861212144869605,0.0006132545626440094,0.0016387098406619375,0.002421385679310371,0.0004999967643154056,0.0011344515506240512,0.0005814661453593604,0.0003453257731607115,0.0002132987383302612,8.254053816527134e-05,0.00016395580060717487,0.0005416513636881436
TCGC,0.0007198773855897397,0.00036501238510958957,0.0017994919724997678,4.7514386740343424e-05,0.0009551983854185213,0.00012771853695305176,0.0008023070898974599,0.002229526153940783,0.0028165252779640913,0.00022805150986759406,0.0012060032027984098,0.00029959391935624686,0.000285806437816988,0.0003773468394720838,0.00027235536177000057,8.945875693573532e-06,0.0004485681424779662
TCGG,0.0005412814147759795,0.0007239922893840756,0.002865397703910465,0.0005952244403427875,0.0011752184936926272,2.661136739080345e-05,0.0008945676089423869,0.0026862605498907963,0.0034327683130646793,0.0007315388105299483,0.0020806174398748886,0.0008236925675851421,8.575078228393864e-06,0.0001374445579941424,0.00034626608997817706,1.1920928954038704e-07,0.0005995282735783138
TCGT,0.00040868773864991594,0.0005528860317301719,0.001676586040837089,0.00023398906182478746,0.0009385622779576827,0.0001972222776988576,0.00043982374141470285,0.001422603027743503,0.0025476588829726195,0.0005857230593767348,0.001318770876416693,0.0004274582212015228,0.0001303292073668767,0.00039527602046102585,0.0002183820279113132,0.00010162949795906501,0.0006043791874177996
TCTA,0.001528821029105876,0.002366678439479479,0.0004812397851626566,0.0006886931470141058,0.00569400810742401,0.00711922643558871,0.006477346625433786,0.00017484857110477742,0.0034222989856425587,0.0017169426079594054,0.0017490235204482387,0.004249072273232292,0.001438646059498771,0.0020706400566268576,0.001157262324047484,0.0035913121304298632,0.0019399387901724075
TCTC,0.002279001526400897,0.0061903861082514755,0.0025147352801616852,0.0017414863185268073,0.00922944098045492,0.004146891900365443,0.008093246087648111,0.002469277657505417,0.00959187265553371,0.005656194529807973,0.005114719004754949,0.006687464990541704,0.008634807690055665,0.00786372959944187,0.0010965529849975492,0.007057206724890421,0.0062499210063205095
TCTG,0.0016198968400247165,0.006988279591245668,0.004256493588231035,0.0038236487976723186,0.014103069295959432,0.004455238359226126,0.009167194033516438,0.0013752661990832447,0.011158860373023714,0.007130131507581154,0.00966815905423396,0.010624642177038181,0.0048241148061160845,0.0067267587049817945,0.0013824470821047342,0.0077675546471993205,0.003962741103405798
TCTT,0.0039790690790328645,0.004934160671801977,0.0011799714421358717,0.0001468841738265,0.009981392565554808,0.011037898031145868,0.011174690429559677,0.0027117606996287422,0.015891265820653054,0.007920002547798729,0.006042400782255758,0.0078564209050035,0.006824063548374063,0.009808967224457765,0.001226921726916737,0.007480751834830921,0.007185383156022081
TGAA,0.0005894834751240686,0.0018422533015901078,0.015134388045450944,0.009138808616525822,0.010484360610172291,0.012655812689957815,0.010040397611626128,0.011735580577179362,0.008884489372943461,0.010101843496742601,0.01102410791902417,0.00944840449465483,0.009397899112466038,0.0070062925930539435,0.0012137327512233588,0.006855006004536136,0.009697921201668609
TGAC,0.0013551295996298335,0.002124610757187273,0.010017894147926835,0.003638798617875158,0.0074482032684234705,0.002448557659748052,0.005203307473280946,0.005560587270951916,0.007858494709901683,0.005343770285155811,0.005633632486203449,0.003913634388852329,0.008636168592273905,0.0029959505026010353,0.0012463395435809794,0.004789746160984514,0.005309876040642629
TGAG,0.0004802040232930588,0.004240733096323955,0.018031773789434685,0.015261626542945833,0.01429233032896572,0.0066330065008951234,0.00888151957949743,0.011154893002540122,0.004410533424504046,0.012818806853887917,0.013921961991815736,0.012395705695233624,0.0069884655349204345,0.0035630498529445028,0.0010979243672037064,0.007834100550082374,0.00843951275585178
TGAT,0.0003914621420151234,0.0018884191516499744,0.00797749806062106,0.005749232159925408,0.009534963234258722,0.007843505557169762,0.006895415703470416,0.004783169924915307,0.006781041515891551,0.009040001935262613,0.0065549562710551495,0.006815063052497551,0.0069577430537224325,0.004163569328302602,0.0004886329315448087,0.005924005859386232,0.00650125521865458
TGCA,0.001603576230843108,0.0038512618407866455,0.008379647550650269,0.0037475941837343345,0.012695620106126043,0.004418316926139025,0.007594191684791687,0.011449462197033848,0.0037382174220048827,0.006930477445751091,0.008247127949376584,0.004759335874922382,0.015199944712983986,0.003505074696894217,0.0007070539204369876,0.007242489740577038,0.004714962529421113
TGCC,0.0015828168448182639,0.0032723121599820453,0.007825931917312,1.1920928952958905e-07,0.01035844658894576,0.0005482110063916317,0.005797825463561109,0.015660073496020277,0.004099006132655803,0.007268590709643996,0.00857925778010944,0.004162218941651928,0.014286063442748208,0.004185458113801577,0.0024368598745359233,0.0052038351661558395,0.004086957302670237
TGCG,2.136168198658481e-05,0.0015061879073190476,0.003047293480300104,0.00041557758581580573,0.0038732688642761077,0.0003522745450212277,0.0016460978907718426,0.009952436913161842,0.00020039021454414278,0.003223369954799925,0.005205909471575032,0.00020426067275439521,0.003920080893706354,0.0006927165179051114,1.846915084232024e-07,0.0007924916712780529,0.00023504507415674509
TGCT,0.0012382789109602397,0.0041612726825269505,0.00734701649184679,0.001674944461787445,0.01335960116062964,0.0035427118560789487,0.007124151585947086,0.014042306638649126,0.00536816310695603,0.009607578931569544,0.009585793851665423,0.005442608144686501,0.015619367056245677,0.0046420565530782,0.0013407964019994552,0.006763842810552979,0.005483412222711486
TGGA,0.002141551759795761,0.0021681831657355934,0.01819690842879934,0.009915785295618505,0.006192969718752297,0.0037547283838712192,0.005849756753206182,0.005127258548327693,0.009046228287455221,0.007432209081388355,0.006821373985609709,0.008592073367974823,0.006890639210555171,0.005413248248984234,0.001484480483973226,0.0055510663953137794,0.009629932247545235
TGGC,0.003639741761426897,2.8457622893672977e-07,0.015317566256159293,0.005748479547688522,0.0071187355843497216,9.230665192336462e-05,0.006078899284584858,0.005226708740577848,0.015962296995903815,0.004509444832389307,0.0032383090333417855,0.004210380440329201,0.00838140192345387,0.0061095374384538235,0.0019815470746222027,0.004971075192413266,0.008403951862012008
TGGG,0.00284545340957331,0.0033003964999461866,0.021842243329061366,0.015048396927947582,0.007581629826559248,0.0016549060865467002,0.006710438604282723,0.009109950812543852,0.009036824971936244,0.009989079403989862,0.007782990126127467,0.00985200283748817,0.007265953236859082,0.005337030786774247,0.001140505175020696,0.006309933886933978,0.011331500027199116
TGGT,0.0013939455361277572,0.001897546455673876,0.011483135279933148,0.006729553031232208,0.008876787049790709,0.001497045752474369,0.0023714388195647676,0.005068071145511549,0.008313589438576562,0.008410429353491403,0.007947092394114421,0.004867886690632443,0.004710064633090225,0.0018398923987482897,0.0016680581567144138,0.00337830573429149,0.005974570389012394
TGTA,0.0008604988765855147,0.00020407964993086604,0.0028721116074599097,0.0059968553282589415,0.015596526140873089,0.009187732982507739,0.0057121384362304895,0.004176804216030652,0.0030516340787326555,0.011643563114621615,0.007249001841519661,0.0047794712741513045,0.0005779366684789115,1.0810327233180514e-05,1.8122519131761555e-05,0.005099912056846879,0.003391949778998298
TGTC,0.0006359715954536126,0.0013726063846527812,0.005217157176860511,0.005920164605209912,0.018024534876664562,0.0017268071009006107,0.002718115531092387,0.007769109388552221,0.006956230510078725,0.016321534809420783,0.009985033330174501,0.003146325878633003,0.007450416181202208,0.003479434815040854,0.0005466065642196621,0.006216114749903396,0.005589194263174439
TGTG,0.000659030898347748,0.0032378578867748413,0.007517647808398043,0.013406685260756931,0.02857408912786267,0.0034081157373684772,0.00543068273891278,0.005806264896712988,0.0052075635019965365,0.021315815989171434,0.015679284492438886,0.008217844742936261,0.00377570245523754,0.0010845288897243688,0.0012723514613651068,0.009328785582084324,0.003685455273582837
TGTT,8.457597254085692e-07,2.977633970415032e-05,0.0025616566237863297,0.008536690935557732,0.026360696083508446,0.009265734685012428,0.003269108095601192,0.012494499441943053,0.012203746998290781,0.02608531941192924,0.01769271479804137,0.0023781164374233827,0.0032247568127128606,0.0016194482729926223,0.00011954041785643387,0.006510908565916116,0.007525329784411442
TTAA,0.0018664992327067996,0.0005509286190485644,0.009136263504653384,0.0030797164697120407,1.2444673567584348e-07,0.006581950158125733,0.002708676169008525,0.0014216230981833776,0.003977366247640969,0.0030698484558597046,0.006836192755178363,0.007043811678332837,0.0016833409976113943,0.004781220970959021,1.1920928949872136e-07,0.0014934717190929756,0.001178208123714694
TTAC,0.002446735929389567,0.0009777134787154218,0.006791763863435732,0.0015343107028842821,0.0005360124741878689,0.002011847924441072,0.0012411398670431409,0.0004589401626778457,0.005317587298177643,0.001201522115837678,0.0039037272748965023,0.0029157881020555037,0.0027855017289411753,0.0017779892230464268,0.0008186537478029638,0.0008469293574443225,0.0011945688715160761
TTAG,0.0003573724761354928,0.0010542045657141548,0.007456222684972156,0.0032535431555749316,0.0012793417460972827,0.002129156814822479,0.00019402481299189887,0.0017807253802960405,0.0019006853562488707,0.003677013119291408,0.006360063974222962,0.0049667200261757265,0.0009956198126915854,0.0020365061719685986,5.36339182037042e-05,0.0006543664829103993,0.0006290722037981784
TTAT,0.0019941706766479898,0.0006122454903117695,0.006596362202952645,0.002453843973442113,2.8273109975017166e-05,0.004809925435254334,0.0020148182219000103,8.387931658232068e-05,0.00452563984543086,0.0028110782978715766,0.004175557385976368,0.004827435290850421,0.0018163085427994302,0.003228119326709695,0.0001587326185129903,0.0012717720514740529,0.001566689469377702
TTCA,0.0026800178230589936,0.0018106952358022059,0.007222525040739776,0.0016444534522483782,1.5563757473319706e-07,0.002275810402087158,0.001813204283761417,0.001049631523193595,0.008409675076538727,0.0018232015679917515,0.002897946513177481,0.003538488863247327,0.004694507086717946,0.00345701528998657,0.00024265054112892378,0.0011805380021070564,0.0016639311436203942
TTCC,0.003043145130465442,0.002155286033775027,0.006502249993489764,0.0012490984884088552,0.000651633320919906,0.0009778650881232163,0.0020068222226610464,0.001853093476995854,0.008486017556122875,0.0013874241801425011,0.0028562167406720094,0.0024886811708538597,0.004163536546229729,0.002633086128625828,0.0017117453063661828,0.0006090411846696126,0.000908003991553031
TTCG,0.0006174447103216638,0.0005238475586502166,0.0018455863942216332,0.00025721225059735996,0.0003981434570961035,0.0001460846537011708,0.0003388820932400722,0.0012790508526691344,0.0020279495526359984,0.0004916120523223288,0.0011813672123494156,0.0005860178189683289,0.0005530769001565291,0.0004581048246788691,0.00012657227711015606,1.5633936082468477e-07,1.6886496713670284e-05
TTCT,0.003192250049491397,0.002607446367249481,0.00782283244077666,0.002027637805158044,0.0005179715008211057,0.0022243339554135324,0.0020479930357183086,0.0014809871015747586,0.010319876673082824,0.0029902016227099735,0.003946970988376158,0.0039498522368280175,0.003973855328423859,0.0034358960694134398,0.0011722809455645886,0.0009666365789252591,0.0017174989226420051
TTGA,0.0007848619070852035,0.0017800057598236884,0.008025436336169655,0.0020450208245824794,0.0017799171480975225,0.002658986435375107,0.0027130121662497335,0.0023494327563613852,0.003474946520587392,0.0026451082580964624,0.004734125833471098,0.005025503674098975,0.0018717785651291513,0.00216266716248564,0.0002597728346650326,0.0013009571979048313,0.0004897233656311182
TTGC,0.0021639549771541883,0.0006795415171817965,0.007566336328759848,0.0014373457760860971,0.002164115453961549,0.0007633111718139556,0.0016683276421166882,0.0025398518771917295,0.0065460328477851895,0.001587355601712691,0.004939113836680897,0.002249537901561921,0.0020420755465194967,0.0008398983644892148,0.0013019850271202159,0.0005343736964758352,0.0005105587309910216
TTGG,0.0009347404114258788,0.0020557277124527732,0.010993661543155687,0.004407043228711139,0.003424611597898781,0.0006806064604492082,0.0006243635338087669,0.005755671709811313,0.004895601478174298,0.005193796138113335,0.009238539735658137,0.004918677011510408,0.0010364834221175143,0.0007463023954376237,0.0010844295347127969,0.00015743142445173982,0.0002010685490810505
TTGT,0.0015135059495858436,0.0010937368921046398,0.0074081193266224395,0.0026904773388028696,0.0028612646177365495,0.001995364406184734,0.0010639700788627289,0.0021244926846624417,0.00581886561081811,0.004054828857231724,0.005816022541079934,0.003423222358386374,0.0013433369964211312,0.001242896742364284,0.0009689294392859257,0.0007665421306476155,0.0008699685586408931
TTTA,0.0019306596268331758,0.0012877456837743389,0.00364595810259705,0.0014307823005038163,0.0011958826739085296,0.008219353383091089,0.005420483247575076,0.0010495292319087366,0.004046938616330999,0.0026055381982595335,0.0019378791156539565,0.004834893012112342,0.0018929548827361787,0.0035203315333010073,1.4906768110405387e-07,0.002139623117270708,0.0013374387738023619
TTTC,0.002548938755971442,0.0020159748753782155,0.005212554143804866,0.001923599551586459,0.0021642169190934876,0.004095896977445037,0.0050082066701773315,0.0018047313503036626,0.009160427767976402,0.004988493559915042,0.002374823678358343,0.004145189473302491,0.0038834928141242165,0.003907952913993539,0.0012418898200551123,0.0020586059085245267,0.0005934778122528868
TTTG,0.0017059129845986608,0.002586926364163096,0.006195650716121985,0.003449964987902401,0.0034238729237307634,0.003146615045622895,0.0020144427992562814,0.0023258163899456067,0.005948709795062269,0.005215846974552643,0.005733180750988219,0.005159144225030271,0.0014971139074035362,0.0026369427623200757,0.0005643607213496204,0.0012779423780371255,0.00013789864053346144
TTTT,0.001527409162866085,0.0006616334024236192,0.003979120629311038,0.0032689336891301947,0.002466677034276264,0.013055850243320613,0.009186507864364205,0.005867023516352187,0.015293319557701199,0.009690550820320333,0.005515841308633584,0.004530622858831334,0.003319472694346824,0.008227873709001401,0.0011741192727095903,0.00296777852508022,0.003048635963323939
