,Sig1_out,Sig2_out,Sig3_out,Sig4_out,Sig5_out,Sig6_out,Sig7_out,Sig8_out,Sig9_out,Sig10_out,Sig11_out,Sig12_out,Sig13_out,Sig14_out,Sig15_out,Sig16_out,Sig17_out,Sig18_out
AAAA,0.0043799002307199,1.92076301470172e-17,0.0007536855454263,0.000898471975355,0.0289081594731183,1.87530601191061e-17,0.0035254187554756,1.91566936013039e-17,2.17341607989567e-17,0.0141813264168582,0.0426113461114919,0.0004153335426319,1.97572771451783e-17,0.0074507866507798,2.01278168640698e-17,1.93279664178832e-17,0.0033465955320867,2.1326795188162102e-17
AAAC,0.0020269129775921,1.92076301470172e-17,0.0082532860376866,2.07598774009535e-17,0.0056015696167495,1.87530601191061e-17,2.55592284893101e-17,0.0010411406226205,2.17341607989567e-17,0.0047351576589997,0.0261456075224531,1.54891414456735e-17,0.000613437311416,0.0015069073476544,0.0027732806304439,1.93279664178832e-17,0.0011231717588601,0.0091207457498616
AAAG,0.0066637452939148,0.0051040477642107,0.0058341498239241,0.0003922734104731,0.0081291793291876,0.0012558005444826,2.55592284893101e-17,0.0025300233552216,0.0020952790733421,0.0044731875408448,0.0213871595930432,1.54891414456735e-17,1.97572771451783e-17,0.0010789538029016,0.0048447702194307,1.93279664178832e-17,0.0017310760626352,2.1326795188162102e-17
AAAT,0.0020242773939314,1.92076301470172e-17,0.005262142609255,2.07598774009535e-17,0.0099384635222064,1.87530601191061e-17,4.40687526104282e-05,0.00042737728458,0.0040350914385323,0.0072497703753799,0.0202360303638768,0.0050230220096564,1.97572771451783e-17,0.0017742872548447,1.44783310503775e-09,0.0006117903604038,2.43745439874267e-17,0.0009102543348316
AACA,2.04031654190508e-17,0.0015738613006968,0.002256345671973,0.0201828054596172,0.0107411443198387,1.87530601191061e-17,2.55592284893101e-17,0.0027734405360094,2.84251364886334e-16,0.0166484264129576,0.0142131117687448,1.54891414456735e-17,1.97572771451783e-17,0.0016724469759727,0.0101160595477262,4.99175700267297e-05,2.43745439874267e-17,2.1326795188162102e-17
AACC,2.04031654190508e-17,1.92076301470172e-17,0.0039296168609243,3.5439470369247e-13,0.0019342800201657,0.0028720250199429,0.0001228938933777,0.0039466397320818,0.0011586358731993,0.008761832355251,0.0183631970439456,1.54891414456735e-17,1.97572771451783e-17,0.0011601337795944,0.0121878300191544,0.0019094773211843,2.43745439874267e-17,0.0053192610169081
AACG,2.04031654190508e-17,1.92076301470172e-17,0.0028945178922694,2.07598774009535e-17,0.0041812296919056,1.87530601191061e-17,0.0022463905881443,0.0045074527876055,0.0038137198329474,0.0098015496289314,0.0104085391163187,1.54891414456735e-17,1.97572771451783e-17,0.0014579486942004,0.009219086591148,0.0010511640926761,5.86681757541253e-07,4.80603511784527e-08
AACT,2.04031654190508e-17,0.0021715117666673,0.0007638678033411,2.07598774009535e-17,0.0068290628457251,1.87530601191061e-17,0.0019564699037841,0.0007120899529325,0.0036994453775631,0.0132820367675453,0.0143942646433952,0.0056890056059776,1.97572771451783e-17,0.0014781040449632,0.0118876062179417,0.0024616218294991,0.0017850817671663,0.0046886462475147
AAGA,0.0041599381795102,0.0102766758336673,0.0034627275629515,0.0057880689405768,0.0149053994946333,0.0011044088108101,2.55592284893101e-17,0.0063006203590639,0.0046455112976163,0.0178546352894067,0.021049036107145,1.54891414456735e-17,1.97572771451783e-17,0.0041191559566441,0.015036208583459,1.93279664178832e-17,2.43745439874267e-17,2.1326795188162102e-17
AAGC,4.13293507789072e-05,1.92076301470172e-17,0.001315534626594,0.0001209027399845,0.0001317467408816,0.0002824803483054,0.0005081832465288,0.0009112467352308,0.0009548256620279,0.0009600957521008,0.0029015093275358,1.54891414456735e-17,0.0002693341461889,0.0001779169897651,0.00057411620069,2.8904281650199303e-14,2.0897777391339403e-09,0.0019699447245221
AAGG,0.0019614137670196,0.0070461969723321,0.0049301831186231,2.07598774009535e-17,0.0046086922813549,0.0030139741992575,0.0025554825182213,0.0097045792710808,0.0082800180902397,0.01228719581159,0.0123502378109388,1.54891414456735e-17,1.97572771451783e-17,0.0015777061643352,0.0113168123935552,1.93279664178832e-17,0.0007384102047547,2.1326795188162102e-17
AAGT,0.002956540774519,0.0098343356523171,0.002975756826061,2.07598774009535e-17,0.008127752808945,0.0006687250502042,0.0030131574881368,0.0044122646774534,0.0007149013161855,0.0072858262559776,0.0196196399663257,0.0001563705521764,1.97572771451783e-17,0.0012101008808374,0.0124786061390406,1.93279664178832e-17,2.74024161793692e-13,9.07853567912753e-15
AATA,2.04031654190508e-17,0.0024068889005479,0.0065395693626557,0.0041068888973505,0.0199610461274459,1.87530601191061e-17,2.55592284893101e-17,0.0013194259838341,0.0057744065822803,0.0147203702907555,0.008897747440333,0.0061876316966869,1.97572771451783e-17,0.0018747421269674,0.0067700345829008,0.0001216262363631,8.14383337510919e-15,9.32624978153787e-17
AATC,0.0001601933152175,1.92076301470172e-17,0.0100868478641017,0.0028137197503577,0.0048517925408846,1.87530601191061e-17,8.99735412339434e-14,0.0012064761591849,3.01910873952175e-16,0.0062937562677926,0.0085323155868341,1.54891414456735e-17,1.97572771451783e-17,0.0008391078191032,0.005279799750731,0.0012914124575493,2.43745439874267e-17,7.21263590510079e-13
AATG,0.0005504122937672,2.30332665691956e-17,0.0076458485610647,0.0003543971115839,0.0071889406691982,1.87530601191061e-17,1.67042743521316e-07,0.0024367307834336,0.0043607242530865,0.0078064472128396,0.0054588879554317,0.0014277413114167,1.97572771451783e-17,0.0012753731223318,0.0057109660210449,0.0009487262206085,2.43745439874267e-17,2.1326795188162102e-17
AATT,2.04031654190508e-17,1.92076301470172e-17,0.0125649722318444,0.0026791064723032,0.0143446936203969,1.87530601191061e-17,0.0016420655381814,1.91566936013039e-17,0.0054578916259075,0.0143566473047891,0.0076635779866201,0.0121132573705239,1.97572771451783e-17,0.0015490299245885,0.0117178846074993,0.0020871108315537,0.0005936820916327,2.9076064620146597e-16
ACAA,0.0107196516264572,0.0021665973344181,2.12608026238155e-17,0.058594141731811,0.0134640898382873,1.87530601191061e-17,2.55592284893101e-17,5.6928590016497505e-15,0.0040705535774731,0.0218987268617335,0.0042653199886682,0.0160552544540337,1.97572771451783e-17,0.0015311135880994,2.01278168640698e-17,1.93279664178832e-17,2.43745439874267e-17,2.1326795188162102e-17
ACAC,0.0156160584651799,0.0016742133351045,0.0008409620859025,0.0154196218564692,0.0027432509494039,1.87530601191061e-17,0.0128139445848254,0.0044062385477468,0.0070420019067835,0.015819172188838,0.0221051622803226,0.006139120553335,1.97572771451783e-17,0.0011809582536065,0.0036302336361862,0.0013771260747693,0.0008363937394069,0.004234951953757
ACAG,0.0246507476766058,1.92076301470172e-17,2.12608026238155e-17,0.0171527096378225,0.0005763979340747,1.87530601191061e-17,0.0100299006690531,0.0056217908339782,0.0211892866224366,0.0136185375070911,0.0075594991082546,0.0090469003452856,1.97572771451783e-17,1.76309581567065e-17,2.01278168640698e-17,1.93279664178832e-17,2.43745439874267e-17,2.1326795188162102e-17
ACAT,0.0124373694516655,1.92076301470172e-17,0.0003625426904909,0.0162172769983124,0.005920497039952,1.87530601191061e-17,0.0079498682977957,1.91566936013039e-17,0.0155136136917901,0.0134337203667104,0.0038153781016703,0.0187293736482829,1.97572771451783e-17,5.35831904779714e-05,2.01278168640698e-17,0.0009900902151444,0.000996517745909,2.1326795188162102e-17
ACCA,2.31267674287687e-14,0.0029883374579273,2.12608026238155e-17,0.0372378384117395,0.0031070719418577,0.004739088817473,0.0114401902425377,0.0105702111971822,2.17341607989567e-17,0.0296762116966839,0.0072109054796773,0.0066265688158024,0.0135166775738153,0.0002318382410103,2.01278168640698e-17,0.0017439477067859,2.43745439874267e-17,0.0012308767882752
ACCC,0.0044065080423841,0.0018016449267571,0.0009136782334154,0.0063025953612838,1.59289359765332e-17,0.0200434878778279,0.0242796636798718,0.0099812179995135,2.17341607989567e-17,0.027182507863624,0.0253805178570469,1.54891414456735e-17,1.97572771451783e-17,1.76309581567065e-17,0.0090600407885437,0.0007200919103718,2.43745439874267e-17,9.40622274116023e-12
ACCG,0.0012208058963922,1.92076301470172e-17,1.05241272623894e-08,2.07598774009535e-17,0.0030394671669606,0.0030255060091663,0.0336199670983202,0.0112309013279652,0.0053721179317499,0.0281654161048639,0.0150397894926806,0.0020082793658267,0.0012557330488274,0.0014541120964444,0.0031738557893482,0.0052994256668807,2.43745439874267e-17,0.0039710698068994
ACCT,8.76905853984767e-17,0.0038368715184798,2.12608026238155e-17,0.0055643843826652,1.59289359765332e-17,0.0030606545727845,0.0289630506310447,0.0080363312856109,0.0026189881589577,0.0345930172240929,0.0111271250951732,0.0221433802062114,0.0171621969511793,1.76309581567065e-17,0.0067712294118325,4.91428603566882e-11,0.0066311083211734,0.0012790626487585
ACGA,0.0048358692697853,0.0010560278137123,2.12608026238155e-17,0.0076501009059944,1.59289359765332e-17,0.0104675385722704,0.0159676462537855,0.0096412454514083,2.17341607989567e-17,0.0356749083948924,0.0083973985850651,0.018007075446396,0.0005277613884495,0.0022120157984529,0.0003626961907936,1.34328593578973e-09,2.43745439874267e-17,2.1326795188162102e-17
ACGC,0.0010041211729335,1.92076301470172e-17,0.0001832946501383,7.79787523639322e-08,1.59289359765332e-17,1.87530601191061e-17,0.0117895621892581,0.0015465889023064,1.39744792117299e-14,0.0025339961448249,0.0026555283333781,6.19210848749519e-13,1.97572771451783e-17,0.0002475541103262,0.0001902678330039,0.0007274563352684,0.0010474889711958,0.0011718401929038
ACGG,0.0050455976094721,0.0030972101988457,0.0010172494978076,2.07598774009535e-17,1.59289359765332e-17,0.0049196848953444,0.031657945404852,0.0198955826333844,0.0106118872853582,0.0295728505732976,0.0107902739277632,0.001407521780075,1.97572771451783e-17,0.0008962525061211,2.01278168640698e-17,0.0051830147588969,2.43745439874267e-17,0.0066440072128009
ACGT,0.0075297875577868,0.0015415135330179,7.75694397625177e-05,0.0024860352689479,1.59289359765332e-17,0.0002382305398844,0.0217254252229779,0.0053516272302692,0.0012659680836327,0.0222935867085151,0.0129377196689717,0.0133887951302439,1.97572771451783e-17,0.00028108954834,0.0092466598293384,2.61018314092454e-05,2.43745439874267e-17,0.0026558827035178
ACTA,0.0019828059387805,0.0041763105887797,2.12608026238155e-17,0.0069622058232913,0.0074585636456595,0.0036086194227739,2.55592284893101e-17,0.0017068973756216,2.17341607989567e-17,0.0161789032249014,0.0065331037068883,0.0220610063937945,0.0079363702428496,0.0009149194332186,2.01278168640698e-17,1.93279664178832e-17,0.0110464561614622,0.0009892084339563
ACTC,0.0101248600765603,0.0040325272768071,0.0033949700180424,0.0023251540683663,1.59289359765332e-17,3.8649698230825803e-17,0.0155748946747195,0.0026612981295585,2.17341607989567e-17,0.0181317427718742,0.0211712933325468,0.0033525832645505,0.0015141517278865,1.76309581567065e-17,0.0133290678498355,3.69515268383107e-17,0.0117502915318373,2.1326795188162102e-17
ACTG,0.0068048419394365,0.0016097460836455,0.0010736526546314,2.07598774009535e-17,0.0008993277557291,0.0017799639491116,0.010296386652608,0.004797815423446,0.0071576328510891,0.0144809264931977,0.0079940477955941,0.0116816462761826,0.0024063235934282,0.000482926712491,3.41832580551096e-05,0.0019309026783652,0.0063831026954433,0.002420132159138
ACTT,0.0051635717201303,0.0005899696767778,2.12608026238155e-17,0.0035738187251766,1.59289359765332e-17,1.87530601191061e-17,0.0107178641494406,1.91566936013039e-17,0.0043305790841283,0.0247078962238244,0.0068548381969677,0.0505881502644857,0.0069185459270475,0.0001002251002389,0.0006041166844977,0.0017304402876002,0.0148005711526337,2.1326795188162102e-17
AGAA,0.0110250642272866,0.0180645790285483,2.12608026238155e-17,0.0021355893194597,0.009348206192383,9.0685449862494e-10,2.55592284893101e-17,1.91566936013039e-17,0.0087707284249025,0.0108140537365405,0.0135115302203471,0.0095145745479038,1.97572771451783e-17,0.0080140309764251,0.0062048973342711,1.93279664178832e-17,2.43745439874267e-17,2.1326795188162102e-17
AGAC,0.009474964350757,0.0114773370802835,0.0019054281759258,7.6156648164708e-15,0.002502122340051,0.0045862080004951,0.0011430274566496,0.0004679147302296,0.0050568175072288,0.0047576901995984,0.0233176117458612,5.29686419380462e-05,1.97572771451783e-17,0.0014576715318969,0.0075629890317359,0.0004896150176264,0.0018793605869993,0.0018096685341665
AGAG,0.0162928250939891,0.0119633548994004,0.0002124249793062,2.07598774009535e-17,0.0038258689163417,0.0009414016198076,0.0047649835095251,0.0009827818614738,0.0181277182471364,0.0056625651737201,0.0118313663586015,0.0018293251558692,1.97572771451783e-17,0.0023424302987193,0.0047513662801899,1.93279664178832e-17,2.56768170107333e-17,2.1326795188162102e-17
AGAT,0.0055681715518903,0.0049505563678041,0.002105622446933,2.07598774009535e-17,0.002447789880161,1.87530601191061e-17,0.0023401194539214,0.0004887617081463,0.0033012296036544,0.0042104039186368,0.0069209185912381,0.0065646953607959,1.97572771451783e-17,0.0004283870744325,0.0014518757338095,0.000245522401838,6.93507778783231e-07,2.1326795188162102e-17
AGCA,2.04031654190508e-17,0.0026993581901632,2.12608026238155e-17,0.0030293602576141,0.0005156979108739,1.87530601191061e-17,0.0031004618012681,1.91566936013039e-17,2.06415307297358e-11,0.001683659578759,0.0018270411823463,1.54891414456735e-17,1.94153417878295e-12,4.2673175482590303e-10,0.0016895891894338,0.0009703748964182,1.61517171307765e-13,2.1326795188162102e-17
AGCC,7.99052034147182e-05,0.0011609428835265,2.12608026238155e-17,0.0003052226749997,1.59289359765332e-17,0.0018243338296581,0.0038111117103196,0.0001403270952499,0.0004926055905412,0.0009618752610541,0.0034600242382281,1.54891414456735e-17,1.97572771451783e-17,0.000295200686492,0.0020128009721034,0.0009047232085509,0.0008828947069891,2.05308944813718e-09
AGCG,2.04031654190508e-17,0.0005762905732486,6.17208557917379e-05,2.07598774009535e-17,0.0002107269839135,1.18602566502328e-05,0.0046436934748033,5.29086984574279e-05,0.0011145842020205,0.0010423446053041,0.0020310800609683,1.54891414456735e-17,1.97572771451783e-17,0.0006948928991009,0.0016490917013258,1.93279664178832e-17,0.0005158042616144,2.1326795188162102e-17
AGCT,2.04031654190508e-17,0.0019021716345366,2.12608026238155e-17,2.07598774009535e-17,1.59289359765332e-17,1.87530601191061e-17,0.0033566619621292,0.0002036854173787,3.3349045119507003e-16,0.0011290136178247,0.0017897931265788,0.0007751340560858,1.97572771451783e-17,2.28245170614705e-05,0.0019061627834015,0.0008306701967445,0.0009461132993509,2.1326795188162102e-17
AGGA,0.0022991830265547,0.0241920894325284,0.0018292309524557,2.07598774009535e-17,0.0015041087907049,0.0049690764383449,0.0032934521789707,0.0052227374129302,0.0118077355701751,0.0210219896974064,0.012729489586082,0.00437035195385,0.0002903795925763,0.0064764263972606,0.0117140217775067,0.0022988722140865,2.43745439874267e-17,2.1326795188162102e-17
AGGC,0.0007336546301389,0.0014627374994105,0.0002813272513,2.07598774009535e-17,8.02433918081945e-13,0.0014219478896672,0.0036222389883559,0.0003378493959077,0.0020317555241,0.0005197315761058,0.0028556310506671,1.54891414456735e-17,1.97572771451783e-17,0.0004029475752608,0.0013893333927786,1.93279664178832e-17,0.0002394289086067,0.0023062711202744
AGGG,0.0021604651398261,0.0181222946877225,0.0013927866546795,2.07598774009535e-17,0.0005488008225828,0.0080197309293571,0.0072032539907792,0.0071803242687922,0.013017070891888,0.0123695481991806,0.0091051289752935,1.54891414456735e-17,1.97572771451783e-17,0.0037671538763811,0.0055033558834883,1.93279664178832e-17,2.43745439874267e-17,6.63085173701103e-17
AGGT,0.0043390849996107,0.0203127796845149,0.0008647320297404,2.07598774009535e-17,0.001739474422048,0.0032209615148526,0.0066696940913867,0.0051980219038598,0.0042543445499301,0.0084542941832165,0.0152683208099832,0.0029091055575507,1.97572771451783e-17,0.0012547065052645,0.0098008298441957,4.15558201035554e-07,2.43745439874267e-17,2.1326795188162102e-17
AGTA,0.0019369388132402,0.0170770140866317,1.01091159221878e-07,0.0032655245442221,0.0091559752639547,0.0013447150348259,2.55592284893101e-17,0.0021815156401967,0.0004734285504379,0.0110641781666882,0.0122870591709791,0.0096128622863333,0.00208729278068,0.0030544010010729,0.0069562059953262,1.93279664178832e-17,1.38368611162899e-07,0.0021992492992127
AGTC,0.0039947756369313,0.0098133471003894,0.0052846102345142,0.0010998978275476,0.001541142354332,0.0024518581473539,0.0015042392719453,0.001520850523202,0.0023513872670153,0.005855292203865,0.0204088888202845,0.0011399172224576,5.437195671112411e-15,0.0013381919832881,0.011048360086692,0.0006844815108478,2.43745439874267e-17,0.0055510492257608
AGTG,0.0038986167573962,0.0117158903686875,0.0020647158830237,2.07598774009535e-17,0.0024286612010901,0.0004669945318629,0.0054921304167758,0.0029366785212907,0.0065169835341201,0.0072806798367586,0.0106021436237514,0.0043869513700315,3.50551263932931e-06,0.0029126932391235,0.0071435817660109,1.93279664178832e-17,9.3161531556733e-17,0.002593227669899
AGTT,0.0022163799290608,0.0132424344128075,0.0015253885441918,2.39955121398941e-06,0.003762617316101,0.0007574079286689,2.55592284893101e-17,0.0007430429703097,0.0003303708324166,0.0097529493511634,0.0098194335601252,0.0137252235000432,0.0009677829541314,0.000498451641715,0.007957180297999,1.93279664178832e-17,2.43745439874267e-17,3.73371219107345e-11
ATAA,0.0078118624088773,0.0008294016598612,2.12608026238155e-17,0.0069662728978058,0.0279011926939337,0.0013594388846571,0.0039099004274239,0.0048625308939076,0.0046461134767846,0.0140012147312232,0.0035711389322184,0.0134143518143023,1.97572771451783e-17,0.00258280400192,2.01278168640698e-17,1.93279664178832e-17,0.0001684462416094,2.1326795188162102e-17
ATAC,0.0062806862434132,0.000530115200231,0.0002944010483273,0.0015703431116083,0.0064160028895709,1.87530601191061e-17,0.0046261059244451,0.0083116395870333,2.17341607989567e-17,0.0101922066435705,0.0103950411788476,0.0049258492261903,1.97572771451783e-17,0.0001685799082768,2.01278168640698e-17,4.3578556896475e-05,2.43745439874267e-17,2.1326795188162102e-17
ATAG,0.0104559185488391,0.0012032636119679,2.12608026238155e-17,2.07598774009535e-17,0.007487559264602,1.87530601191061e-17,0.0051305980917182,0.0078561138797659,0.0019556225139064,0.0062838947034914,0.0037022559434818,0.0036951265581228,1.97572771451783e-17,1.76309581567065e-17,2.01278168640698e-17,1.93279664178832e-17,2.43745439874267e-17,2.1326795188162102e-17
ATAT,0.0065572826972742,0.0030442140381575,2.12608026238155e-17,2.07598774009535e-17,0.0163590136669116,1.87530601191061e-17,0.0036955289042924,0.0035557417896476,0.0105555884705304,0.0109841094047123,0.0019157174694389,0.0145637896018954,1.97572771451783e-17,0.0002745665194484,2.01278168640698e-17,0.0002920637180809,2.43745439874267e-17,2.1326795188162102e-17
ATCA,0.0007544237819853,1.92076301470172e-17,0.0010403934182816,0.012990783148253,0.0117213752329055,0.0031163153637689,0.0004721762266503,0.0067771554589254,0.0010591451159671,0.0130548731696655,0.0005150040955227,0.0038910250802355,1.97572771451783e-17,0.0001631681193336,0.0024718039505685,1.93279664178832e-17,0.0022423678863979,1.1972463186241002e-10
ATCC,1.32900416671964e-13,1.92076301470172e-17,0.0025043115369651,7.01647419016613e-07,0.0035343918895459,0.0008985177958739,0.0078059791196233,0.0088977668492723,2.17341607989567e-17,0.0116801752018252,0.0055706367218664,1.10458871351354e-06,0.0013166561822379,8.09446368909921e-05,0.007839807686947,0.000870026024323,2.43745439874267e-17,0.0001249457531346
ATCG,2.2443683683926503e-15,1.92076301470172e-17,0.0014946042506955,2.07598774009535e-17,0.0051300873497574,0.0008622012611053,0.00590798390453,0.0077107228021726,2.17341607989567e-17,0.009204503291552,0.0028528253493629,9.60114507628683e-12,0.0022258388616707,0.0002454272054258,0.0048834922131057,1.93279664178832e-17,0.0004488818887961,0.0006754682820231
ATCT,2.04031654190508e-17,1.92076301470172e-17,2.12608026238155e-17,2.07598774009535e-17,0.0036021064728739,0.0024106066895748,0.0035635719952451,0.0042650586682822,0.0018805217028051,0.0225648748333985,1.4794318771304102e-17,0.0239706483636417,1.57421584558987e-10,1.76309581567065e-17,0.0046325006400369,0.0021389015308282,0.0033556350705031,2.1326795188162102e-17
ATGA,0.0027735778037636,1.88329741322767e-13,2.12608026238155e-17,0.0033228881999395,0.0131244233901855,0.0047628566816547,0.0036764497943862,0.014059533680908,2.17341607989567e-17,0.0188959522294462,1.4794318771304102e-17,0.0110125322299101,1.97572771451783e-17,0.0017753490450902,5.840455358125699e-12,1.93279664178832e-17,1.58832306986991e-05,2.1326795188162102e-17
ATGC,0.0003334555961104,3.93725051089573e-08,7.86664866244864e-05,8.93561952063999e-17,2.68306068691676e-05,1.87530601191061e-17,0.0027278067658946,0.0029206458802277,5.21071942321191e-17,0.0020062395251835,0.0011498154854146,0.0006101747646754,1.71008112623747e-10,0.0001366658250254,2.01278168640698e-17,1.93279664178832e-17,4.72642116558641e-05,0.0005340684217798
ATGG,0.0020086963111243,0.0009293732586822,0.0013888771681797,2.07598774009535e-17,0.0023865073089492,1.87530601191061e-17,0.0133799681579375,0.0164151753893849,2.17341607989567e-17,0.0117390694233089,1.4794318771304102e-17,0.0035537929418153,1.97572771451783e-17,0.000800171338449,5.35784952991296e-08,0.0025732297089683,0.000946173001486,2.1326795188162102e-17
ATGT,0.003249290170841,0.0031403729694797,0.0005241153320921,1.47541740917131e-06,0.0074505306800477,1.8097330817956302e-14,0.0068908486154836,0.0100647126257344,0.0051998127343786,0.0151620318103337,0.0031979026963957,0.0141408813131096,2.4596672037541402e-15,0.0007994531947929,0.0074917775368372,2.29737181243275e-05,2.43745439874267e-17,1.26179189296744e-16
ATTA,0.0005957628650325,1.92076301470172e-17,0.0030649095351793,0.0012923309651124,0.0186345746132219,0.0016634269920685,0.0008205685248711,0.0016616330705967,0.0012566475342353,0.0130874577335989,0.0006092113328981,0.0147221546288237,1.97572771451783e-17,0.0007652856549527,0.005870505535867,1.93279664178832e-17,0.0037693633393223,0.0005853368737566
ATTC,0.0023551090673655,1.92076301470172e-17,0.0108666641746255,0.0036839869940023,0.002945937611343,1.87530601191061e-17,2.55592284893101e-17,0.0051722533242087,2.17341607989567e-17,0.0095507023733116,0.0067173578163874,0.004021889630554,0.0001971906114561,1.76309581567065e-17,0.0136147189159564,1.93279664178832e-17,2.43745439874267e-17,2.1326795188162102e-17
ATTG,0.0018075449597623,1.92076301470172e-17,0.0047534737148964,2.07598774009535e-17,0.0046907768768371,1.87530601191061e-17,0.000511363313094,0.0052402252138688,0.0049596140141559,0.0078256660902327,0.0006746061508996,0.0063820194972199,1.97572771451783e-17,0.0001761918137151,0.0033356914276156,1.93279664178832e-17,1.4857635007502e-11,0.0015436769684834
ATTT,2.04031654190508e-17,1.92076301470172e-17,0.0120533800976253,2.07598774009535e-17,0.0173319211697556,0.0005369939728833,2.55592284893101e-17,1.91566936013039e-17,0.0091377750671148,0.0212392523882936,1.4794318771304102e-17,0.032146289850567,1.97572771451783e-17,0.0006926801507736,0.0158747153564387,1.93279664178832e-17,0.0009193022200526,0.0069312243363543
CAAA,6.60621699098037e-05,1.92076301470172e-17,0.0029013830492005,0.003151733822171,0.0030116183213866,1.87530601191061e-17,2.55592284893101e-17,0.0011798167876723,0.0006968302375236,0.0005806196833913,0.0082839821911021,1.54891414456735e-17,0.0003249456602731,0.0147970658741206,2.01278168640698e-17,1.93279664178832e-17,2.43745439874267e-17,0.0318955757856002
CAAC,2.04031654190508e-17,1.92076301470172e-17,0.0050995165753703,0.0012637217708542,0.0002997653940715,0.0011975225998365,2.55592284893101e-17,0.001066409001923,0.0023619956567355,1.90828912043126e-17,0.0049078457091829,0.0001071139880235,0.0003575399076071,0.0017985092210783,2.01278168640698e-17,0.0001264301376932,0.0016446188771383,0.0233832464553662
CAAG,0.0006194419696146,0.0002443682380865,0.0044042168788159,0.0015632272609192,0.0002520929918022,0.0013926286941111,2.55592284893101e-17,0.0013138393503864,0.0058279991602921,1.90828912043126e-17,0.0035828418052656,2.94890982255007e-17,0.0011172012764572,0.0045932794189947,2.01278168640698e-17,9.67596804175017e-05,0.0017131880682527,0.026412412650162
CAAT,2.04031654190508e-17,1.92076301470172e-17,0.0030618057391939,0.0007039200835906,0.0009314321217738,0.0004951319721895,2.55592284893101e-17,0.0005064967310497,2.17341607989567e-17,1.90828912043126e-17,0.0044387348678922,0.0001319297460148,0.0008345011918017,0.0021077169915981,2.01278168640698e-17,1.93279664178832e-17,0.0024099697317013,0.0188497784343922
CACA,2.04031654190508e-17,0.0001236428304315,0.0044908602410835,0.0052669519597502,0.0006575389937581,0.0031773230370352,1.37097819602538e-08,0.0020700101535001,0.003889182996529,0.0001687922668385,0.0035080442023352,0.0007098622484101,0.0003218124815556,0.0015885245690916,2.01278168640698e-17,0.0008896315559782,0.0068700834993833,0.0137138318903491
CACC,1.70840635351728e-11,0.0012134097422755,0.0071299644865492,0.0035081552720569,0.0005810834393324,0.0032891934409224,0.0089924903091486,0.0026245355110169,0.0040190014988968,5.06034136557397e-10,0.0046696176700312,1.54891414456735e-17,1.97572771451783e-17,0.0008824835965795,2.01278168640698e-17,0.0002359306455445,0.006216807252177,0.0104193074057357
CACG,2.04031654190508e-17,0.0002266668893899,0.0055232020204966,0.002708683326954,0.000287319519529,0.0026216253959495,0.0028239921807262,0.00212606794149,0.0038483779605081,1.90828912043126e-17,0.002340747948849,1.54891414456735e-17,1.97572771451783e-17,0.0011460196222625,0.0003045140746073,0.0006272212079941,0.0068509261792038,0.0074446252385224
CACT,0.000176369230585,0.0017843223759654,0.0031893655997774,0.0033507204956039,0.0006737845365791,0.0012584494378783,0.0055891423369671,0.001839511118,2.17341607989567e-17,0.000246101955856,0.0047488302184224,0.000752178628102,1.97572771451783e-17,0.0009926194639222,0.0002817916561896,0.0003874778958393,0.0130354959150813,0.0051708964033974
CAGA,0.0002552310783439,0.0004215111523314,0.0026570082337373,0.0038933461674659,0.0011667325636344,0.0043919025449266,2.55592284893101e-17,0.0023959541511864,0.0059385009112907,1.42472521230471e-07,0.0046922578573927,0.0001781535695801,0.0001557045581471,0.0082036422047723,7.90190089008468e-05,1.37268565536216e-09,2.43745439874267e-17,0.0256445003785821
CAGC,2.04031654190508e-17,3.55429486365041e-15,0.0012002889183427,0.0004043705483433,1.59289359765332e-17,0.0013915296304316,2.55592284893101e-17,0.0004448811366808,0.0017105420119584,1.90828912043126e-17,0.0012752017523126,1.54891414456735e-17,2.39175932655036e-09,0.0014689271536188,2.01278168640698e-17,1.93279664178832e-17,0.0002474263808387,0.0099517965100692
CAGG,2.04031654190508e-17,0.0014145214726889,0.0026796575075538,0.0025231074558068,1.59289359765332e-17,0.0038732374858908,0.0007234696130583,0.002657809264267,0.0065716709385833,1.90828912043126e-17,0.0020394975401225,1.54891414456735e-17,1.97572771451783e-17,0.003713928080289,6.87722040314046e-05,0.0004383842618074,0.0029353875244227,0.0204271423579456
CAGT,0.0001684624299278,0.0012811503048458,0.0020606596196374,0.0023181239722194,0.0002397075755199,0.0034285799769254,0.0010019149042806,0.0019112537995167,0.0026776762377067,1.90828912043126e-17,0.0046658708955629,0.0005962389069825,1.97572771451783e-17,0.0023577591695169,2.01278168640698e-17,1.93279664178832e-17,0.0035531272050194,0.0193014860766035
CATA,0.0003411346081923,1.92076301470172e-17,0.006087045999464,0.0049724958524808,0.0026565627258252,0.0013117809078688,2.55592284893101e-17,0.001466551525588,0.001318903079288,0.000114109294236,0.0023366292408457,0.0010430111049234,0.0004029927649355,0.0028158091278726,2.01278168640698e-17,1.93279664178832e-17,0.0040054245130602,0.0139576191620558
CATC,2.04031654190508e-17,1.92076301470172e-17,0.0090587099611675,0.0029011707320208,0.0007457745000833,0.0013581646774313,0.001134219753345,0.0017435639721441,0.0018915336945747,1.90828912043126e-17,0.0027268859227039,0.0001625208197053,9.27779325397607e-13,0.0005848424309223,2.01278168640698e-17,0.0003738408411833,0.0030472736220064,0.010022095240518
CATG,0.0003706060929979,1.92076301470172e-17,0.006881485780703,0.0031810137503675,0.0004789961569313,0.0019079164694902,8.9424221303147e-17,0.0019325944333013,0.0021504450029278,1.90828912043126e-17,0.0011738633283806,0.0004318638826777,0.000719223560102,0.0012212254166597,2.01278168640698e-17,0.0001924884525278,0.003583740841182,0.0090537221322457
CATT,0.0019453643968493,1.92076301470172e-17,0.0077092176971674,0.0048377842370275,0.001646578003708,0.000507713350758,0.0011663295832701,0.0009829331949546,0.0015860372610034,1.90828912043126e-17,0.0030833085754718,0.0027277957782121,1.97572771451783e-17,0.0010310536082915,1.56299252861208e-14,1.93279664178832e-17,0.0066369206625524,0.0054423976169537
CCAA,0.0127612247840094,1.92076301470172e-17,2.12608026238155e-17,0.0206425255468446,0.0040377900138694,0.0034038117236058,2.55592284893101e-17,0.0002582323104253,0.0056970321266787,0.0005360643756572,1.4794318771304102e-17,1.54891414456735e-17,0.0049406625277731,0.0149198531464506,0.0009609709636175,0.0014470320413966,0.003025291001773,0.004628713223432
CCAC,0.0144162029415697,1.92076301470172e-17,0.0033643342787278,0.0093374504831482,1.59289359765332e-17,0.0170870927054998,2.55592284893101e-17,0.0037678132916872,0.0108797537065712,0.0003841564175074,0.0084849611252319,0.0016668146481356,0.0028677341564786,0.0049309295337084,2.01278168640698e-17,1.93279664178832e-17,0.0058218262454389,0.0284262602806505
CCAG,0.0244173674887041,1.92076301470172e-17,2.12608026238155e-17,0.0087587846284989,0.0005954387260288,0.0086314758033174,0.0026854139432165,0.002013487686083,0.0220789529895765,1.90828912043126e-17,0.0012216439130011,0.0009942267150778,1.97572771451783e-17,0.0046121344741404,2.01278168640698e-17,6.53474725747283e-17,0.0020604120885747,0.0089995047686143
CCAT,0.0156080085182467,1.92076301470172e-17,0.0012883001997765,0.0095540850005967,1.59289359765332e-17,0.0064213998068428,2.55592284893101e-17,0.001485963478234,0.0039310452777793,7.53436867525306e-05,0.0026093349490202,0.004657068059811,0.0019963612637836,0.0028421947763379,2.01278168640698e-17,1.93279664178832e-17,0.0063697382399724,0.0093835876882392
CCCA,0.0061442473654707,1.92076301470172e-17,0.0011122905452387,0.02136789724672,0.0007563189072045,0.0348868567389955,2.55592284893101e-17,0.0070459842842834,2.17341607989567e-17,1.90551411199509e-08,1.4794318771304102e-17,1.54891414456735e-17,0.0059018358359608,1.76309581567065e-17,0.0005657272569228,0.0004684137614544,0.0028628320298754,4.54322447000859e-12
CCCC,0.006578201391412,0.0001189478473753,0.0024129841558048,0.0093148704127144,4.45260634242904e-12,0.0366653074653264,0.0045827790178953,0.0060661860673894,2.17341607989567e-17,1.90828912043126e-17,0.0023692297606269,0.0027447540074771,2.50350381444574e-17,6.43243740563341e-05,2.01278168640698e-17,1.93279664178832e-17,0.0109400503210048,0.0015534324582457
CCCG,0.0098203162736884,1.92076301470172e-17,0.001003095682047,0.0053030476036178,0.0001108996922338,0.025867578642956,0.0120758886117548,0.0060439081162455,0.005021335238076,1.90828912043126e-17,0.0024668359113994,1.54891414456735e-17,1.97572771451783e-17,0.0008092877293784,0.00125702981037,0.0010032322575762,0.0056802847973907,0.0028977469753024
CCCT,0.0108295989736349,0.0015163278161513,2.12608026238155e-17,0.0069420462275916,1.59289359765332e-17,0.0329708724896375,0.0003516757652558,0.0056401914005741,2.17341607989567e-17,1.72671124809701e-12,0.0039932900920048,0.0002100550590664,0.0074104804765643,2.70886782514587e-09,0.0041960764033324,1.93279664178832e-17,0.0126783541982763,1.84484382513629e-16
CCGA,0.0119997576005448,1.92076301470172e-17,2.12608026238155e-17,0.0100782345262343,0.0047777197303494,0.0287654671102789,0.0064734997640481,0.0075058786917576,0.0041067013572234,0.0010098097891887,0.0001954484112386,1.54891414456735e-17,1.97572771451783e-17,0.0147817506437635,0.0007425518803982,3.32549100584094e-06,0.0027328282368994,0.0029964041112498
CCGC,0.0026445364253207,1.92076301470172e-17,0.000900973715097,0.0013060255322925,0.000400347351368,0.0064505823063177,0.0079497848999574,0.0018260847203663,0.0059271911856765,9.00300253664482e-05,2.72869830709269e-05,0.0003010035818631,1.97572771451783e-17,0.0044121920356961,7.87065995936296e-08,0.0004728742773625,0.0024197395279607,0.0069632285355168
CCGG,0.0091313484590514,1.92076301470172e-17,0.0007764211766199,0.0048181986276133,0.0005069656153135,0.0231365232820313,0.0090322542782604,0.0080795533177456,0.0129177722190254,0.0009123538732356,0.0008981918835366,1.54891414456735e-17,1.97572771451783e-17,0.0045351448880045,2.01278168640698e-17,0.0019369245493557,0.0037352882970947,0.0099447984462129
CCGT,0.0098043898454234,1.92076301470172e-17,0.0008589908645825,0.0050157318776827,0.0005984133913031,0.0175393954006668,0.0030000908628076,0.0055381108149341,0.0063546974858928,0.0005791570099895,0.0055692798172831,0.0005274595528111,0.0058293229048284,0.0025908756932619,2.01278168640698e-17,0.0003893497913223,0.0046966457325635,0.0156382461316324
CCTA,0.0072289794255778,1.92076301470172e-17,2.12608026238155e-17,0.0053311448379771,0.0040119864511274,0.0126673200373904,2.55592284893101e-17,0.0024316684084307,2.17341607989567e-17,1.90828912043126e-17,1.4794318771304102e-17,1.54891414456735e-17,0.0086531483041396,0.0038488256855833,0.0005487464399782,0.00040106057378,0.0117394640257449,0.0086723151783602
CCTC,0.0131109398727488,1.92076301470172e-17,0.0059117030882869,0.0032436354683754,1.59289359765332e-17,0.0161179632013948,0.000743904425991,0.0028151315524026,0.0160447192114452,3.65413566412879e-06,0.0055107140559322,0.0018255590717329,0.0060067828184653,0.0005202642423144,0.0014612757717168,0.0016712901744709,0.014072222770106,0.0162078501626501
CCTG,0.0121232751166612,1.92076301470172e-17,0.0008028804691575,0.0011012807105302,1.59289359765332e-17,0.0104864668205673,2.55592284893101e-17,0.003835825629958,0.0107698017313334,1.90828912043126e-17,0.0011952946029101,1.54891414456735e-17,0.0060146117217398,0.0007371446804215,0.0015696765562564,0.0017595883866092,0.0079215204318686,0.0086611215241122
CCTT,0.0168923630883148,1.92076301470172e-17,2.12608026238155e-17,0.0022351144680241,8.18007455809622e-08,0.0132954505938589,2.55592284893101e-17,0.0018257097505967,2.17341607989567e-17,1.90828912043126e-17,1.4794318771304102e-17,0.0094853185667328,0.0103388664466436,0.0011532472335189,0.0042734961764714,0.0009355992072265,0.0204153855760366,2.1326795188162102e-17
CGAA,0.0089516168250877,1.92076301470172e-17,2.12608026238155e-17,0.0004103202536194,0.0030749955405177,1.87530601191061e-17,9.09798480132478e-05,1.91566936013039e-17,0.0093900297862602,0.0019895207649484,0.0032471015679402,0.0012499261971808,0.00095958328184,0.0350589346570241,0.0022580709753822,3.99672263507512e-06,5.91361282435616e-05,0.0140791477835789
CGAC,0.0054573624182944,0.000331269771622,0.0070824934969566,0.0008405574146715,1.59289359765332e-17,0.0081112993845685,2.55592284893101e-17,0.0003844228951261,0.0136283015559451,1.90828912043126e-17,0.0105140930997027,1.54891414456735e-17,0.0036652940243764,0.0106997886815457,3.69315864300029e-05,0.0008527625692894,0.0013155009642121,0.0500981091769103
CGAG,0.0142557371748402,1.92076301470172e-17,0.0010679750615332,2.07598774009535e-17,0.0005627171780723,0.0045783421321802,0.000319096223644,1.91566936013039e-17,0.0256427215613972,1.75991807211764e-08,0.0035194981658926,0.0004325771178535,2.34704639210533e-06,0.0143079085138923,0.0012043417026367,1.93279664178832e-17,9.13747150647461e-05,0.0230716559140021
CGAT,0.0039032858115721,1.92076301470172e-17,0.0021433143595168,2.07598774009535e-17,0.001155680370896,0.0016391023118073,2.55592284893101e-17,1.91566936013039e-17,0.0036208070895532,0.0005179073468742,0.0027795462266998,0.0021046972601239,0.0001960514054094,0.0054068020644876,2.01278168640698e-17,1.93279664178832e-17,0.0033638937384199,0.0129425103249618
CGCA,0.0005795840916823,0.000160452054672,0.0001679585897703,0.0011607599281622,1.59289359765332e-17,0.0017307829523301,0.0005398809076929,1.91566936013039e-17,0.0018625369268076,1.90828912043126e-17,0.0012105742031595,1.54891414456735e-17,0.0002902097471579,0.0006079228016904,0.000698349635406,0.0003848703513404,0.0012697081770696,0.0027115954433005
CGCC,0.0005551931299689,0.0004178193595585,0.0010786925656456,0.0007293699290082,1.22768195879377e-15,0.0052655343518924,0.002748530407393,0.0001038561746575,0.001848142448964,1.90828912043126e-17,0.0023991410057609,0.0004840603659831,1.97572771451783e-17,0.0005912890965728,2.01278168640698e-17,0.0001574933474877,0.002290592562291,0.0070547574707802
CGCG,0.0006156681385968,1.92076301470172e-17,0.0007145586511966,2.07598774009535e-17,4.53621401247538e-10,0.0022404335957607,0.0028452829447124,1.91566936013039e-17,0.0036184842659962,1.90828912043126e-17,0.0014736991134367,1.54891414456735e-17,1.97572771451783e-17,0.0009574562319038,0.0004160921049001,1.93279664178832e-17,0.0030737363832518,0.0050591272408519
CGCT,0.0004234192143879,0.0003897201502389,0.0001494714058056,2.07598774009535e-17,1.59289359765332e-17,0.0013325676668333,0.0012393113609548,4.47577990610714e-05,0.0004859490114034,1.90828912043126e-17,0.0016279527121418,0.0001617339089533,1.97572771451783e-17,0.0002696263289355,0.0004575644289381,1.93279664178832e-17,0.0019604821681726,0.0029259147162307
CGGA,0.0060481850919135,2.12433701408521e-10,2.12608026238155e-17,0.0010616786264276,0.0007289869785309,0.0114835130251734,1.44261313742044e-13,0.0024818612510271,0.0149712505670751,0.0032735557228559,0.006109247343141,1.54891414456735e-17,0.0008254066091254,0.0210312481094792,0.0006283400522084,0.0033013681021849,2.43745439874267e-17,0.0174113698834538
CGGC,0.0006271012799407,1.92076301470172e-17,0.0009687601780053,0.0005368400540529,1.59289359765332e-17,0.0055326725199833,5.97741924998839e-06,1.91566936013039e-17,0.0076462560591645,1.90828912043126e-17,0.0018713297677907,1.54891414456735e-17,1.97572771451783e-17,0.0055952941443689,0.00061088355946,0.0004207274678179,0.0003436326828241,0.0150070965008508
CGGG,0.0059198967803386,0.0012377170811777,0.0005834889160045,0.0007867681180536,1.59289359765332e-17,0.0157951700390025,2.55592284893101e-17,0.0029132354383943,0.0165755432193414,0.0004265501852926,0.0041461343822386,1.54891414456735e-17,1.97572771451783e-17,0.0095494190484925,0.0015774039729962,0.0019225020487396,2.43745439874267e-17,0.0230133577158651
CGGT,0.005256421358185,0.0026721222120509,0.001547361958292,0.0004592635989798,0.000174359190715,0.0100783269974933,2.55592284893101e-17,0.0026616177411745,0.0083255821643149,0.0003872194895885,0.008501873140252,0.0007362084646556,0.0028766393200373,0.0045966863320964,0.0006948801148495,6.46499774689382e-07,0.0005482404286301,0.0258136111249597
CGTA,0.0064534799544953,0.0010565337027054,0.0004273857602656,0.0035013422916828,0.0043240403150489,0.0047874130781425,2.55592284893101e-17,0.0021354768799406,0.0034859494488223,0.000649954838605,0.0021303968612639,0.0014091212342013,0.0050805101487335,0.0074618319207474,0.0033568512340044,3.00250693126727e-16,0.0032030904532916,0.0115439828850622
CGTC,0.0088864975276423,1.40940588229864e-06,0.0089305282275307,0.0032498882641817,1.59289359765332e-17,0.0112676897627539,0.0002022514326114,0.0015542181859382,0.0129530889929448,1.90828912043126e-17,0.0102427619598001,0.0008004962243189,0.0038768864583786,0.0011544156695414,0.0021199306129282,0.0008052334265633,0.0005140558319867,0.0192545745250651
CGTG,0.0107811245010301,1.92076301470172e-17,0.0020243287811921,2.07598774009535e-17,0.0007618220584285,0.0048598939856195,0.0007459841694349,0.0017206763574992,0.0143284517522848,0.0001029547322147,0.0031753561877273,0.0008184697359858,0.0043774077267524,0.0031663480018737,0.0043664761773087,0.0011058495367325,0.0043507782101268,0.0094564828121288
CGTT,0.0099300460911018,0.0005085480418709,0.0010955864948846,0.0007541845400049,0.0025432505779868,0.0041635795948769,2.55592284893101e-17,0.0008217261254617,0.0044966911930309,0.0006450463719668,0.0039118603797735,0.0056271623991985,0.0043411198119636,0.0013111076414873,0.0043044087576436,1.93279664178832e-17,0.0051253677016732,0.0056804044109535
CTAA,0.009052272244809,1.92076301470172e-17,2.12608026238155e-17,0.0011923627088672,0.0110711613740413,1.87530601191061e-17,2.55592284893101e-17,0.0011443382030697,2.17341607989567e-17,1.90828912043126e-17,1.4794318771304102e-17,0.0022798735345631,1.97572771451783e-17,0.0153916854889375,0.0002181296359362,1.93279664178832e-17,0.0223010390950795,2.1326795188162102e-17
CTAC,0.0087708583953938,0.0018635993218004,0.0019768803910425,1.97154052114931e-05,1.59289359765332e-17,1.87530601191061e-17,0.0044498486736464,0.0039241825312787,0.0042447295162467,1.90828912043126e-17,0.0032332982959645,0.0023555371190105,0.0028097451420763,0.0029100895554699,2.01278168640698e-17,0.0024568015154264,0.0380186274374705,0.011124527227236
CTAG,0.012435588249332,1.92076301470172e-17,2.12608026238155e-17,2.07598774009535e-17,0.0016528182070047,2.5986026639182198e-11,0.000770248995324,0.0033450686187181,0.0105827493016975,1.90828912043126e-17,0.0001596648427142,0.0020501226165112,1.97572771451783e-17,0.0058689913788447,5.73596814970949e-05,1.93279664178832e-17,0.0169731088117429,0.0036980973734276
CTAT,0.0059307623740078,1.92076301470172e-17,0.0001475453450021,2.07598774009535e-17,0.0021346342330801,1.87530601191061e-17,0.001410936019781,0.0008045322309858,2.17341607989567e-17,0.0001828999059609,0.0001378829468833,0.0046479835176188,2.03481101786855e-12,0.0024093295180786,2.01278168640698e-17,0.0007151631597398,0.0251822959096628,8.21776264351621e-08
CTCA,0.0024683207356732,0.0017416380221648,0.0016954713966243,0.0056669485546117,0.0013210696821226,0.00115120233933,0.0011036542006975,0.0028115841480496,2.17341607989567e-17,0.0002580535064442,1.4794318771304102e-17,0.0008889517716856,0.0010796525342931,0.0008046085990672,0.0012516859068314,0.0013434098183941,0.0404235473265892,2.1326795188162102e-17
CTCC,0.0037484273824206,0.0044356130555619,0.0062916561038721,0.0015148757119733,1.59289359765332e-17,0.0030293241172954,0.0158551017684351,0.004097979307254,0.0056593967181245,0.0013784794796038,0.0016207406204681,1.54891414456735e-17,1.97572771451783e-17,1.76309581567065e-17,0.0025768193356736,0.0038072180307158,0.0562531861836269,1.90345193607816e-05
CTCG,0.0030318023817025,0.0001150299076887,0.0040494536441557,2.07598774009535e-17,0.0002898867092849,0.0011330162937236,0.0074344429733905,0.0032859044825265,0.0065688239404868,2.96779588684665e-05,5.48425701850497e-13,1.54891414456735e-17,1.97572771451783e-17,0.0005290234811191,0.002821695697556,0.0015021175456995,0.0342401621335925,2.1326795188162102e-17
CTCT,0.0079355189890267,0.0025836503462015,2.12608026238155e-17,0.0001782292227263,1.59289359765332e-17,0.004237903496866,0.0031587690284904,0.0022158825322328,2.17341607989567e-17,1.90828912043126e-17,1.4794318771304102e-17,0.0033963355398235,0.0080604796030457,1.76309581567065e-17,0.0111080513661597,0.0015186125185139,0.0597715550898225,2.1326795188162102e-17
CTGA,0.0067830369592554,1.92076301470172e-17,2.12608026238155e-17,0.0016724683257416,0.0040376182495845,0.0029455598514571,0.0033267137128501,0.0085325752041911,2.17341607989567e-17,0.0007418219274639,1.4794318771304102e-17,0.0004445996245293,0.004251033527995,0.009210892946398,0.0006300946242281,1.93279664178832e-17,0.0194283494729762,2.1326795188162102e-17
CTGC,0.0007974965397648,0.0001068019169843,0.0007220290647587,2.07598774009535e-17,1.59289359765332e-17,1.87530601191061e-17,0.0023821016818997,0.0022619150661321,0.0039041789777942,1.90828912043126e-17,1.69571195291878e-05,1.54891414456735e-17,1.97572771451783e-17,0.0038391740645957,0.0001051521239516,0.0001938897377498,0.0058228219012855,0.0061895473144784
CTGG,0.0050105951910657,0.0007352454647628,0.0008616264313546,2.07598774009535e-17,0.0005808962646632,0.0026292290128244,0.004661609477931,0.008967958293047,0.007833159668247,0.0007095896314918,1.4794318771304102e-17,1.54891414456735e-17,4.32700278083152e-07,0.0030029439610465,9.66340131151057e-10,0.0020283045754585,0.0173254110078521,0.0072842457443515
CTGT,0.0069581064037155,0.0029473149433046,2.12608026238155e-17,0.0014083549514147,0.0018647289285928,0.0016829439437557,0.0037704318346343,0.0047903606832159,0.0022364184734786,2.62832632661436e-17,0.0015183270676564,0.0002008833208067,0.0044978536735586,0.0022963319564055,0.0028141805449369,0.0019540009784186,0.0269558376207198,0.005288447530318
CTTA,0.003049188825392,1.92076301470172e-17,0.0024897055702854,0.0008442816910657,0.0032150391514363,1.87530601191061e-17,2.55592284893101e-17,0.0011667290655947,2.17341607989567e-17,1.90828912043126e-17,1.4794318771304102e-17,0.004502244095663,0.0018480312697936,0.0031031996414619,0.00050490789791,1.93279664178832e-17,0.0397469384731189,2.1326795188162102e-17
CTTC,0.0040188136991259,0.0008282704498374,0.0117178894033635,2.07598774009535e-17,1.59289359765332e-17,1.87530601191061e-17,0.0033920608357276,0.0008786331429077,0.0030305386746747,0.0004988000802343,0.001726441086918,0.001973023365936,0.0008978707488927,0.0001069846438917,0.0003514395373417,0.0023385832161035,0.0506271954059196,0.0029843311946856
CTTG,0.0035303763343283,1.92076301470172e-17,0.0042868984016366,2.07598774009535e-17,0.0012565396741976,1.87530601191061e-17,2.55592284893101e-17,0.0021402696759708,0.0023008996632806,1.90828912043126e-17,1.4794318771304102e-17,1.54891414456735e-17,0.0014123439638999,0.0004455265892833,0.0010379827432197,8.27064413752545e-05,0.0273513794256013,0.0020922924034446
CTTT,0.0066677466457782,1.29190478031422e-08,0.0053411083040701,2.07598774009535e-17,0.0024122067747989,0.0006816030892093,2.55592284893101e-17,1.91566936013039e-17,2.17341607989567e-17,0.0003397550091134,0.0004748642324987,0.0127983772357237,0.0011699421142334,0.0012195615371876,0.0026198242562724,0.0004220053218696,0.0637884372424846,2.1326795188162102e-17
GAAA,0.0033055155928841,0.0068046219080429,0.0189804119961165,0.0012742956465199,0.005185593409474,0.0023817337875299,2.55592284893101e-17,0.0016319662031314,0.0039390296203767,0.0025193704003809,0.0057298216185954,0.0059472899328744,1.97572771451783e-17,0.013375274832773,0.0106621044148797,1.93279664178832e-17,0.001240237112167,0.002401695135744
GAAC,2.04031654190508e-17,2.58105967150249e-06,0.0408398761935957,0.0021869172688153,3.45710838144849e-06,0.0017076572817705,2.55592284893101e-17,0.0023825735910151,0.0019551868114056,1.90828912043126e-17,0.0040896224942569,0.0012353510807396,0.0034310356162504,0.0009692554384232,2.01278168640698e-17,1.99029338436715e-11,0.0058738219985331,0.0127778291182946
GAAG,0.0035553285153754,0.0052065779085568,0.031574734464827,0.0012047773368851,0.00110880147445,0.0032400154249807,2.55592284893101e-17,0.0026753110112517,0.0106858020424487,1.77139717703833e-15,0.0009798234076322,0.0002606353665835,0.0018284012073125,0.0053079261216415,0.0082763994204981,0.0007730639292379,0.00243249622773,0.0098404269283605
GAAT,0.0002129560481742,1.92076301470172e-17,0.019920123854812,4.71910854066214e-07,0.0008437942021686,0.0013987060721593,3.08788569051289e-07,0.0007488593118202,0.000243710101108,0.0005327850990299,0.002896064925459,0.0031651529195201,0.0023466375550896,0.0014659811681143,2.01278168640698e-17,0.0001894274690853,0.0034224458806946,0.0087091297914481
GACA,0.0008168111484134,0.0089213290041212,0.0210932462629285,0.0087049851628054,0.0024270003098546,0.0028489910188706,0.0029301982448779,0.0033500946517203,0.0021264447198165,0.0012165740539592,0.003857707615967,0.000780857223712,1.04301437266487e-13,0.0031398770920708,0.0115828387777077,0.000499825033596,0.0031919699492734,2.1326795188162102e-17
GACC,0.0001510862950586,0.0070036816584658,0.0258330958306246,0.0033552885048301,0.0001934332340042,0.006969553898116,0.0053298771386003,0.0032550400570967,0.0050980819430044,1.90828912043126e-17,0.0056420477008045,1.54891414456735e-17,1.97572771451783e-17,0.0003421038654111,0.0079504679194449,0.0004588443371154,0.0046381405235966,0.0009004091995839
GACG,0.0014516568696706,0.0067891975232527,0.0247221475625265,0.0024299858375644,1.59289359765332e-17,0.0052523998395497,0.0074742464914727,0.0035362899928067,0.0080042669296184,0.0001054026873684,0.0036433508388807,1.54891414456735e-17,1.97572771451783e-17,0.0033140763555084,0.015000704018349,0.0014871108847464,0.0033970557817257,2.1326795188162102e-17
GACT,0.0003281228286803,0.0087247733412803,0.0116270897503788,0.0004096766557693,0.001427595046588,0.0028995128177408,0.0034995196649286,0.0013606816535513,2.17341607989567e-17,0.0007545319893447,0.0056398946210968,0.0016587570170798,1.3779961944837002e-10,0.0011910571936467,0.0097263919819178,1.93279664178832e-17,0.0102524285936417,2.1326795188162102e-17
GAGA,0.0028783972392715,0.0121132258746884,0.0139759253048224,0.0020258623321623,0.0041289377493216,0.0085323094101134,0.0024650474594919,0.004111913456956,0.0069015007216293,0.0035240904930645,0.0036342859271377,1.22045533694269e-08,1.97572771451783e-17,0.0111518481294442,0.0138828338800928,1.93279664178832e-17,0.0005472129057635,2.1326795188162102e-17
GAGC,2.04031654190508e-17,0.0002612806240571,0.0077029385235753,0.0006329128273399,1.59289359765332e-17,0.0032628641845626,6.664626663138399e-12,0.0008853092569591,0.00307364928427,0.0001097566616361,0.0001687924326838,7.15312045735919e-13,1.83241629113622e-08,0.001402740568911,0.001613380601024,1.39416436213805e-05,0.0008918471769792,0.0069350129415922
GAGG,0.0028894509528457,0.0119022215094673,0.017316116374188,0.001494469294294,0.0011120213052323,0.0096303120514223,0.0063127860398334,0.0081200452262782,0.0149419287791141,0.0013911809463782,1.4794318771304102e-17,1.54891414456735e-17,1.97572771451783e-17,0.0047765768411754,0.0105506318318524,0.0002164065806671,0.0047357770849992,0.0019661270352115
GAGT,0.0012971639895151,0.0085702325985595,0.0150012986479576,0.0015388167125117,0.0015269722496972,0.0080889065011161,2.55592284893101e-17,0.0032368489068572,0.0045025482973075,1.90828912043126e-17,0.0044961662605111,0.0011549755137915,4.1440591296124e-06,0.0019838121560488,0.0066521637927124,1.93279664178832e-17,0.0008420695954949,0.0081896012397019
GATA,2.04031654190508e-17,0.0013913105817756,0.0219258420411535,0.0031454064805579,0.0032106338825881,0.0025117318850668,2.55592284893101e-17,0.001157151471131,0.0002953436750483,0.0022723681887524,1.4794318771304102e-17,0.0046504093260587,0.0008554700718185,0.0026438729069448,0.0055129069886081,7.25359144397299e-15,0.0006534870542774,2.1326795188162102e-17
GATC,2.04031654190508e-17,1.92076301470172e-17,0.0264695931382866,0.0019193256208512,0.0015033028527475,0.0011853093750719,0.0012069580272585,0.0012909982836297,2.17341607989567e-17,0.0011048139348071,1.4794318771304102e-17,1.54891414456735e-17,1.97572771451783e-17,3.80562671639206e-05,0.0016375022241087,0.0004676735643022,0.0026283102238689,2.1326795188162102e-17
GATG,0.0006172412580293,1.92076301470172e-17,0.0295902578566757,0.0017619906044147,0.001466418220238,0.0008723769922226,0.0046971467254248,0.0023188895269608,2.28324682320864e-08,0.000852009929772,1.4794318771304102e-17,0.0013375300030385,0.0014907383033946,0.0013054481795933,0.0033902536472675,2.9300194217609e-06,0.0010645254641935,2.1326795188162102e-17
GATT,2.04031654190508e-17,0.0006738850236929,0.0228665573983845,0.0010323284522355,0.0025568040423255,0.0018514252194535,0.0016013412544793,1.91566936013039e-17,0.0009762464204127,0.0021482726437784,1.4794318771304102e-17,0.0061362976947484,5.23809717145621e-05,0.0010224166438299,0.0037111895968479,0.0015792096325005,0.0008328104466301,2.1326795188162102e-17
GCAA,0.0024902867818775,7.87174952862516e-14,2.12608026238155e-17,0.004549480539505,1.59289359765332e-17,0.0004623643631778,0.0047496090531226,1.91566936013039e-17,0.001258876940673,0.0002493443925125,1.4794318771304102e-17,0.0029474707865779,3.49955541401421e-16,0.0012967756943637,2.01278168640698e-17,0.0003128943579452,9.88023691629165e-05,2.1326795188162102e-17
GCAC,0.0035272801921883,0.0025449180823775,0.0006982157349366,0.0025831591221295,1.59289359765332e-17,0.0045331742622077,0.0062875456301056,0.0011493673720842,0.0024876315946759,1.77538625538298e-05,0.0014356350684353,0.001465533813686,1.97572771451783e-17,0.0003609752011498,0.0008536178631814,1.93279664178832e-17,0.001382905914779,2.1326795188162102e-17
GCAG,0.0058819547537668,0.0005923805506267,2.12608026238155e-17,0.0016843262145397,1.59289359765332e-17,0.0020303719974765,0.0086697687555958,0.0003822887009501,0.0042134636691394,0.0002847412088274,1.4794318771304102e-17,0.0013734186004602,1.97572771451783e-17,0.0004673715140527,2.01278168640698e-17,1.93279664178832e-17,7.66170582213452e-05,2.1326795188162102e-17
GCAT,0.0019331223360508,0.0003900549833903,0.0002410887844895,0.0012434086558764,1.59289359765332e-17,0.0018446491093836,0.0021482246139564,5.01985524751082e-05,0.0008616640290487,0.0004718858638245,1.4794318771304102e-17,0.0020608846975958,1.97572771451783e-17,0.0001183970571663,5.25499085655508e-11,1.93279664178832e-17,9.44716412718349e-12,0.0001068270693221
GCCA,0.0005344651895933,1.92076301470172e-17,2.3786441829971e-05,0.0039966050867373,1.59289359765332e-17,0.0051962191725204,0.0072275952410982,0.0010904166026871,2.17341607989567e-17,0.0004644879541288,1.4794318771304102e-17,0.0018024436613096,9.958773613246891e-15,0.0001095659119425,0.0003430425923299,1.93279664178832e-17,2.43745439874267e-17,2.1326795188162102e-17
GCCC,0.0008534828575115,0.0013500735966131,0.0006198533706518,0.0034433929795036,0.0004568262951908,0.0164518579682569,0.0107009757968901,0.0015567452388447,2.17341607989567e-17,1.16308291756467e-06,0.0003837501544463,0.0018778370146899,1.97572771451783e-17,1.76309581567065e-17,0.0014450166775046,1.93279664178832e-17,0.0017686519424137,2.1326795188162102e-17
GCCG,0.0007747682319339,1.92076301470172e-17,0.0002716185559029,0.0002204581737901,0.0006659085441979,0.0057327941844916,0.0219960588245271,0.0009323855807853,2.17341607989567e-17,0.0010666899384011,0.0012271641052197,1.54891414456735e-17,1.97572771451783e-17,0.0001914661052865,0.0015537322208786,1.93279664178832e-17,1.92356558928003e-16,2.1326795188162102e-17
GCCT,2.04031654190508e-17,0.0004523412460367,2.12608026238155e-17,3.1044291396471195e-11,1.59289359765332e-17,0.0030000975661659,0.0130276319764385,8.90001233480567e-05,2.17341607989567e-17,0.001504381152534,1.4794318771304102e-17,0.0030748998452602,1.97572771451783e-17,1.76309581567065e-17,0.0003474009680736,0.0003138737061953,0.000685163401921,2.1326795188162102e-17
GCGA,0.001161647416046,0.0002998258863897,2.12608026238155e-17,0.0010500886701468,1.59289359765332e-17,0.0041489757252897,0.0144087562128828,0.0010588112777997,2.17341607989567e-17,0.0010056451253075,1.4794318771304102e-17,0.0010436693274299,7.324543597137449e-11,0.0013298104774535,0.0011321811747593,7.64421697451211e-09,2.43745439874267e-17,2.1326795188162102e-17
GCGC,0.0003290698528048,1.92076301470172e-17,0.0003050541374985,2.07598774009535e-17,0.0004118775207026,0.0015804957854605,0.0078960938897085,0.000295823751787,0.0008755840076195,1.90828912043126e-17,1.4794318771304102e-17,0.0002264103969707,1.97572771451783e-17,0.0004221638173207,0.0001577737661071,4.0071947523054e-05,0.0011129097546475,2.1326795188162102e-17
GCGG,0.0009470296315674,0.000683611760317,0.0001585448596758,2.07598774009535e-17,0.0012697338967692,0.0084127749565166,0.0204415909473943,0.0025893291705652,0.0007472953444277,0.0012273287453178,1.4794318771304102e-17,0.0002739839769742,1.97572771451783e-17,0.0006208616969818,0.0006275784636489,7.439106111657051e-17,0.001483332666847,2.1326795188162102e-17
GCGT,0.0005213840225761,0.0008217884110046,0.0003560721862673,0.0004392407212288,1.59289359765332e-17,0.0032548997466112,0.0087311230388673,0.0001711360527166,0.0009595288703899,0.0005871805965778,0.0007756890432359,0.0016589335966758,1.97572771451783e-17,0.0002237795735372,0.0004977542050063,0.0008736710274834,0.0011758022350243,1.7333640150268099e-12
GCTA,0.0003420901164398,0.0003090971181592,5.59711046604763e-05,0.0010805012643981,1.59289359765332e-17,0.0010620393868963,0.0041007497029098,0.0003208620698752,2.17341607989567e-17,0.000272019258859,1.4794318771304102e-17,0.002743770210848,0.0005470258525121,5.87263030675263e-05,0.0001521581045492,0.000416788546425,0.0003520257410784,2.1326795188162102e-17
GCTC,0.0016550846957095,0.0014542460647738,0.0015411336609885,0.0008570530316136,1.59289359765332e-17,0.0034905468328279,0.0070336636849407,0.0004140766912261,0.000661037209888,1.53804625748269e-05,0.0009706634581589,0.0013865233140649,1.97572771451783e-17,9.6584708480035e-05,0.0013345803379274,0.0003553501360475,0.0022617239453614,8.461611349874e-05
GCTG,0.0012790626202731,0.0006300166775398,0.0004116023908625,2.07598774009535e-17,1.59289359765332e-17,0.0014496543076445,0.0056983835278279,0.0003712687908287,0.0019920235822552,0.0002937138826519,1.4794318771304102e-17,0.0012809696023065,5.872106778535639e-11,5.50910936464018e-05,0.0006259903479478,0.0002660338690697,0.0012283237780899,0.0003540235797781
GCTT,0.0002634719865802,0.0006945907878509,0.0003589740103843,0.0002730585347622,1.59289359765332e-17,5.76423089431625e-05,0.0067133988183396,1.91566936013039e-17,2.17341607989567e-17,0.0009659018434161,1.49990979442275e-17,0.0031506225568043,0.000452091908667,1.76309581567065e-17,0.0002139910867562,0.0006632015223026,0.0011798814097387,2.1326795188162102e-17
GGAA,0.0067829434673186,0.0138521409958631,0.0046762502712401,2.07598774009535e-17,0.0008070677096933,0.0044767069477275,0.0058066832796949,1.91566936013039e-17,0.0091861961658189,0.0057267010271342,0.0007564775035828,0.0092238195947852,1.97572771451783e-17,0.0318887100321263,0.0098812048449744,1.93279664178832e-17,0.0017692641547023,0.0002012075974674
GGAC,0.0053983709213307,0.0143085796529646,0.0196184160993845,0.001671274400986,1.59289359765332e-17,0.0162307695307008,0.0009764818449434,0.0016809946453269,0.0092995885067907,0.0006383356493572,0.0085840695559827,0.0022679855018414,4.37009016219225e-17,0.0075731427887736,0.0105164956287693,1.93279664178832e-17,0.0002692072482725,0.0210331476550473
GGAG,0.0145003743134753,0.014454181163267,0.009380301578048,2.07598774009535e-17,1.59289359765332e-17,0.0098028875414909,0.0062725372806482,8.68334943005207e-05,0.0309788693011806,0.0017561619689111,1.1540409538724799e-16,0.0026319852491436,1.97572771451783e-17,0.0148070006497674,0.0092324897764261,8.69917275836439e-07,2.43745439874267e-17,0.0110079248610541
GGAT,0.0032287707987878,0.0052658328443179,0.0082406005670633,2.07598774009535e-17,1.59289359765332e-17,0.0043072927344579,0.0019699553945935,0.0004228512202444,0.0009439052801241,0.0011611346694954,0.0009607407496498,0.0052028811998961,1.4595703324532e-05,0.0039877028734717,0.0023914103854055,3.13542408540793e-05,0.0018113874247982,0.0035627326353162
GGCA,2.04031654190508e-17,0.0029216757709019,0.0009045792645632,0.0013624053958239,0.0001923219407065,0.0029952043044671,0.0026876333052175,1.91566936013039e-17,0.0007958105422116,3.38458022455505e-05,0.0007245772386635,0.0002495587053251,0.0002384152413692,0.0006711906180675,0.0019778317809206,0.0006218293837586,0.0002391186645852,2.1326795188162102e-17
GGCC,7.45835644299319e-05,0.0021609799085338,0.0021633243377548,0.0006820513381851,0.0001376324831887,0.008609682060489,0.0020185345950712,0.0002017798203883,2.17341607989567e-17,1.90828912043126e-17,0.0013648084552131,0.0010776175450355,1.97572771451783e-17,0.0003372883610497,0.00093249794877,1.93279664178832e-17,0.0017741376653095,0.0030016527939758
GGCG,0.0004421937307039,0.0029176504261737,0.0018236309928384,0.0003057847378518,0.0002676121814682,0.0062403705406046,0.0051262947203477,1.91566936013039e-17,0.0019057766607874,1.90828912043126e-17,0.0011509045162375,1.54891414456735e-17,1.97572771451783e-17,0.0012585897473765,0.0029385724070853,0.0002357610798244,0.0013126768160753,2.1326795188162102e-17
GGCT,2.04031654190508e-17,0.0031129218832633,0.0004676669370243,2.86082094100077e-05,1.59289359765332e-17,0.0031432272586055,0.0030303773777472,1.91566936013039e-17,2.17341607989567e-17,0.0001545121377148,0.0015447173251496,0.0002664611235933,0.0004656447956861,0.0004516487153912,0.0018159369350457,0.0004461103354345,0.0008711688708301,0.0005222707194011
GGGA,4.8182233759382205e-15,0.0193520315149483,0.0038594976366458,0.0015805762008921,4.23768998066291e-10,0.019263465169841,0.0054865809476175,0.00132359615336,0.0082210927931318,0.0060925776086788,0.0005177259145271,0.0009153819750631,0.0021359159007247,0.0191349639442448,0.0098295506443317,0.0032789416887255,2.43745439874267e-17,0.0022310180171196
GGGC,1.1176865375999801e-09,0.004513993008618,0.0027113634324592,0.001289086123195,1.59289359765332e-17,0.0096522296598187,0.0031706079465582,0.0001462458440775,0.0029563555477925,0.0001153107270799,1.4794318771304102e-17,0.0002735714525575,1.97572771451783e-17,0.0048259351680093,0.0024745230116909,0.0002173841438693,0.0005458504415653,0.0052702060425914
GGGG,0.0023501035600514,0.0164322899581832,0.0043215279231056,0.0030729296235225,0.0006802563062887,0.0280986627608317,0.0002288299418775,0.0036091780838146,0.0124917640809032,0.0002485067481366,0.0005874731796184,1.54891414456735e-17,1.97572771451783e-17,0.0074359117688504,0.0076292127594475,0.0005889228039822,2.43745439874267e-17,0.0062359383875371
GGGT,0.0017397021977038,0.0200674092901768,0.0065449865720972,0.0019219571050449,0.0002265870312426,0.0258662384094916,0.0005985971363664,0.0025758561994688,0.0010259115335875,1.90828912043126e-17,0.0053302687249758,0.00275383406414,1.97572771451783e-17,0.0041994525508394,0.0092720436280576,1.93279664178832e-17,0.00043180928548,0.0030570187668377
GGTA,0.0008070564505872,0.0162531659241944,0.0095004504129942,0.0027088682187427,1.59289359765332e-17,0.0089756918234555,0.0019584410107796,0.0020073777369955,1.45154042011805e-07,0.0015054804962896,0.0017438825042767,0.006594772664455,0.0019727842737583,0.0074156237651798,0.0115247144148042,1.93279664178832e-17,2.43745439874267e-17,0.0029982865492577
GGTC,0.0025189133482712,0.0131874314085608,0.0250957438692618,0.001495383321815,1.59289359765332e-17,0.0125995470944835,0.0025333922210221,0.0021321267221722,0.0035090147089765,1.90828912043126e-17,0.0069259808740416,0.001200883372744,0.00074992927525,0.0010391357447377,0.0103771396282881,1.93279664178832e-17,2.43745439874267e-17,0.0102929729541725
GGTG,0.0036986018172515,0.0141914190854168,0.0160301000105464,0.0016948673063941,1.59289359765332e-17,0.0118825987060059,0.0038742920024923,0.0021319555688197,0.0075839770605434,0.0009700602904457,0.0016735197080563,0.0025031357056826,0.001012710715657,0.0040687253258299,0.012801709915268,0.001780708597674,2.43745439874267e-17,0.0010640627446288
GGTT,0.0011217383531261,0.0154479769738162,0.0112945699398937,2.07598774009535e-17,1.59289359765332e-17,0.006820895100391,0.003761386692214,0.0008227376696541,4.45176597815533e-05,0.0024381330424019,0.0020382444941228,0.0097034834307755,1.38732205212943e-15,0.0020543860443051,0.0113135539158408,1.93279664178832e-17,2.43745439874267e-17,5.26207615334624e-10
GTAA,0.0090192595342213,0.0095235482696992,2.12608026238155e-17,0.005386084445104,0.007367667684595,0.0011952332624748,0.0015746248954696,0.0081946905559264,2.17341607989567e-17,0.0021811887973115,1.4794318771304102e-17,0.0172924163256844,1.97572771451783e-17,0.0191720661340788,0.0044502639411252,1.93279664178832e-17,2.43745439874267e-17,2.1326795188162102e-17
GTAC,0.0060447070313577,0.0128594424302538,0.0051101203711106,2.07598774009535e-17,1.59289359765332e-17,0.0030900972014782,0.004648235016219,0.0127834485950203,0.0023619375977784,0.0013780433242721,0.0044944833987981,0.0059307712053301,0.0004072584259941,0.0025489932147929,0.0034794348626752,1.93279664178832e-17,2.80943278591381e-05,0.007716687656941
GTAG,0.0152636926855013,0.0144289918238727,0.0019471526924078,0.0002229378625173,1.59289359765332e-17,0.0002852853004361,0.0083612237739996,0.0135759439823083,0.0139131934278167,0.0016524879427512,4.95238400638392e-12,0.0068408138170727,5.45075701901302e-13,0.0079022573172645,0.0050634217202324,1.93279664178832e-17,2.43745439874267e-17,0.0034797962752949
GTAT,0.0054915402407248,0.0066421799693265,0.001933586191497,2.07598774009535e-17,0.0016985498635383,0.0010437640390925,0.0014522171649374,0.0045901787588438,0.0008698387428508,0.0013581655462362,0.0013502454684841,0.011206002752855,1.97572771451783e-17,0.0028375947890973,2.01278168640698e-17,1.93279664178832e-17,2.43745439874267e-17,0.0032242887686731
GTCA,0.0013995740846417,0.005921381995977,0.0041892465253814,0.0092171909744262,0.0012988692121753,0.0062384029034452,0.0024785313096649,0.0097700097581557,2.17341607989567e-17,0.0027292772823736,0.0011622373408916,0.0068406328481828,0.0028567911243045,0.0020077414651004,0.0118848310684082,1.93279664178832e-17,2.88735135295302e-08,2.1326795188162102e-17
GTCC,0.001907962894782,0.0131637789191674,0.0110064284966226,0.0047843612821696,1.59289359765332e-17,0.008225767871306,0.0135824282338967,0.0121548838093159,0.0044384683819956,0.0023793968646544,0.0039460220257295,1.54891414456735e-17,1.97572771451783e-17,1.29866899814051e-08,0.0225165719111387,0.0012063251829378,0.0018053642107243,4.45705825971858e-10
GTCG,0.0032631610706318,0.0106840052120828,0.0100669909697721,0.0033570567117291,1.59289359765332e-17,0.0065856067432177,0.0177061053364112,0.0112419792799111,0.0037918159265046,0.0016344848480038,0.003301151381905,1.54891414456735e-17,9.771633265832339e-11,0.0014169693985568,0.0238703265650889,0.0015090241226659,0.0004656736773777,2.1326795188162102e-17
GTCT,0.001440306177703,0.0180446787156692,0.0015894250034772,2.07598774009535e-17,1.59289359765332e-17,0.0071792386753282,0.0028902558134024,0.0052750477592917,2.17341607989567e-17,0.0066695668563788,1.32472442692946e-16,0.0121340164171196,0.0019080203048818,0.0012860564201561,0.0288884618326019,1.93279664178832e-17,0.0034865841207942,2.1326795188162102e-17
GTGA,0.0027314447544821,0.0110046152791118,0.0014439168222075,0.0037748636029137,0.0014508249472366,0.0074102276948592,0.0062081159135401,0.0147148443744769,2.17341607989567e-17,0.0052186570917356,1.4794318771304102e-17,0.0088639073666756,9.74765664355431e-06,0.0103742162523591,0.0052196798404335,1.93279664178832e-17,8.58515930225269e-10,2.1326795188162102e-17
GTGC,0.0002230241929151,0.0033480918388676,0.0017877585068878,2.02689581502224e-07,1.59289359765332e-17,1.87530601191061e-17,0.0048259855037178,0.0050947735185036,0.0016511620995429,0.0008110879745129,0.0005965589930098,1.54891414456735e-17,1.12017916667821e-07,0.003743413445861,0.0009024487027815,0.0004995327030547,2.43745439874267e-17,0.0065441516328702
GTGG,0.0019738066518711,0.0160858679081264,0.0037808544063959,3.07724909199665e-16,1.59289359765332e-17,0.0076521229234556,0.0165460108671785,0.0207051199673476,0.0061651112374556,0.0050253184492871,1.4794318771304102e-17,0.000182363588553,0.0045888664482905,0.0044964900491045,0.0063150784198816,0.0023896471188094,0.0023433840658412,0.0045707031251653
GTGT,0.0041510256219514,0.0159282729029628,0.0016269500721133,0.0006796392377697,0.0014237070454778,0.003828516167402,0.0042300051981161,0.0101261096060121,2.17341607989567e-17,0.0008794071508731,0.0037948635693034,0.0067051513076056,0.0031671750506188,0.0035988352425501,0.0130577410924096,1.93279664178832e-17,2.43745439874267e-17,2.1326795188162102e-17
GTTA,0.0006104455444991,0.0048032034901167,0.0054200634483658,0.0002376584739095,0.0041282109508534,0.0021562496435725,2.55592284893101e-17,0.0032394902192754,2.17341607989567e-17,0.0003035432536136,0.0001905924470055,0.0081423605947435,5.21294009407376e-05,0.0026419768570555,0.0054106268861783,1.93279664178832e-17,0.001431833421554,0.0021356054111777
GTTC,0.0018255862265898,0.0060959286082721,0.0168267949220078,2.07598774009535e-17,1.59289359765332e-17,1.87530601191061e-17,0.0026327395561438,0.0050398678995985,0.0010506317848031,1.90828912043126e-17,0.002812849638678,0.00301198974962,0.0016693841384647,6.40140379140011e-06,0.0067008360447173,0.0004189103299836,0.0016635368140055,0.0014473892566883
GTTG,0.0013075523316277,0.0048882715067362,0.0091477150097657,2.07598774009535e-17,1.96464887359161e-07,0.0006415120243122,0.0014928926847135,0.0048473040850681,0.0033681474290776,1.13261601833303e-07,0.0002133161176131,0.0043056549192295,0.0016896629314038,0.000937554376906,0.0057740648335846,0.0003023817917095,2.43745439874267e-17,0.001602906827856
GTTT,0.0012424708873398,0.0110875787422165,0.0111412054404623,2.07598774009535e-17,0.0009152263347664,0.0014303351966358,2.55592284893101e-17,0.0025214419602487,2.17341607989567e-17,0.0017803793709623,0.0007793771213444,0.0208165899131216,4.0568072407761296e-12,0.0012922903520636,0.0126100734873111,1.93279664178832e-17,0.0005550988279121,1.1076992876575699e-11
TAAA,0.0007933507445227,0.0070693317105281,0.001481473745586,0.0042971414800142,0.0129432817900284,2.0245480582925e-15,3.1456028438738e-15,0.0040253844850723,2.17341607989567e-17,1.90828912043126e-17,0.007882587569455,0.0010961902350952,1.97572771451783e-17,0.0173352638862234,0.0022643999534064,1.93279664178832e-17,2.43745439874267e-17,0.012484636945519
TAAC,2.04031654190508e-17,0.0021491325657229,0.0030148685004935,0.0009407179193051,0.0015209790953613,0.0021491957811705,2.55592284893101e-17,0.0029223966291016,1.43625233041262e-16,1.90828912043126e-17,0.0041776367816734,1.54891414456735e-17,0.0017769412803297,0.0017580645962119,2.01278168640698e-17,1.93279664178832e-17,0.0011204338751527,0.0188908958635852
TAAG,0.0012525111018782,0.0045788396969283,0.0030619076130471,0.0012487617327401,0.0027558988745823,0.0009515807998917,2.55592284893101e-17,0.003863836836583,0.003174300085088,1.90828912043126e-17,0.0039573785709828,1.54891414456735e-17,0.003281973533557,0.0050027651178449,0.0005534149519244,1.93279664178832e-17,0.0004856038863946,0.0185242146253778
TAAT,0.000472712886614,0.0031554562869079,0.0027925853421469,0.0013619623366801,0.0042640860343181,0.0023070486366672,2.55592284893101e-17,0.0024163306598432,2.17341607989567e-17,1.90828912043126e-17,0.003845508862527,0.0026426444720123,0.0011033111052281,0.0027615578106944,2.01278168640698e-17,1.93279664178832e-17,0.0036615817472403,0.0132320692281692
TACA,2.04031654190508e-17,0.0122849438884703,0.0025535641313232,0.0238456044360919,0.0078837903360789,1.87530601191061e-17,2.93986429210751e-07,0.0116114861789407,0.0015160506481289,0.003514895817645,0.0015195442207059,0.0020312872224995,0.0040483547075342,0.0020494386633288,2.01278168640698e-17,0.0085820850589031,0.001964942393783,5.35350551578094e-10
TACC,2.04031654190508e-17,0.0062867431990958,0.0039088956611037,0.0054094113783877,0.0021020263910191,0.002203785753875,0.0087091317413979,0.0117022637099338,0.001935992459013,0.000716449725453,0.0040774774239889,1.54891414456735e-17,0.0042553622411303,0.0005815440482708,0.0008514616856337,0.0036137676459007,0.0050018715304606,0.0030155080428273
TACG,2.04031654190508e-17,0.0070349547395452,0.0033778662129841,0.0052331679995966,0.0020659505097939,9.5406099398501e-05,0.0076501934312658,0.0115918119319474,2.17341607989567e-17,0.0010658141106004,0.0016725582152979,4.82919571239379e-15,0.0050132379210254,0.0012845455126394,0.0003204983452099,0.0054177032985494,0.0034696909172835,1.7590224745832502e-09
TACT,2.04031654190508e-17,0.0123197600350423,0.0021532131212705,0.0056251848319189,0.0053834029891517,0.0004062101115604,0.0047039570480434,0.0089452218749976,2.22983628529639e-07,0.000531677278312,0.0045062916807556,0.0032829604066299,0.0097964754517796,0.0012771641810883,0.0040932984809747,0.0048459628717211,0.0062346001111686,0.0024611888026246
TAGA,0.0008164183056687,0.0135496657341512,0.0015465096548197,0.0065905574265381,0.0077102393875343,0.0009348911659188,0.0038096012348902,0.0102367048954205,0.00019774181023,0.000607261986684,0.0018829962765748,0.0006627801954144,1.97572771451783e-17,0.0111029305087681,0.0017082507100704,0.0031680161086003,0.0015442886590001,0.0001591517520286
TAGC,2.04031654190508e-17,0.0010411108623005,0.0007388211161537,0.0009803355708829,2.78339833488159e-05,0.0008279677636906,2.55592284893101e-17,0.0017144195175093,0.0013881776652131,1.90828912043126e-17,0.0002290818164418,0.0001266542392627,0.000260275135587,0.0013304195850647,3.24340025159414e-05,0.000270258300288,0.0004487560757332,0.0048235879400385
TAGG,2.04031654190508e-17,0.0093129633836141,0.0031443650385814,0.0029940139397701,0.0026556508500407,0.0005136693558312,0.0078900332496598,0.0115533266311354,0.0021147873566981,0.0010545981999021,1.4794318771304102e-17,3.37713214091093e-17,1.97572771451783e-17,0.0034535169374016,2.01278168640698e-17,0.003554955079386,0.0049149593442285,0.0040392329549505
TAGT,0.0004672795747745,0.009358285052006,0.0017457980142334,0.0033027420703127,0.0036077637910154,0.0030186655512023,0.0023985857896508,0.0066058347844766,3.57141421606332e-13,1.90828912043126e-17,0.0044712018636316,0.0014207862634955,0.0025252161329093,0.0021440614044331,0.0006381561549836,5.112360274581939e-16,0.0037080013509949,0.0078767667790655
TATA,2.04031654190508e-17,0.0104899803293165,0.0010830660606596,0.0089754267220169,0.0213984826603475,0.000580277886283,2.55592284893101e-17,0.0056961363676991,0.0011485010306122,0.0036654611807082,1.4794318771304102e-17,0.005707361821188,0.0069629351030119,0.0053600652087277,2.01278168640698e-17,0.006762739632673,0.0016689132578221,2.1326795188162102e-17
TATC,1.6712595401858502e-09,0.0024638179695564,0.0045157413672876,0.0051447602955246,0.0049108716784506,0.0012830222859689,0.002402940308897,0.0057385360951969,0.0019363134884249,0.0009545468499057,0.0011419620773928,0.0011697605726432,0.0036873778357262,0.000393458491418,2.01278168640698e-17,0.0024527462074074,0.0020200417337628,0.004748238815622
TATG,2.04031654190508e-17,0.005161520087643,0.0029939413902577,0.0040744521484916,0.0056915435740831,1.99685619621077e-09,0.0028872873532134,0.0065045927497429,2.17341607989567e-17,0.001318139513337,1.4794318771304102e-17,0.00371845028644,0.0060957854337012,0.0017511224493454,2.01278168640698e-17,0.004919959866513,0.0009991532782851,3.859576291602e-08
TATT,2.04031654190508e-17,0.0087374304093452,0.0040061357306415,0.0065088848722154,0.0114543787610293,1.63283564027099e-05,5.47251115635448e-05,0.0025552695740195,0.0050075943225526,0.0007653830238591,1.4794318771304102e-17,0.0121554495360904,0.0044956067702311,0.0017227825637175,0.0012099961424616,0.0064082360328184,0.000646876072467,0.0026679187731168
TCAA,0.0068476570708657,1.92076301470172e-17,2.12608026238155e-17,0.0574216675849897,0.0225567455683272,1.87530601191061e-17,2.55592284893101e-17,1.91566936013039e-17,0.0058869383907067,0.0022917452690863,1.4794318771304102e-17,1.54891414456735e-17,0.0260230426938426,0.017746076746985,2.01278168640698e-17,0.0263168733602323,0.0019823424314042,2.1326795188162102e-17
TCAC,0.0194753039437701,8.60279172741866e-05,0.0005589328409363,0.0170286349830022,0.0058296282845303,0.0050957181586239,0.00500963059292,0.0011277710443752,0.0029742845401235,1.90828912043126e-17,0.0053220204893268,0.0038796014041384,6.70296825261092e-15,0.0045154457288477,0.0015763142151171,0.0145743429577147,0.0002528543310075,2.1326795188162102e-17
TCAG,0.0260519368104484,1.92076301470172e-17,2.12608026238155e-17,0.0192287135437195,0.0046567919648165,1.87530601191061e-17,0.0011005192889065,1.91566936013039e-17,0.02563873940837,1.90828912043126e-17,1.4794318771304102e-17,0.004537436830008,0.0016193907450266,0.0055900621078698,2.01278168640698e-17,0.0177955776039504,2.43745439874267e-17,2.1326795188162102e-17
TCAT,0.0139879487499733,1.92076301470172e-17,2.9301693331196396e-11,0.0251660733052743,0.0061144737926557,1.87530601191061e-17,0.000580402971375,1.91566936013039e-17,0.0045056234643376,0.0002840899004237,1.4794318771304102e-17,0.0143997394829086,0.0168431443143668,0.0038418863496507,2.01278168640698e-17,0.0188412567874929,0.0019806969963007,2.1326795188162102e-17
TCCA,2.04031654190508e-17,0.0019215164538791,0.0058528450939306,0.059367867328182,1.59289359765332e-17,0.0012753406139184,1.2995358789195002e-16,0.009085400315961,2.17341607989567e-17,0.0038192895506081,1.4794318771304102e-17,1.54891414456735e-17,0.0537943514714745,0.001539918885427,7.66015178320636e-07,0.0612003350699661,2.43745439874267e-17,2.1326795188162102e-17
TCCC,0.0110084345678027,1.92076301470172e-17,0.0020600002364422,0.0055698157881492,1.59289359765332e-17,0.0245194849799313,5.24853043874698e-05,0.0089894191305571,0.0006803556405958,1.90828912043126e-17,0.0061166643527664,1.54891414456735e-17,1.97572771451783e-17,2.6139229682034903e-15,0.0061008853444852,0.0278832216196962,2.43745439874267e-17,2.1326795188162102e-17
TCCG,2.00694282689366e-12,1.92076301470172e-17,0.0034155776124166,2.07598774009535e-17,0.0086932383153776,0.0031958935773067,0.0192777970880818,0.0017458751859287,0.0272038062807032,0.0026349094952217,0.0021875009496973,1.54891414456735e-17,0.0074397205065011,0.0040924690355061,2.01278168640698e-17,0.0597223756179076,2.43745439874267e-17,3.2108744835414905e-09
TCCT,0.0020636900437,0.004953466558531,0.0024232852748554,0.0078395064063854,1.59289359765332e-17,0.0029025772929921,0.0059812423584565,0.0062347141399956,0.009324027649474,2.09194527708165e-17,0.0024890889995205,0.0037974857920249,0.0834398284341111,0.0021090878102659,0.0154620944818264,0.0652053644804972,0.0016500516329657,5.63381631013074e-05
TCGA,0.0018717118638596,1.92076301470172e-17,2.12608026238155e-17,0.003129985492569,0.0073441528565372,0.0092280196062079,0.0002194014123091,0.0033779886525874,0.0028620632331608,0.006216902799473,1.4794318771304102e-17,0.0037755606785244,0.0355180396354621,0.0138644088669664,1.31729294494976e-09,0.0563429952248758,2.43745439874267e-17,2.1326795188162102e-17
TCGC,0.0023767129650425,1.92076301470172e-17,0.0003430512489751,0.0001829143277537,1.59289359765332e-17,1.87530601191061e-17,0.0087895724796464,0.0012067449929778,0.0019720698579683,1.90828912043126e-17,1.4794318771304102e-17,1.54891414456735e-17,1.97572771451783e-17,0.0035442640444152,0.0007342445198574,0.0062343346556478,0.0022794822897175,2.1326795188162102e-17
TCGG,0.0035842287293848,0.0034060796820263,0.0017456465699407,2.07598774009535e-17,0.0019352763782441,0.0035645013197579,0.0265214178443468,0.0128930535788586,0.0152807680353086,0.0084520327246299,1.4794318771304102e-17,1.54891414456735e-17,0.0014988632379401,0.0059206861050171,2.01278168640698e-17,0.0424469632818347,0.0003528017338782,2.1326795188162102e-17
TCGT,0.0097741542168425,0.0065065067913119,0.0015096501660098,0.0032182759218238,5.15094239267487e-06,0.0057129491428431,0.0066101331657878,0.0040926935305755,0.0068536742384404,0.0028162951836277,0.0031759291986069,0.0123486102545489,0.0173777536701181,0.0046232980497495,0.0075922021358289,0.0367999039265828,0.0013607550086018,2.1326795188162102e-17
TCTA,2.04031654190508e-17,1.92076301470172e-17,2.12608026238155e-17,0.0153524294465023,0.0209405224118204,0.0023353478809959,2.55592284893101e-17,0.000852214329789,0.0044059852615881,1.90828912043126e-17,1.4794318771304102e-17,0.0031808954852597,0.0585411595138813,0.0067409404465915,2.01278168640698e-17,0.0375669605490438,0.0056926522707967,2.1326795188162102e-17
TCTC,0.0184103962998502,1.92076301470172e-17,0.0033129915324262,0.00413676122452,2.55035433677738e-10,0.0079799894827581,0.0006588228757732,0.0021520295254627,0.0002530403090009,1.90828912043126e-17,0.0074755479894065,7.903892959289581e-14,0.0384842488377678,6.48941830229442e-08,0.008975633626936,0.0278224721914761,8.21806998326036e-05,2.1326795188162102e-17
TCTG,0.0088978559709388,1.92076301470172e-17,0.0016674012383764,5.45119070478283e-08,0.0055098317029559,1.87530601191061e-17,0.0061899793029272,0.0013140164033989,0.0218216813256679,5.18737242750445e-08,1.4794318771304102e-17,0.0059993524236498,0.0338955565160549,0.0024875777552694,2.01278168640698e-17,0.0371096022751737,0.001833677618132,0.0006842146832095
TCTT,0.0086617521248913,1.92076301470172e-17,0.0023768986835266,0.0107183589508943,0.0004265894835762,1.87530601191061e-17,2.55592284893101e-17,1.91566936013039e-17,2.17341607989567e-17,1.91367248349805e-17,1.4794318771304102e-17,0.0384612733203137,0.0921396296136888,0.0031330158813436,2.01278168640698e-17,0.0494985451553413,0.0005748808498461,2.1326795188162102e-17
TGAA,0.002026029032131,0.0030140493787376,2.12608026238155e-17,0.0020071316347446,0.013858241653284,1.87530601191061e-17,5.22421733027842e-09,1.91566936013039e-17,0.0013015966411394,0.0019554259641545,1.4794318771304102e-17,0.0086375020363768,1.97572771451783e-17,0.054151638194121,2.01278168640698e-17,0.0104463152801129,2.43745439874267e-17,2.1326795188162102e-17
TGAC,0.005238814125572,0.0088393062171482,0.0019195657796733,0.0031853680375434,0.0012850943865926,0.0018534291020657,0.0017822946351379,0.0032439253659752,0.0011891579980413,1.90828912043126e-17,0.0047004903844494,0.0019135278133628,0.0047300583305002,0.0172614067212414,0.0026401111267054,0.0020541147935145,2.43745439874267e-17,0.0102145496427162
TGAG,0.0090531801338755,0.0082126502294102,2.12608026238155e-17,2.07598774009535e-17,0.0034621681792312,1.87530601191061e-17,2.55592284893101e-17,5.745651816177141e-15,0.016647329939731,1.90828912043126e-17,0.0005791691061544,1.54891414456735e-17,0.0010136395871819,0.0204575185721671,0.0034029456225911,0.0060522800532369,2.43745439874267e-17,0.0013021978373314
TGAT,0.0032358956583824,0.0040889944107289,0.0014475640486955,1.26400903661058e-15,0.0048456046418889,0.000814800563312,2.55592284893101e-17,0.000235562168071,0.0001657939349919,1.04663925219815e-14,1.4794318771304102e-17,0.0062040887898166,0.0012858019980924,0.0105992616759748,2.01278168640698e-17,0.0025810357563012,0.0019510725370827,9.33086328798972e-14
TGCA,2.04031654190508e-17,0.0040407166423485,9.106521292665479e-13,0.0043377786641644,1.59289359765332e-17,1.87530601191061e-17,0.0008320291003477,1.91566936013039e-17,0.0023851092020045,4.35551161309447e-05,1.4794318771304102e-17,0.0017273782566117,8.22212062371588e-06,0.001457086091763,0.0010466288425292,0.0058693510478675,2.43745439874267e-17,2.1326795188162102e-17
TGCC,2.04031654190508e-17,0.002223674028508,0.0002010087330918,0.0005788012033522,0.0002693602631259,0.0016922243268207,0.002707789822937,0.0009535220025029,0.0010393185993392,1.90828912043126e-17,0.0010101553598605,5.72641617591064e-05,0.0011227795186142,0.0003501532182324,0.0006674978286866,0.0018723145316582,0.000167220909215,0.001400183132808
TGCG,2.04031654190508e-17,0.0020624513978433,1.51706395636847e-09,2.07598774009535e-17,1.59289359765332e-17,1.87530601191061e-17,0.0031206838311567,1.91566936013039e-17,0.0011738943432791,1.90828912043126e-17,0.0007936915638604,1.54891414456735e-17,3.4988312132548e-11,0.0012796729071188,0.0010553008586933,0.0036934068031247,2.43745439874267e-17,2.1326795188162102e-17
TGCT,2.04031654190508e-17,0.0021724460218357,5.55230135309728e-08,0.0002188172859075,1.59289359765332e-17,1.87530601191061e-17,0.0025281718948495,2.65081111215183e-13,0.0005776154748743,1.90828912043126e-17,0.0002338231956579,0.0010756970326692,0.0010660194858456,0.0004508399710608,0.0013162690221838,0.0031016986670793,0.0006033374081575,2.1326795188162102e-17
TGGA,2.04031654190508e-17,0.0192208991473384,2.12608026238155e-17,2.07598774009535e-17,0.0012926356878472,1.87530601191061e-17,0.0012461363818462,0.00367589730913,2.17341607989567e-17,0.0067094813369023,0.0005474737526586,0.00463381704086,1.97572771451783e-17,0.0352043358306439,2.01278168640698e-17,0.0237042636441699,2.43745439874267e-17,2.1326795188162102e-17
TGGC,2.04031654190508e-17,0.0021774490663861,0.0001752268658721,0.0009528673021417,1.59289359765332e-17,0.0003704254008522,0.0018604116454016,0.000862699420654,0.0016739874382801,1.90828912043126e-17,1.4794318771304102e-17,1.54891414456735e-17,1.97572771451783e-17,0.0067439823017172,0.0008284210872673,0.0019884241381152,0.0003952240634554,0.0025653161645217
TGGG,2.04031654190508e-17,0.016341290738053,0.0009715136250347,2.07598774009535e-17,0.0004848560344694,0.0010758443746468,0.0094981659471921,0.0065955073434363,0.0147383155066723,0.00469946869865,1.4794318771304102e-17,1.54891414456735e-17,1.97572771451783e-17,0.0143261792349753,2.01278168640698e-17,0.0150227141043594,2.43745439874267e-17,0.0023961969402122
TGGT,0.0006228971446439,0.0194139137433101,0.0011542518071469,0.0006246763457413,4.7779265416999e-12,0.0027020089846503,0.0016795668778971,0.00466914652843,0.0025297319785654,1.90828912043126e-17,0.0031309609104787,0.0071152601430442,2.52293133340347e-08,0.0100385770042923,0.0025704584189419,0.0104275132192387,2.43745439874267e-17,0.0013169906290445
TGTA,2.04031654190508e-17,0.0145264414705837,2.12608026238155e-17,0.009318068585399,0.0088308353283667,1.87530601191061e-17,2.55592284893101e-17,0.0039018900385026,2.17341607989567e-17,0.0016493730605185,1.4794318771304102e-17,0.0154084877551792,0.0204988126108504,0.0217487687615949,1.60870449624912e-07,0.0156167829388537,0.0015101679675277,2.1326795188162102e-17
TGTC,0.0048805313020118,0.0121957400265889,0.0021968630581281,0.0021579611690448,1.59289359765332e-17,0.0021945037081068,0.0013088497698418,0.0045582733847332,2.17341607989567e-17,1.90828912043126e-17,0.0064010789085168,0.0014978229787931,0.0148005691123164,0.0036403492760176,0.0069930955093113,0.0067689713216451,2.43745439874267e-17,0.0006005633370138
TGTG,0.0016632373554109,0.0099131849895332,8.94505502489035e-10,6.07208895557715e-08,1.59289359765332e-17,1.87530601191061e-17,2.55592284893101e-17,0.0005893556143767,0.0082521005622944,0.0005300313834935,0.0014934035926669,0.0067567663549107,0.0137055381246223,0.0099782020346733,0.0032960883887637,0.0195181837399438,2.43745439874267e-17,2.4256531127907e-10
TGTT,2.04031654190508e-17,0.0169025194012279,0.0010087818673253,0.0052155364639695,1.12631594422398e-06,1.87530601191061e-17,2.55592284893101e-17,0.0022743121660154,2.17341607989567e-17,1.90828912043126e-17,1.4794318771304102e-17,0.0206062482194938,0.0235887098124814,0.0066016483958631,0.003151389439035,0.0133632321096995,0.0020328788458597,2.1326795188162102e-17
TTAA,0.0087168328718218,1.92076301470172e-17,2.12608026238155e-17,0.0151234290796485,0.0381957258343125,1.70792595839633e-14,2.55592284893101e-17,0.0047657063726373,2.17341607989567e-17,1.90828912043126e-17,1.4794318771304102e-17,1.54891414456735e-17,0.0001696407038016,0.0124911437887408,0.0044305016373644,1.93279664178832e-17,0.0010416436199575,2.1326795188162102e-17
TTAC,0.0116167967647658,0.0011028726059364,0.0012982506361338,0.0058134847923158,0.0129205001586946,3.64269541355745e-12,2.55592284893101e-17,0.0077741943014784,2.17341607989567e-17,1.90828912043126e-17,0.0052619675525933,0.0034775546647322,0.0014135274892577,0.0029965936897508,0.0043569104670627,0.0020749051737384,0.0004591478409203,4.7884525650957e-14
TTAG,0.0125102915977086,0.0003232947199312,2.12608026238155e-17,2.07598774009535e-17,0.0144004881954445,1.87530601191061e-17,2.55592284893101e-17,0.0047264266713844,0.0034062948911115,1.90828912043126e-17,0.0022200661531571,1.54891414456735e-17,1.97572771451783e-17,0.0039768738560521,0.0022762887407653,2.5137312466664e-17,5.809233950913241e-17,2.1326795188162102e-17
TTAT,0.0086418535890854,0.0013460461733626,1.63313911525166e-06,0.0043588034447757,0.0243363766634828,1.87530601191061e-17,2.55592284893101e-17,0.0030595055679292,0.0076193824194137,0.000792879902088,1.4794318771304102e-17,0.0133855770794477,0.0032826285449895,0.003716667185237,2.01278168640698e-17,0.0074327619164374,0.0009411613235512,0.0017462238196562
TTCA,0.001223892931269,1.92076301470172e-17,0.0058554095883652,0.0350193797017381,0.0169654314769786,1.87530601191061e-17,2.55592284893101e-17,0.0191302933248592,2.17341607989567e-17,0.0061650485904336,1.4794318771304102e-17,2.19613563163506e-10,0.0270356772442251,0.0006065652816396,0.0096009199696375,0.0089567114088568,0.0050336826992106,2.1326795188162102e-17
TTCC,0.0030453466546247,1.44789502824367e-14,0.0094858508095022,0.0064516223446322,0.0036937696588016,0.0009179047484334,0.0095536374776853,0.0184282871922593,2.17341607989567e-17,0.0039937833868223,0.0025629928021564,1.54891414456735e-17,0.0142511073063919,0.0008399098686089,0.0144908317845307,0.0127279302073536,0.0058566518345562,2.1326795188162102e-17
TTCG,0.0024852047755323,1.92076301470172e-17,0.0037578838505358,0.0003419217522281,0.0057536821509772,1.87530601191061e-17,0.0051684681429968,0.0129558016280444,2.17341607989567e-17,0.0030157906094423,0.000731116715622,1.54891414456735e-17,0.0083421695028862,0.0009965396781241,0.0097920324399985,0.012776969435745,0.000438145869501,2.1326795188162102e-17
TTCT,2.04031654190508e-17,1.92076301470172e-17,0.005246102420191,0.0022477585745183,0.0060461964486178,1.87530601191061e-17,0.000910446499619,0.01617841877835,2.17341607989567e-17,0.0080019770512011,1.4794318771304102e-17,0.0217644081566138,0.0628914643438119,0.0003201651938936,0.0250105150992325,0.0200754055185671,0.0007827612258675,2.1326795188162102e-17
TTGA,0.0037885995079809,2.51343183725621e-17,0.0002984393809852,0.0068946874674756,0.023439614926645,0.00256436690692,2.55592284893101e-17,0.0165626839439061,2.17341607989567e-17,0.0044718893383288,1.4794318771304102e-17,0.0021295984552713,0.0126533375451178,0.0082918408775759,0.0015933856206701,0.0135903003166394,2.43745439874267e-17,2.1326795188162102e-17
TTGC,0.0008418115352041,1.92076301470172e-17,0.0004284741944206,0.0011188133275693,0.0008297619225269,1.87530601191061e-17,0.0012154578060012,0.0037263067498136,0.0006926372630089,1.90828912043126e-17,6.74728633456361e-07,1.54891414456735e-17,0.0003387028904777,0.0023026140186071,0.0004578118254994,0.0024625763792475,0.0004926340234728,2.1326795188162102e-17
TTGG,0.0023729371037368,0.0033795615643572,0.0012904353592553,0.0001489729862696,0.0078904114656885,1.87530601191061e-17,0.0063265310548934,0.0173699315365105,0.0052513180580306,0.0057630488045544,1.4794318771304102e-17,7.23372348702024e-05,1.97572771451783e-17,0.0029712425812976,2.01278168640698e-17,0.0148099562079453,2.43745439874267e-17,2.1326795188162102e-17
TTGT,0.0067361918703315,0.008928233694735,0.0023632790337444,0.0030255738884026,0.0159441068037457,0.000386014938135,2.55592284893101e-17,0.0146626032106619,5.16478041029079e-07,0.0012481010693659,9.59493532716523e-05,0.0094306023307719,0.0138867763611824,0.0037986805840118,0.0123286341353697,0.0125630763903832,2.43745439874267e-17,1.88355870374282e-10
TTTA,0.0035967757725757,1.92076301470172e-17,0.0009617661041141,0.0114588391282972,0.0492959833725322,1.87530601191061e-17,2.55592284893101e-17,0.0058031552258655,2.17341607989567e-17,1.6898754939167002e-11,1.4794318771304102e-17,1.54891414456735e-17,0.0115597540467878,0.0040436291420629,0.0124785393645894,6.40600168123215e-15,0.0060947079033271,2.1326795188162102e-17
TTTC,0.0069942492054419,1.92076301470172e-17,0.0097901927503779,0.0055643459732245,0.0091994486725403,1.87530601191061e-17,2.55592284893101e-17,0.0089676671410372,2.17341607989567e-17,1.7429111734473598e-11,0.0043439050927503,0.0021616697341149,0.0136096560245714,1.76309581567065e-17,0.0119157152504726,0.0023859525898894,0.0028747268761846,2.1326795188162102e-17
TTTG,0.0043380731892252,0.0002972667913306,0.0038463008366328,0.0009631762595972,0.0164859371847925,1.87530601191061e-17,2.55592284893101e-17,0.0074909152845969,1.9278018406050897e-11,1.90828912043126e-17,0.0014369421351521,0.0013645610825371,0.0110331214012555,0.0007288511114133,0.0067349934038784,0.0064452545994857,0.0012860346771365,3.5398774815648e-08
TTTT,0.0072417951012243,1.92076301470172e-17,0.0077303267441424,0.0045896869928174,0.0413365740546446,1.87530601191061e-17,2.55592284893101e-17,0.0037949046444696,2.17341607989567e-17,0.0009049149394638,0.0007380962790643,0.0195567970889149,0.0079258412932633,1.76309581567065e-17,0.0287534660874711,1.93279664178832e-17,0.0010216705338235,2.1326795188162102e-17
