X,MI1_in,MI2_in,MI3_in,MI4_in,MI5_in,MI6_in,MI7_in,MI8_in,MI9_in,MI10_in,MI11_in,MI12_in,MI13_in,MI14_in,MI15_in,MI16_in
AAAA,0.000105627,0.000381991,0.00402197,1.08E-05,0.000888399,0.004309544,0.002676667,0.000922381,0.003449574,0.000347356,0.004378512,0.00975663,0.012653096,0.002383797,0.000794845,0.00067753
AAAC,0.002344033,0.001641535,0.001042063,0.00089251,0.001252837,0.004144594,0.001046082,0.000250605,0.003070087,0.000893359,0.001737795,0.005575459,0.002808536,0.001784289,4.96E-05,0.000245271
AAAG,0.002736906,0.000397192,0.001375296,0.001300242,0.000158811,0.005339887,0.000414659,0.000667282,0.003717245,5.23E-06,0.002928335,0.006146911,0.006257474,0.005573883,0.002368824,0.001471634
AAAT,0.000309278,0.002394987,0.003240123,0.001391277,0.001554542,0.003133156,0.000244029,1.19E-07,0.003351849,6.46E-06,0.002488762,0.00812582,0.006766921,0.00121018,0.000191731,0.000716867
AACA,0.003685064,0.004960304,0.000591802,0.001185576,0.0022569,0.009357151,0.00286784,0.00051603,0.004055378,0.001665782,0.003722527,0.005275971,0.004400572,0.001062802,1.19E-07,0.001420556
AACC,0.002826909,0.004728089,0.001679247,0.000219609,1.52E-05,0.009685152,0.003107748,0.001850576,0.003044388,0.004160327,0.003620095,0.003722241,0.000275909,0.001006679,0.000147257,0.000669982
AACG,0.001385885,0.006328135,0.001152181,0.000367714,0.001676037,0.002799723,0.001062661,0.002008901,0.002840516,0.002942389,0.002040136,0.002430272,0.001117428,0.002037049,0.001688128,0.0011715
AACT,0.000622102,0.008638387,0.003286804,0.000140258,4.74E-05,0.005791026,0.002362788,0.000736487,0.003063895,0.005038066,0.002319907,0.005246579,0.002052298,0.001048395,0.000695591,0.001929942
AAGA,0.001784312,0.000121793,0.00048017,0.001038335,0.000592492,0.007179019,0.000408522,0.000242114,0.001994968,0.000357166,0.002115391,0.004188514,0.004144417,0.004156278,0.000644268,0.001226879
AAGC,0.001779836,0.000759279,0.000547721,0.001163753,0.002030616,0.006895749,0.000751402,0.000485135,0.001397178,0.001223728,0.000750948,0.002852019,0.000488265,0.003847659,5.68E-05,0.00110506
AAGG,0.001383987,0.000147589,0.00139905,0.00099331,0.00070262,0.006752896,0.000245698,0.000749146,0.002182084,4.26E-05,0.00182929,0.003364546,0.000855649,0.00458739,0.001772168,0.000307207
AAGT,1.19E-07,0.000164608,0.000547057,0.002587223,0.001220406,0.006960802,0.000694969,5.39E-05,0.00149949,1.19E-07,0.001400382,0.003781341,0.002251021,0.001862638,0.000386497,0.000298667
AATA,0.00045725,0.002672085,0.000807919,0.002073066,0.000516259,0.004776366,8.44E-05,1.58E-06,0.002552324,0.000101199,0.003440414,0.005518102,0.005307492,1.19E-07,6.15E-07,0.001142363
AATC,0.000216895,0.004895815,0.001627444,0.002004898,0.000749104,0.003197005,0.001109134,0.0005767,0.001891034,0.001469595,0.002171853,0.005246073,0.000317647,0.000676645,0.000562179,0.000894791
AATG,0.00197355,0.002037891,0.000226694,0.00441668,0.00113871,0.00388787,1.19E-07,0.00026518,0.003702346,0.000167184,0.003780357,0.004194584,0.002088051,0.000310984,0.00051722,0.001875615
AATT,1.19E-07,0.007676134,0.002045981,0.00125667,1.19E-07,0.002060174,0.001667182,0.000253463,0.001986869,0.001404758,0.002704385,0.007317781,0.004107103,0.000342058,0.001002353,0.002119806
ACAA,0.003737977,0.005010943,0.006722023,0.000711411,0.004763979,0.010167632,0.000811736,0.000269048,0.004322977,0.000546446,4.83E-06,0.006097905,0.005634484,0.000589011,1.22E-05,0.00338
ACAC,0.003747804,0.006053454,0.003658884,0.002464563,0.001118657,0.010146552,2.05E-05,0.002085606,0.004386032,0.001109978,0.001221047,0.003653671,0.000433097,0.001326766,0.000331145,0.001844263
ACAG,0.002311441,0.003840857,0.008000119,0.003354703,0.001973859,0.013248042,1.19E-07,0.00292191,0.007200931,1.19E-07,0.000215909,0.003461186,0.003195883,0.002850631,0.002192621,1.19E-07
ACAT,0.001164313,0.014043265,0.006227973,0.002551687,2.18E-05,0.010824482,2.52E-05,0.001144511,0.003595562,0.001130859,0.000819452,0.005391632,0.003257871,0.000455898,0.000856206,0.004836282
ACCA,0.008417231,0.00970259,0.002964844,0.005801222,0.00238309,0.020223343,0.002461771,0.003155646,0.001697385,0.000367655,0.00436846,0.003105145,0.001897128,0.000839329,1.19E-07,0.002520708
ACCC,0.005665225,0.013437418,0.006684302,0.001084549,0.001879268,0.022614903,0.004680802,0.006259147,0.000697703,0.001154642,0.004944808,0.00099016,7.98E-05,0.00023505,1.19E-07,0.000133787
ACCG,1.19E-07,0.029741337,1.19E-07,0.00485973,0.002477946,0.002187545,0.001850472,0.007859884,1.19E-07,6.36E-05,1.19E-07,1.19E-07,0.000654852,0.000390083,0.005589634,1.19E-07
ACCT,0.006590923,0.026591954,0.006563981,0.001036327,1.19E-07,0.021096494,0.003639028,0.005353953,0.001883329,0.003278276,0.005339806,0.001202436,0.000112764,1.19E-07,0.001432856,0.003787777
ACGA,0.00076555,0.001611948,0.002862377,0.000442689,0.012440317,0.01376906,3.04E-06,0.001231067,0.000384188,0.002012424,0.000520105,0.001859111,0.001508492,0.003073479,0.001036691,0.001719743
ACGC,1.19E-07,0.004077189,0.000969992,0.000395162,0.012476676,0.009688488,0.000467061,0.002902747,1.19E-07,0.001615875,0.00286411,0.001331295,0.000622028,0.003447973,0.001390183,0.000529246
ACGG,2.02E-06,0.001050485,0.002400027,0.000696638,0.010267645,0.011145227,1.87E-05,0.002448879,0.000773833,1.19E-07,0.001873406,0.001347611,0.000908787,0.003185256,0.002106988,0.000530801
ACGT,1.19E-07,0.00242234,0.000942319,0.001284479,0.011629591,0.01675087,0.001174849,0.000975579,4.24E-06,0.002898812,0.001277257,0.002147062,0.000663427,0.002033492,0.001803531,0.002660461
ACTA,0.001960841,0.012240926,0.002114211,0.009052161,0.000502033,0.011498325,0.000167353,0.000403873,0.00023574,1.19E-07,0.001624903,0.005493352,0.003490081,1.19E-07,1.19E-07,0.004616391
ACTC,0.002756974,0.017267352,0.004618824,0.004238589,0.002988572,0.007581827,0.002180926,0.003213834,3.08E-05,8.98E-05,0.004872854,0.003832849,2.40E-05,0.001181924,0.00110534,0.00253875
ACTG,0.004943475,0.014758833,0.006151925,0.007784887,0.001140753,0.009126078,6.55E-06,0.002119312,0.001791417,1.19E-07,0.003937912,0.002634561,0.000588776,0.00171317,0.000779863,0.00352556
ACTT,1.19E-07,0.031732901,0.009595503,0.001733507,1.19E-07,0.008566138,0.002818914,0.002042297,0.000529453,0.00422447,0.00205212,0.006653086,0.001603239,0.000127234,0.002904812,0.010777067
AGAA,0.000773858,0.002649661,0.00228365,0.000348744,0.003550008,0.006297626,0.003732508,0.000732629,0.00030173,0.002408628,0.000807724,0.008899234,0.007306618,0.00982335,0.004754668,0.006421042
AGAC,0.003939702,0.002423963,0.000324404,0.000779195,0.003330707,0.006400645,0.000682859,0.000959767,0.001607036,0.006125533,0.000538401,0.004810381,0.000163044,0.00813151,0.001421375,0.003836824
AGAG,0.007330285,0.001301408,0.000631077,0.00343607,0.001448803,0.003194089,0.000503564,0.001743945,0.002133828,0.001814567,0.001268674,0.006542477,0.000869139,0.015113754,0.005650676,0.00569446
AGAT,9.77E-05,0.00672478,0.00333329,0.001191101,0.001557592,0.005514535,0.00223402,0.000671984,0.000574882,0.001674497,0.000365606,0.007515324,0.002372093,0.007583077,0.003192962,0.00473124
AGCA,0.004990011,0.003884049,1.19E-07,0.003973966,0.002557268,0.005225837,0.002296746,0.001159196,0.00214357,0.008718929,1.19E-07,0.003691292,0.000259168,0.005503724,0.001315226,0.002606651
AGCC,0.004375073,0.004684378,0.000421497,0.002330319,0.003202929,0.006229657,0.003740428,0.00242336,0.000524116,0.00939427,0.000447643,0.003175168,1.33E-06,0.005013459,0.000477573,9.04E-05
AGCG,0.000240271,0.006866974,2.48E-05,0.003235223,0.003026158,0.001226084,0.002024357,0.005107219,0.000789307,0.0115738,9.76E-05,0.001765226,4.60E-05,0.005577604,0.002172979,0.000803858
AGCT,0.002949303,0.009025562,0.001336793,0.00176004,0.002146783,0.004772094,0.002960187,0.001798007,0.000995056,0.009955391,1.19E-07,0.004413536,1.19E-07,0.004667293,0.001459933,1.71E-05
AGGA,0.002367208,0.000939745,2.71E-05,0.001568271,0.004074748,0.009713703,0.000717532,0.000893177,1.38E-05,0.005511358,0.000104117,0.004664809,0.000738502,0.010151793,0.0032092,0.004423516
AGGC,0.001495713,0.001636752,0.000377148,0.002406198,0.008019073,0.007654379,0.000712909,0.001793623,1.19E-07,0.006844297,3.80E-05,0.003898043,1.19E-07,0.008861324,0.000818838,0.001719219
AGGG,0.003472204,0.000688233,1.19E-07,0.003582329,0.004209876,0.007650284,0.000313455,0.00205189,0.000335494,0.002711735,0.000785333,0.004141012,1.19E-07,0.011305826,0.003594438,0.001812958
AGGT,0.000430966,0.001000435,0.001044488,0.002939637,0.002987822,0.010190093,0.001409759,0.000693868,0.000523385,0.002830801,0.00043592,0.003606562,1.19E-07,0.006781335,0.002234009,0.005559837
AGTA,0.000629996,0.004782898,0.000769076,0.006703193,0.001531468,0.004358153,0.002355252,0.000276407,0.002927434,3.30E-05,1.19E-07,0.006210585,0.003314258,0.003278754,0.003514062,0.00389056
AGTC,0.003702452,0.007416896,1.19E-07,0.004958444,0.005862439,0.003411859,0.002791347,0.000983366,0.00188094,0.005455682,0.001475889,0.004984284,1.19E-07,0.005079652,0.001484693,0.002199055
AGTG,0.003934572,0.003531171,4.80E-05,0.0080508,0.001653397,0.003475554,0.001053986,0.002836888,0.004431808,0.000742615,0.002303002,0.005293176,0.000289686,0.007471451,0.003749997,0.000770896
AGTT,1.19E-07,0.014637156,0.003504629,0.001805579,0.002316242,0.002859597,0.004576603,0.000287375,0.001271458,0.005684706,1.19E-07,0.008016243,0.000243155,0.004370643,0.004323007,0.005074597
ATAA,1.19E-07,0.001062697,0.000132951,0.000287466,0.000594935,0.010695149,1.35E-05,0.00027616,1.19E-07,2.21E-05,0.00550415,0.002578859,0.009145678,0.002215298,0.004269285,0.005391085
ATAC,1.19E-07,0.002058695,0.000127593,0.000649826,0.000100982,0.010079139,1.19E-07,0.000421696,3.03E-05,0.002677002,0.004948787,0.001982773,0.002923325,0.003334954,0.003548172,0.006187731
ATAG,1.19E-07,0.00019662,0.000216061,0.000513244,1.19E-07,0.009820097,8.99E-05,0.000653659,0.000371397,0.000298389,0.00753793,0.000375795,0.003214153,0.003828759,0.005482022,0.00929081
ATAT,1.19E-07,0.0035551,4.85E-05,0.000831338,1.19E-07,0.007077528,1.19E-07,5.96E-05,1.19E-07,0.000110548,0.004496261,0.003027608,0.005680862,0.002220984,0.003398251,0.005243503
ATCA,0.00013598,0.00243302,0.000134396,0.001027554,0.001904529,0.008666351,0.000711265,0.000736895,4.21E-05,0.001655287,0.005787729,0.000960277,0.002260918,0.000980053,0.003010403,0.004701849
ATCC,1.74E-05,0.004041057,0.000256364,1.01E-06,0.001671112,0.007680539,0.001726444,0.001393069,4.17E-05,0.003139147,0.005086768,0.002086554,0.000292443,0.001235234,0.002641825,0.001877108
ATCG,1.19E-07,0.004455377,0.000153509,0.000490273,0.002083887,0.002776235,0.000389134,0.001491161,1.24E-05,3.92E-05,0.003874045,0.001423249,0.000701946,0.001290893,0.003497606,0.001072184
ATCT,1.19E-07,0.006837942,0.000305679,0.000158589,0.000828964,0.006936869,0.001055188,0.000873944,1.19E-07,0.003291472,0.004282471,0.002288751,0.001227144,0.000697163,0.003266558,0.004059669
ATGA,6.72E-05,0.000148412,0.000767904,0.000785047,0.001458235,0.012495268,0.000120725,0.000352537,0.000143481,0.00135494,0.003438881,0.00112965,0.002200134,0.001538641,0.002793224,0.004446572
ATGC,1.19E-07,0.001292116,0.000156778,0.000983318,0.002462039,0.009317532,0.000593217,0.000526743,0.000298579,0.003060638,0.002905601,0.001677028,1.19E-07,0.002795354,0.002252323,0.004602831
ATGG,9.82E-06,0.000139551,0.000528467,2.81E-05,0.000107965,0.010353683,1.19E-07,0.001051037,0.001208001,0.000198096,0.004774202,0.001675399,2.97E-05,0.003191419,0.003428794,0.003572169
ATGT,1.19E-07,0.000970752,0.000291095,0.000844239,0.000649006,0.010961868,0.000195967,0.000232313,0.000361942,0.002181543,0.003669157,0.001490047,0.001464632,0.001869016,0.002394546,0.004771858
ATTA,1.19E-07,0.002838047,1.19E-07,0.00212801,0.000397982,0.005217175,1.19E-07,3.22E-05,0.000303475,8.07E-06,0.003284629,0.00363557,0.004019533,1.19E-07,0.00195276,0.001614653
ATTC,1.19E-07,0.005156515,0.000868863,0.001249879,0.000554114,0.002001158,0.000213193,0.000398576,0.000471793,0.000543697,0.003118357,0.003086311,0.000929683,0.000371792,0.002465853,0.00280247
ATTG,2.72E-05,0.001791779,0.000253339,0.002443912,0.001050988,0.0035504,2.07E-05,0.000146924,0.000954606,0.000279756,0.003829981,0.001941658,0.000920416,0.000368844,0.002722381,0.002578974
ATTT,1.19E-07,0.007693342,0.001357841,0.000965721,0.000402023,0.002403805,0.000339885,0.000147472,0.000630886,0.002345171,0.003084003,0.005610543,0.005170078,0.00011036,0.002968273,0.003436896
CAAA,0.002531981,0.00019794,0.003142466,1.19E-07,0.00383327,0.003748444,0.011339729,0.003089166,0.002643759,0.000931187,0.005920192,0.016731259,0.023437133,0.005151377,0.013267571,0.010302119
CAAC,0.007238083,0.002288253,0.000533657,5.01E-05,0.004756017,0.007253015,0.006921005,0.001730134,0.003100482,0.000941575,0.003039918,0.006735142,0.003363752,0.002926069,0.004813618,0.006078442
CAAG,0.010227927,0.001433674,0.002200654,1.19E-07,1.19E-07,0.009380564,0.003584137,0.007161583,0.004198011,1.19E-07,0.00819562,0.009474894,0.010523478,0.017171267,0.01578698,0.003607607
CAAT,0.004648205,0.004304374,0.002970779,0.000919019,0.004165608,0.002312926,0.005398144,1.25E-06,0.004984754,5.23E-05,0.004732497,0.013584924,0.011235156,0.00136606,0.007202125,0.005462977
CACA,0.014141814,0.006398131,0.004607996,0.000474817,0.000216674,0.012269115,0.005692808,0.004883986,0.007208091,0.007861523,0.006897132,0.006023756,0.003939746,0.004592102,0.005128326,0.008963105
CACC,0.009955594,0.005526739,4.85E-05,7.19E-06,0.000323915,0.019739787,0.009241392,0.008132039,0.003198747,0.00951044,0.009303089,0.001950972,1.19E-07,0.002560695,0.002371044,3.32E-05
CACG,0.002857109,0.00515928,2.07E-05,1.19E-07,0.003697618,0.013304108,0.005803591,0.007308628,0.000861846,0.00309914,0.003182942,0.000362712,0.001689131,0.003229642,0.004237807,0.00201647
CACT,0.008829131,0.011084596,0.00368236,1.78E-05,2.48E-05,0.009027107,0.007237356,0.004667095,0.003705615,0.007349033,0.006876834,0.00524318,0.000317588,0.002028688,0.003800412,0.003696121
CAGA,0.004771318,0.000842963,0.004003149,0.000597522,0.00337172,0.003987001,0.002897102,0.002466569,0.002448679,0.004792406,5.62E-05,0.005140993,0.005872104,0.013730615,0.010377864,0.011204711
CAGC,0.004340934,0.002643535,0.00075305,0.002749163,0.008004803,0.005205045,0.004321811,0.004679737,0.000786991,0.006990243,0.00287106,0.001692425,0.000603362,0.008927883,0.003658598,0.000500787
CAGG,0.004146857,0.001509643,0.004520914,0.000364198,0.004481943,0.010520167,0.003234323,0.010183209,1.19E-07,0.002205059,0.005604491,0.00517787,0.003357575,0.023821145,0.013297844,0.001232559
CAGT,0.00169152,0.00143049,0.006997442,0.000926918,0.002396532,0.001885926,0.003313306,0.001809529,0.0049504,0.000113363,0.002840003,0.003813075,0.000794738,0.00597264,0.005703177,0.008098771
CATA,0.002920251,0.003789647,0.000983758,0.005149489,0.003634885,0.010657982,0.003161225,1.19E-07,0.002871389,1.19E-07,0.004767684,0.007886915,0.015061084,9.69E-06,0.007408135,0.002073385
CATC,0.008330716,0.007959604,0.000367721,0.003659211,0.002979374,0.008717129,0.005491106,0.002387257,0.003150345,0.003573283,0.008637097,0.00465821,0.00040251,0.000949547,0.00631054,0.003657644
CATG,0.009139453,0.001581454,0.000315968,0.007608619,0.002490881,0.014382373,0.001773233,0.004469677,0.004785691,0.000336482,0.010479973,0.004504363,0.005605778,0.003639815,0.009873103,0.001388549
CATT,0.004136997,0.014934847,0.00546847,3.75E-05,0.002754705,0.003361641,0.007690338,3.05E-05,0.0023121,0.002672618,0.007402434,0.01307366,0.008940221,8.23E-05,0.007483198,0.007510906
CCAA,0.034310327,1.19E-07,0.001543553,0.002912294,0.006123202,0.008021196,0.001677528,0.00414047,0.003584891,0.000142261,1.19E-07,0.012373261,0.019307215,0.00336358,0.012016122,0.00529324
CCAC,0.031717856,0.004597551,6.50E-06,0.001307253,0.009214728,0.01568263,0.006499232,0.012060113,0.006539289,0.001496935,0.005102772,0.004500565,0.003243584,0.001584875,0.008162924,0.003353284
CCAG,0.03264039,0.000524154,0.006933377,0.003569384,0.00117236,0.019560412,0.001884472,0.022499562,0.007658986,0.000592305,0.00108989,0.002663894,0.009159935,0.015186569,0.024968435,0.005333201
CCAT,0.036686016,0.007553849,1.19E-07,0.004200947,0.002849496,0.012625417,0.000949115,0.004002153,0.005140576,0.001120756,0.003586297,0.011178571,0.008260502,0.000889982,0.008813888,0.004951756
CCCA,0.077176276,1.19E-07,0.000609004,0.004822039,0.0035991,0.005207095,0.00089859,0.022116591,0.000168773,0.002871189,1.19E-07,0.009552332,0.011824868,0.001091806,0.004559434,1.19E-07
CCCC,0.062019475,0.003183332,2.77E-05,1.19E-07,0.005884615,0.004655048,0.006255508,0.017584244,0.001291283,0.010226556,0.007882814,0.001902393,1.19E-07,1.19E-07,0.002248763,0.001934028
CCCG,0.035340721,0.002982121,1.19E-07,1.19E-07,0.015081506,0.000652869,0.00369139,0.032008208,1.19E-07,0.009477324,0.000602781,1.19E-07,0.00491088,0.000294558,0.009230669,0.009965281
CCCT,0.079925761,0.018227439,0.005419984,0.00022148,0.002143573,0.003937677,0.000631898,0.012018348,0.002891658,0.010848524,0.004301123,0.003837579,1.19E-07,1.19E-07,0.00353345,0.004162955
CCGA,0.004783102,1.99E-05,0.001624605,0.000724016,0.015093061,0.000205325,1.19E-07,0.006046005,0.000627296,1.19E-07,1.19E-07,0.00166576,0.004668089,0.004174581,0.005039655,0.001986783
CCGC,0.004777065,0.002078859,0.001058111,4.60E-07,0.016001933,2.62E-05,0.002447379,0.007338724,1.19E-07,0.001586905,0.001380016,0.000629424,0.002531569,0.002845339,0.002271704,0.003141421
CCGG,0.00164026,2.56E-05,0.003862628,0.000177779,0.015570091,5.99E-05,0.000186041,0.009090488,1.19E-07,0.000282404,0.000589662,0.002409883,0.004592356,0.005804989,0.006938434,0.002362356
CCGT,0.005847132,0.00211917,7.01E-05,0.000563886,0.016884392,0.000117946,1.19E-07,0.004025999,0.000303115,0.001681893,0.003117721,0.001422533,0.001631211,0.004674324,0.00310653,0.00061991
CCTA,0.029816002,0.00773185,1.19E-07,0.01002776,0.000808265,0.003918442,1.19E-07,0.00315651,0.001278404,1.19E-07,1.19E-07,0.009395305,0.014375353,0.002767726,0.011404391,0.001529201
CCTC,0.038738207,0.013719932,0.004148972,0.001731027,0.004926343,0.005133802,0.00382822,0.01244291,0.00057564,0.01113997,0.007521387,0.003511666,1.19E-07,0.006261271,0.013616888,0.010059867
CCTG,0.043935807,0.002889989,0.007371399,0.008510369,2.21E-05,0.006705357,1.19E-07,0.024550893,0.000278033,0.003674998,0.004893158,0.002551867,0.001058291,0.011334823,0.026705764,0.012436426
CCTT,0.0424725,0.029367232,0.00878176,0.000295496,0.00321281,0.002432842,0.002652093,0.004096166,0.000976995,0.002674333,0.003633167,0.013022934,0.000991341,0.00273925,0.014748271,0.015353324
CGAA,0.000268863,0.000517626,0.001519787,0.002441655,0.000539509,0.00075643,0.021593565,0.01060701,0.000875071,0.001744349,0.001447527,0.010114145,0.011449135,0.005472513,0.009913311,0.003259808
CGAC,0.000749573,0.002415697,0.000548731,0.001453321,0.008765738,0.001110337,0.020696817,0.008155973,0.001372174,0.00090547,8.34E-06,0.007220618,0.000554314,0.001562692,0.007494168,0.002800048
CGAG,1.19E-07,0.000146616,0.005010924,0.00693722,1.19E-07,0.002579875,0.019102052,0.020543541,0.005019594,0.000283169,9.82E-06,0.005909876,0.003521951,0.006593035,0.019234718,0.006789472
CGAT,0.002108808,0.002013556,0.00422136,0.001396157,0.000147777,0.000875262,0.018221795,0.007979936,0.003322149,0.003573683,0.001743244,0.010352924,2.05E-05,0.0035253,0.009559106,0.008340462
CGCA,1.19E-07,0.00218159,0.001509212,0.004174081,0.004700291,0.000401685,0.027597318,0.012237424,0.001891476,0.00378014,0.000621018,0.005359385,0.000944665,0.000800985,0.007087796,0.003893814
CGCC,0.000254106,0.001943663,1.19E-07,1.19E-07,0.001466916,9.72E-06,0.029589137,0.015836683,8.87E-05,0.004476498,0.007654623,0.004689568,0.003983943,4.47E-05,0.002220817,0.001909437
CGCG,0.000889136,0.000370505,0.000694136,1.19E-07,0.001011401,2.21E-05,0.016348315,0.011705797,0.000737145,1.19E-07,0.000914456,0.002636141,0.005221996,0.000491806,0.001050724,0.006080408
CGCT,0.000215776,0.003168374,0.003982218,1.27E-05,0.001184128,0.000458494,0.024666598,0.012170411,0.002268131,0.00665915,0.003838913,0.005408781,0.001069534,0.001968835,0.004140069,0.003590982
CGGA,1.19E-07,0.000273733,0.000480041,0.00495217,0.007825841,0.000167889,0.013254863,0.009299694,1.06E-05,0.013133638,1.19E-07,0.006611394,0.000388556,0.006752748,0.010129593,0.0049265
CGGC,2.52E-05,0.000957153,0.002441234,0.005558732,0.008966385,0.000813095,0.015790854,0.013041421,4.44E-05,0.012527424,0.001541018,0.001952472,0.000995374,0.004307363,0.005619456,0.007375103
CGGG,1.19E-07,8.30E-05,0.003829008,0.006215894,1.19E-07,6.50E-05,0.010221432,0.016712116,1.19E-07,0.010708012,0.000738545,0.005710627,0.002238897,0.011439781,0.01425332,0.008045965
CGGT,3.45E-05,0.000157644,0.007963717,0.002176714,0.00156103,1.19E-07,0.011183942,0.007870657,0.005242092,0.005126376,1.19E-07,0.005120984,1.19E-07,0.005275416,0.005700801,0.009568467
CGTA,0.004065214,0.001096874,1.19E-07,0.008911714,0.000482449,0.000518313,0.019724129,0.004953353,0.002505954,1.19E-07,1.19E-07,0.005758211,0.001759388,1.19E-07,0.012093552,0.012983744
CGTC,0.004591142,0.002493557,1.19E-07,0.002576566,0.007237119,0.001554537,0.025677814,0.011399527,9.34E-05,0.003155394,0.006882513,0.005981449,1.45E-05,0.000496055,0.008358097,0.00404136
CGTG,0.000300196,1.19E-07,0.001147681,0.013303091,0.004268866,0.004057238,0.027173212,0.017919597,0.003014688,1.19E-07,0.000640255,0.006307794,0.001120337,0.000180529,0.017580084,0.00010853
CGTT,0.00237884,0.004438511,0.00149738,0.003463057,0.003342511,0.000154476,0.029286683,0.006301803,0.000109183,0.002701874,0.004792181,0.008728887,1.19E-07,1.19E-07,0.012013562,0.015964952
CTAA,0.001973319,0.000847302,1.19E-07,1.19E-07,0.003999103,1.19E-07,9.23E-05,0.001962036,1.19E-07,1.19E-07,0.006014269,0.004526185,0.016120683,0.006984902,0.015777961,0.009656048
CTAC,0.004524627,0.002207737,1.19E-07,0.000189034,0.005193141,0.000156202,0.000380966,0.001923484,0.001583775,0.002317435,0.006306059,0.002311567,0.001903862,0.005030869,0.008228019,0.008500037
CTAG,0.005030103,6.77E-05,1.19E-07,1.19E-07,0.000828336,0.000269157,1.11E-05,0.001692625,0.000325852,1.19E-07,0.008395401,0.001154601,0.004013751,0.011574851,0.014141196,0.013941352
CTAT,0.000670905,0.003839517,0.000296613,0.0006935,0.002559074,0.000107328,0.000465923,0.000483244,0.000874173,1.19E-07,0.004783431,0.004289903,0.009734474,0.004656417,0.012566954,0.009436088
CTCA,0.001935566,0.001555826,7.38E-05,0.001164487,0.005279506,0.005092742,0.00217492,0.002532401,0.00023647,0.003320373,0.005107944,0.001360152,0.002430118,0.003148078,0.007750025,0.005901604
CTCC,0.000768204,0.003680477,3.83E-05,0.000237249,0.005910482,0.00017089,0.002734857,0.002827944,0.00074954,0.001600149,0.005442978,0.00197491,1.36E-05,0.001976442,0.004960851,0.002666445
CTCG,3.87E-05,0.002397866,3.98E-05,9.69E-05,0.00570422,6.51E-05,0.00138821,0.00357085,0.000635054,0.000262832,0.002587102,0.000711625,0.000832503,0.001925656,0.004722816,0.001428883
CTCT,0.001609858,0.005908972,0.000389166,0.000356664,0.004080403,0.000248397,0.00211924,0.001937933,0.001137424,0.003222136,0.004601272,0.00241518,0.000605494,0.002848907,0.007095204,0.005211233
CTGA,0.003168668,0.000183191,0.000168296,0.001774137,0.004298959,0.000154389,0.001632636,0.001808111,0.002245604,0.001484598,0.001115497,0.00113791,0.003476556,0.004538877,0.008763986,0.007978348
CTGC,0.001307379,0.001990256,6.15E-06,0.000576716,0.00713817,8.04E-06,0.002482897,0.003039155,0.000441501,0.000689078,0.002373057,0.000521054,0.000478386,0.00461964,0.005311924,0.003564252
CTGG,0.000348101,0.000597781,0.000510982,0.000943524,0.006297327,0.000129171,0.001485598,0.003212776,0.000207825,1.19E-07,0.00204343,0.002146584,0.000815566,0.008443985,0.007877752,0.00207478
CTGT,0.00288908,0.001349158,1.19E-07,7.48E-05,0.003766329,3.10E-05,0.001559905,0.001389673,0.001357268,0.001031932,0.003567774,0.00139781,0.000910995,0.004231776,0.005950691,0.005040363
CTTA,0.001288683,0.003355869,0.000209795,0.003129996,0.006791007,5.96E-05,1.30E-05,4.54E-05,0.002456833,5.81E-05,0.003789772,0.004137505,0.011200667,0.000767964,0.012051601,0.006005077
CTTC,0.00231224,0.005067535,0.000318961,0.000380664,0.008097061,0.000265462,0.001956517,0.001466143,0.002706027,0.002502448,0.006417348,0.002581054,0.000423418,0.001224434,0.008556629,0.00749025
CTTG,0.004216297,0.002110903,0.00070104,0.000875766,0.004435516,0.000122691,0.000115404,0.002926574,0.00203503,3.65E-05,0.005607631,0.001809136,0.003064145,0.003694519,0.008801342,0.004432256
CTTT,0.003131594,0.009049323,0.001041847,0.000343193,0.008005596,0.000292985,0.003105129,0.001057593,0.000667378,0.001602413,0.00551152,0.008750273,0.011116353,0.000585301,0.012704403,0.007787458
GAAA,0.00142296,0.001957479,0.010179881,0.002400723,0.002736894,0.000670513,0.006386427,0.000519277,0.004818365,0.001255652,0.007175418,0.014047767,0.00897835,0.003212241,0.000594731,0.005347781
GAAC,0.001893246,0.003541592,0.00250931,0.006809699,0.000877236,0.001043456,0.002750555,0.001926473,0.003399515,0.005247179,0.003310043,0.005596643,0.001011041,0.00310901,5.15E-05,0.000957427
GAAG,0.002937753,0.001065429,0.005289714,0.009891828,0.004380846,0.005791634,0.001337919,0.002769042,0.008030767,0.000502984,0.005575734,0.008498922,0.00203201,0.006526231,0.003269586,0.00386054
GAAT,0.000882032,0.005649286,0.007328276,0.005788357,0.000371675,0.000710163,0.004119752,0.000389844,0.002643103,0.000622675,0.006096736,0.010945042,0.003546912,0.001749253,1.61E-05,0.004531313
GACA,0.005350082,0.007004481,0.001766649,0.012672993,6.05E-05,0.001443761,0.003327682,0.00310554,0.004203547,0.007315678,0.005652587,0.00560038,0.002280567,0.00231239,0.000165365,0.00498797
GACC,0.002330102,0.007853212,0.007274378,0.006858642,0.001788124,0.00207578,0.006504915,0.006532592,0.003052581,0.003980291,0.006955832,0.003125483,0.000201406,0.001334945,1.19E-07,1.19E-07
GACG,0.000262714,0.010169484,0.001963265,0.007888482,0.000660802,1.19E-07,0.003117942,0.006731149,0.001225886,0.007938091,0.001144178,0.003085552,0.001414111,0.002576662,0.000961906,0.000187474
GACT,0.000739253,0.012794368,0.010119047,0.004562273,1.19E-07,0.000853753,0.005022089,0.002792587,0.004049771,0.008504651,0.005131387,0.005829617,1.19E-07,0.001620362,0.000505045,0.005785429
GAGA,0.000832147,9.29E-05,0.001142395,0.006935824,0.003050901,0.000560717,0.002691339,0.001415951,0.001625281,0.001800968,0.002284596,0.00561162,0.001947138,0.004806356,0.000407051,0.001199561
GAGC,0.000905118,0.000918009,0.000181109,0.008879361,0.007023012,0.000896875,0.002541868,0.001391307,0.000942254,0.000881371,0.000444514,0.001568643,1.19E-07,0.001605276,3.03E-06,0.002442372
GAGG,8.87E-05,5.83E-05,0.001775687,0.010217843,0.00623644,0.003347087,0.002067941,0.003580205,0.001589519,8.68E-05,0.003987098,0.003231585,1.11E-05,0.006406102,0.00216489,0.000698928
GAGT,5.44E-05,6.90E-05,0.000862578,0.00647848,0.005117674,2.75E-05,0.002551434,0.000282446,0.002038472,0.00012657,0.001701657,0.003019733,1.19E-07,0.000331897,1.19E-07,0.001830812
GATA,0.001749145,0.005463208,1.19E-07,0.01220599,0.00130471,0.000558212,0.001873264,7.61E-05,0.00122558,0.002575721,0.007016337,0.006550689,0.002935002,1.19E-07,0.000109003,0.004425043
GATC,9.89E-05,0.009039169,0.00429263,0.007215263,0.000483409,0.001177169,0.004398398,0.003345013,0.000219328,0.002829113,0.006568723,0.006986229,6.67E-05,0.001405969,0.001004185,0.000459486
GATG,0.0048547,0.002924176,0.002299439,0.013988603,0.000514753,0.003824594,6.26E-05,0.002256011,0.004757065,0.000960255,0.010907297,0.004117043,7.86E-05,2.50E-06,0.001159798,0.004191553
GATT,1.19E-07,0.014594884,0.00820074,0.004727112,1.19E-07,0.000490895,0.005417142,0.000879335,0.00084013,0.003982842,0.007545068,0.01009374,0.001866989,0.000110471,0.001472522,0.007513489
GCAA,0.003275815,0.002351984,0.028246747,0.003616216,0.003819452,0.001077269,0.003008913,0.001473625,0.002468238,7.96E-05,0.000548215,0.007239931,0.005779332,0.002601597,0.00024295,0.005507043
GCAC,0.001040986,0.002499046,0.029794796,0.000679171,0.004374628,0.007463104,0.003268397,0.005093234,0.005360751,0.004333264,0.002226279,0.002697136,2.96E-05,0.000189805,0.002488547,0.001538626
GCAG,1.19E-07,1.19E-07,0.04237879,0.000352865,0.007429601,0.007821123,0.00313099,0.00635873,0.007700572,1.19E-07,3.42E-05,0.002550721,1.19E-07,0.003547539,0.01004848,0.002415293
GCAT,0.001509943,0.0085811,0.033346795,0.000166881,5.93E-07,0.004072653,0.002858325,0.000954494,0.001624468,0.000168079,0.004038971,0.006834088,0.001822563,0.001628409,1.19E-07,0.006922343
GCCA,0.008411207,0.00374103,0.047288782,0.000660524,0.000126107,0.001013025,0.002899097,0.008347939,0.00359502,0.004398255,0.00675643,0.001483269,0.005951422,0.001426861,0.003658888,0.002157595
GCCC,0.003794199,0.006676432,0.037126438,1.19E-07,1.19E-07,0.001052903,0.007291301,0.012335765,0.003823632,0.006785108,0.00779843,5.28E-05,0.000637109,0.000188183,0.001979846,0.000487887
GCCG,7.84E-05,0.005326529,0.024968864,0.002206805,0.003423303,5.37E-05,0.001878542,0.012139563,0.003016797,0.012360111,1.19E-07,1.19E-07,0.002442484,1.19E-07,0.004755454,0.001107752
GCCT,0.000491473,0.018428598,0.047474542,0.000178549,1.19E-07,0.001739272,0.006185078,0.012826502,0.000973088,3.36E-05,0.007573325,0.003337638,0.005339136,0.003171991,0.001331543,1.58E-05
GCGA,0.0006394,5.85E-05,0.008216661,0.002472608,0.010865159,2.20E-05,0.000300102,0.002840887,0.001625172,2.85E-06,0.001875995,0.00053131,0.001962236,0.000549772,0.00075334,0.001949308
GCGC,0.000105147,0.001397163,0.004967478,0.002619733,0.010358902,0.00087025,0.00277158,0.003297388,0.000699141,0.000789187,0.001848557,0.000373323,0.001170604,1.19E-07,0.000247536,0.000284642
GCGG,1.19E-07,1.19E-07,0.00572609,0.002894291,0.01079147,0.001100336,0.002058435,0.00281248,0.002023612,8.25E-07,0.001481,0.000600685,0.000962638,1.19E-07,0.001462519,0.000233487
GCGT,0.000260453,0.001418575,0.005838067,0.003463671,0.012703498,0.00036447,0.001185946,0.002124084,0.000805938,0.000985353,0.00382602,0.000702739,0.000414064,1.78E-05,4.83E-05,0.000347592
GCTA,0.000338314,0.008498792,0.03552782,0.000388673,0.001259065,1.19E-07,1.19E-07,0.00405105,1.19E-07,0.000412958,0.012054047,0.003714153,0.008835782,0.001857194,3.25E-05,0.000183912
GCTC,1.19E-07,0.014327998,0.030796726,0.000257172,0.001652009,0.004448967,0.003371161,0.007300014,3.97E-06,0.005811139,0.008703148,0.002123885,0.00015313,0.003506966,0.004585557,3.73E-07
GCTG,1.19E-07,0.005692117,0.045539552,0.002966176,0.004436473,0.001761039,0.000240471,0.009275166,0.005561645,0.000796985,0.006707505,1.19E-07,0.000787714,0.002709902,0.011267936,0.002645542
GCTT,1.19E-07,0.027054949,0.038731742,0.000752818,1.10E-05,0.001152126,0.003459337,0.003432697,0.000754975,0.002394764,0.007432437,0.006537639,0.001917509,0.002727543,0.005984307,0.012265835
GGAA,0.007501559,0.003351138,0.004351794,0.020180683,0.001259776,0.000601454,0.004767127,0.003686065,0.00154524,0.009872235,0.004914539,0.013225344,0.006135369,0.009646048,0.004821467,0.008742848
GGAC,0.007786557,0.004685724,1.19E-07,0.022073715,0.002687654,0.000985612,3.56E-05,0.006148326,0.002853393,0.00923105,0.00167088,0.004337248,0.000372578,0.008688529,0.00063497,0.000547626
GGAG,0.000151687,0.003399889,0.008480708,0.035838513,1.19E-07,0.003269823,1.19E-07,0.015126477,0.003342124,0.000202555,0.004930245,0.007028274,0.007959455,0.017493842,0.007334371,0.000639432
GGAT,0.004141414,0.006161791,0.005977129,0.018385273,1.19E-07,0.000830299,0.001643984,0.003545247,0.000987816,0.005837257,0.00665248,0.012347835,3.26E-05,0.005872048,0.003815792,0.00710548
GGCA,0.001459052,0.006809565,0.008222317,0.030126711,0.000146591,0.000951917,0.002181833,0.011883621,0.005201413,0.009682282,0.002760848,0.002714341,0.005195306,0.005805505,0.002957386,7.25E-05
GGCC,0.003871354,0.004703885,0.017996801,0.015397579,1.19E-07,0.000792065,0.004553521,0.01212021,0.003153981,0.015487446,0.003766607,0.001427193,0.000362445,0.003621842,0.000986688,0.003377931
GGCG,1.19E-07,0.004810381,4.84E-05,0.025736171,1.19E-07,1.19E-07,0.000297627,0.016764358,0.003089217,0.022126684,0.002011155,1.20E-05,0.005641449,0.002329473,0.004139057,0.003016776
GGCT,0.002098393,0.012770321,0.01694888,0.019163239,0.000132785,0.001025784,0.004602553,0.013107796,0.000612011,0.016042236,0.005580175,0.004981089,0.001855263,0.005316056,0.001449476,5.75E-05
GGGA,0.001347738,0.002369369,1.19E-07,0.02387778,0.000805815,0.00147803,0.001005639,0.008699491,1.12E-05,0.004404192,0.002842744,0.005182297,0.003671832,0.013083902,0.002573567,1.19E-07
GGGC,0.001112054,0.00244294,1.19E-07,0.030848452,0.007669037,0.00191105,0.001318102,0.008010966,0.000253202,0.008661029,1.19E-07,0.002257809,1.19E-07,0.007229207,0.000722108,0.003443057
GGGG,1.19E-07,0.000909411,1.19E-07,0.038491219,0.001630635,0.002415885,1.19E-07,0.010362499,1.19E-07,0.000207281,0.000611417,0.003958665,0.002115215,0.014213625,0.004726947,0.000897691
GGGT,1.67E-05,2.58E-05,8.27E-05,0.022938973,0.003632884,0.000682664,0.002106691,0.004353506,0.00266311,0.006108044,0.001545855,0.00463748,1.19E-07,0.004884983,0.001325449,0.00470289
GGTA,0.004752459,0.004115752,1.19E-07,0.036431717,0.000155588,0.001832454,6.75E-05,0.003588907,0.003690639,0.006527546,0.009379295,0.00349184,0.001641569,0.000618738,0.004988248,0.016035564
GGTC,0.006233798,0.007882201,0.002911547,0.029126676,0.007607176,0.00242134,0.00602242,0.008773981,0.000649923,0.003797517,0.012319761,0.004971767,1.19E-07,0.003955386,0.002676625,0.000185757
GGTG,1.19E-07,0.002982079,0.008105388,0.048069356,0.004982217,0.004270405,1.19E-07,0.016247432,0.007527562,0.001000848,0.016141496,0.001713805,0.00331538,0.003611618,0.006162117,1.19E-07
GGTT,0.003254827,0.015355268,0.011499486,0.019933946,0.001253924,0.001499898,0.009650955,0.00436464,0.001301355,0.008612215,0.010560196,0.010220498,0.000168303,0.001012587,0.004917985,0.01576621
GTAA,1.19E-07,0.001462181,0.006596676,0.00285042,0.001285666,1.19E-07,0.002082446,0.000701342,1.19E-07,0.001677753,0.008899393,0.003955391,0.005281198,0.001857737,0.001785475,0.00491574
GTAC,0.000680483,0.002586138,0.000739565,0.006529547,0.001914151,0.000197675,0.000669145,0.000670718,0.001075018,0.00577794,0.006513676,0.001917748,1.85E-05,0.000905633,0.001895571,0.005321548
GTAG,1.97E-05,0.000228507,0.00376551,0.00479773,6.55E-05,0.000282518,0.001149056,0.001994581,0.000101376,0.000969086,0.010850599,1.19E-07,0.000430305,0.002337814,0.004817346,0.006365933
GTAT,0.000152183,0.005763604,0.00055549,0.007510739,2.27E-05,7.36E-05,9.40E-05,1.19E-07,1.19E-07,0.001951432,0.007967019,0.004620522,0.00199428,0.001596082,0.000951457,0.007465283
GTCA,0.000325787,0.00248382,0.004494831,0.002712605,0.001138582,4.02E-05,0.001920427,0.001546997,0.001146716,0.006285149,0.007043723,0.001428781,0.000571989,0.000397576,0.001858378,0.005440987
GTCC,1.19E-07,0.003808145,0.002256014,0.002578839,0.002354581,7.25E-05,0.00446262,0.002378413,0.000304561,0.006996941,0.006119524,0.002404896,2.90E-05,0.000169087,0.001622749,0.00087782
GTCG,1.19E-07,0.00308942,0.001899091,0.002277762,0.002283543,2.60E-05,0.00142131,0.002495361,0.000305229,0.00406918,0.003870346,0.000628729,0.000281715,8.34E-05,0.002062492,0.000599162
GTCT,1.19E-07,0.007934232,0.003427815,0.002661891,0.001220585,0.000133977,0.003359635,0.00190067,1.19E-07,0.006870627,0.00687902,0.002726597,0.000127836,0.000288246,0.002471583,0.002549336
GTGA,0.000130744,5.47E-05,0.00363863,0.003232005,0.001276008,1.19E-07,0.001366513,0.001107345,0.001546317,0.002414434,0.0042653,0.001860635,0.000362846,0.000997256,0.001992495,0.003496648
GTGC,1.19E-07,0.001100077,0.002255092,0.002817928,0.003714904,1.06E-05,0.001965202,0.001508467,0.000421574,0.002429698,0.003441783,0.001353517,1.19E-07,0.001465943,0.001233184,0.001431831
GTGG,1.19E-07,6.96E-05,0.002889296,0.003287295,0.001921717,8.66E-06,0.000782801,0.002015516,0.001373716,0.000357826,0.005255616,0.000652434,0.000399128,0.00103411,0.002106429,0.001076653
GTGT,0.000139335,0.00082055,0.000238788,0.00374646,0.001793562,0.000136944,0.002222725,0.000644222,0.000832817,0.004301922,0.004773717,0.001769115,1.19E-07,0.000657114,0.000826637,0.00301889
GTTA,0.00137434,0.003440826,0.006429708,0.004550291,0.000651106,0.000114927,0.001364302,1.19E-07,4.64E-05,0.003129624,0.007453173,0.003774862,0.002779474,1.19E-07,0.000885021,0.002698388
GTTC,0.000219763,0.005833711,0.008709985,9.73E-05,0.002838673,0.000248374,0.002880588,0.000871346,0.000634722,0.008307002,0.00668258,0.003257644,1.19E-07,4.83E-06,0.002355439,0.002057596
GTTG,0.001069039,0.001636363,0.007344929,0.001381351,0.001690572,0.000718414,0.001918991,0.000811842,0.002294051,0.005476134,0.008061413,0.001228878,1.19E-07,1.19E-07,0.002614731,0.00282725
GTTT,2.82E-05,0.011505692,0.01397322,1.19E-07,0.002042227,0.000659466,0.004879234,0.00058851,1.07E-05,0.009729688,0.009898914,0.008141167,0.003686795,1.19E-07,0.003588011,0.004819862
TAAA,1.19E-07,0.001274537,0.000823316,0.000211183,3.22E-05,0.003222742,0.007874103,0.000566756,0.015016473,0.002550773,0.004428488,0.012160481,0.035659383,0.010158211,0.001121778,0.001863297
TAAC,0.00187642,0.003991421,1.19E-07,6.36E-05,0.003551518,0.003886766,0.00611583,0.00072869,0.014730618,0.008588149,0.005358081,0.004825364,0.014025988,0.007791714,1.28E-05,0.000695075
TAAG,1.19E-07,0.00142669,0.004871812,0.000500835,1.19E-07,0.006196161,0.000965155,0.001197411,0.016220979,0.002696491,0.000825056,0.005093315,0.022944207,0.019064901,0.004021997,0.001046613
TAAT,2.52E-06,0.002910286,0.000411299,0.000192967,1.19E-07,0.003195845,0.003613511,0.000638891,0.017175986,0.00492964,0.008887934,0.013439392,0.026638242,0.006772028,0.000738524,0.000654375
TACA,0.001477098,0.004605472,0.003506092,0.002828579,0.00142708,0.006600559,0.006567851,0.002638701,0.018264359,0.010492846,0.003264717,0.004037049,0.018147997,0.005454329,0.000127085,1.19E-07
TACC,0.004658788,0.003009296,0.000182673,0.001853179,1.19E-07,0.005426508,0.009470825,0.003568431,0.0214365,0.014689475,0.010687286,0.000142349,0.001473324,0.003240515,0.000308096,0.004721359
TACG,0.001826992,0.002523483,1.19E-07,0.001696845,0.011897831,0.000593973,0.003978834,0.002076885,0.013119132,0.00159456,0.001583413,1.19E-07,0.003667927,0.003890323,0.000486752,0.004027418
TACT,0.000169847,0.003951208,0.003798485,2.55E-05,1.19E-07,0.004484109,0.007353657,0.003747035,0.017809515,0.005699978,0.009239113,0.00528172,0.011066606,0.00331107,1.19E-07,1.19E-07
TAGA,0.000179283,0.001303995,0.000292388,0.001083423,0.003442965,0.002929979,0.002955726,0.001139587,0.010461999,0.008884896,0.000246739,0.003368926,0.016670286,0.016462713,0.002569901,0.001920897
TAGC,0.001169017,0.001913891,0.000733308,0.003186126,0.010516571,0.003898245,0.002056384,0.001335672,0.011165908,0.005569473,0.001846403,0.000203561,0.004069681,0.012456671,1.19E-07,0.004625337
TAGG,0.002258407,0.001449216,0.000339883,0.002743663,0.004026325,0.005806655,0.001993585,0.003154261,0.010622254,0.012276132,0.002843345,1.15E-05,0.009207699,0.023225023,0.00277773,0.002767809
TAGT,1.19E-07,1.19E-07,0.000672215,0.002250827,0.009929462,0.001562616,0.001135474,1.19E-07,0.014439713,0.000281273,0.002606259,0.003839661,0.008492357,0.007932166,0.000295625,0.000943532
TATA,0.00016637,0.001584142,1.19E-07,0.002583561,0.000993482,0.006865862,0.003848212,9.58E-06,0.011477757,0.006486071,0.008721031,0.004617379,0.030192545,3.04E-05,0.000637088,0.000318666
TATC,0.002291006,0.001417303,1.19E-07,0.002563874,0.002322709,0.004684827,0.005867227,0.000147467,0.013260785,0.006777626,0.00926163,0.003179913,0.011358914,0.001972375,0.000502084,1.18E-05
TATG,0.000211527,0.001781723,0.001705291,0.0075961,1.19E-07,0.008664056,0.002021643,0.000827547,0.01742361,0.004052745,0.00283515,0.002764065,0.017610256,0.004301002,0.002626232,0.000505461
TATT,1.03E-05,0.002992305,1.19E-07,1.70E-05,1.19E-07,0.004366698,0.007143972,0.00137974,0.014299799,0.008274337,0.014340942,0.011289614,0.024051083,0.000368183,0.00076213,0.001084881
TCAA,0.000985925,8.06E-06,1.19E-07,1.19E-07,0.011244543,0.00865717,0.003466177,0.000106571,0.009702573,1.19E-07,0.000640577,0.004392674,0.010712207,0.001589607,0.001688329,0.000975579
TCAC,0.004002423,0.001371473,0.001211573,1.19E-07,0.009889835,0.020325178,0.003732129,0.002393159,0.010514168,0.004253127,0.001742288,0.001374191,0.00241803,0.002950338,0.000291045,0.000595522
TCAG,0.003031631,1.19E-07,0.000237352,1.19E-07,0.011939023,0.011900863,0.000813901,0.001634378,0.013369024,1.19E-07,0.000121721,0.001265985,0.003033475,0.005062152,0.002835016,0.001939477
TCAT,0.002187311,5.23E-05,0.001259486,1.19E-07,0.008204423,0.013772138,0.002733403,0.000122324,0.010735568,0.001278128,0.002347014,0.004393964,0.007335818,0.002066974,0.001435258,1.19E-07
TCCA,0.003190856,0.001982332,0.001118827,0.001238023,0.009793517,0.001842071,0.003468681,0.002222528,0.013465459,0.007625043,0.002598642,0.001752501,0.002136633,0.000292338,0.001121552,0.00232537
TCCC,0.003458762,0.002760122,0.001629987,5.73E-05,0.008577189,0.002168701,0.004431817,0.005499651,0.011852944,0.008721013,0.006643668,0.000966701,0.000109316,0.001048341,0.000303952,3.44E-06
TCCG,0.00211831,0.001630446,0.001478545,0.000222315,0.011356026,0.000876164,0.00252494,0.003667119,0.007809455,0.000395109,0.001534698,0.001026185,0.0004555,0.001265304,0.000636496,0.004546005
TCCT,0.004218305,0.002482963,0.002402782,0.001080343,0.007962922,0.002277097,0.002726177,0.002788169,0.013417676,0.008035347,0.003431882,0.002181611,0.001021249,0.000564325,0.000854661,0.001849963
TCGA,0.001813433,0.000885794,5.38E-05,0.000366601,0.018360275,0.000493461,0.000192717,0.001055367,0.003403732,0.000618661,0.000172971,0.001368409,0.000630414,0.00168817,0.000703586,0.00292852
TCGC,0.000923887,0.001783976,0.00013023,0.000186974,0.018810211,0.000564373,0.000828773,0.001586472,0.002645722,0.000364525,0.000944343,0.00081438,6.45E-05,0.000692569,1.19E-07,0.002016894
TCGG,0.000289147,0.000800952,1.19E-07,1.98E-05,0.020645116,0.000907923,0.000754512,0.002110658,0.001757458,1.19E-07,0.001708316,0.000345691,0.000771286,0.002472728,0.000923552,0.000808472
TCGT,0.001727627,0.001048836,1.19E-07,0.000472425,0.015317213,0.000391586,1.19E-07,0.000339263,0.003204542,0.000727494,0.000795541,0.001129291,2.83E-05,0.001362878,0.000271629,0.002448431
TCTA,0.00335317,0.001646706,0.002646049,0.003747928,0.00501113,0.002556258,0.00171473,0.000178792,0.010216965,0.002738572,0.000416837,0.004365306,0.010547166,1.19E-07,0.002631073,0.001121236
TCTC,0.006585939,0.003040092,0.001900524,0.003569408,0.00905527,0.002900724,0.0029143,0.003041414,0.01222932,0.007863301,0.005852926,0.001575466,0.001959899,0.001212399,0.002961561,0.002945445
TCTG,0.006316413,0.000253211,0.00119072,0.005341817,0.010122559,0.002505435,0.00039872,0.001712465,0.015301538,0.001777331,1.19E-07,0.00153491,0.000211171,0.000860353,0.004696032,0.003489953
TCTT,0.00527672,0.002561893,0.002825625,0.000323816,0.008834006,0.002750665,0.002695135,0.000299403,0.013960924,0.004247332,0.00391494,0.006197817,0.006928327,3.73E-05,0.002421007,0.003242715
TGAA,1.19E-07,1.19E-07,0.000136486,0.002628138,0.003892703,0.000524903,0.012112336,0.003138522,0.012260357,0.012264135,0.008001655,0.006568386,0.019237886,0.012970825,0.006408497,0.007136388
TGAC,0.00524699,0.001058264,1.19E-07,0.000584913,0.010403789,0.001650658,0.009672075,0.003187491,0.012770228,0.015429734,0.005114926,0.002128483,0.002630738,0.009768671,0.001832878,0.006469263
TGAG,1.19E-07,0.000522179,0.007464493,0.005937202,0.001360295,0.003447187,0.008382835,0.008319372,0.017407783,0.009805366,0.004025576,0.00082777,0.012961148,0.022334994,0.009248712,0.005402242
TGAT,0.00091439,1.19E-07,3.36E-05,0.001860254,0.001164317,0.001077375,0.008594101,0.002005807,0.014698118,0.008340171,0.009010241,0.007196077,0.011626819,0.009771854,0.005932452,0.004200514
TGCA,2.57E-05,0.000748609,0.006365137,0.000381135,0.005246349,0.001536016,0.015210525,0.005383641,0.016942534,0.010667924,0.001482533,0.001045942,0.005434654,0.002371696,0.002050205,0.00621336
TGCC,0.000766943,0.001811053,0.002024677,1.19E-07,0.002416089,0.001546788,0.017561813,0.007146131,0.01177658,0.010915756,0.005290418,0.001881734,0.002172732,0.004417773,0.000324905,0.001261851
TGCG,0.000867084,0.000341912,0.001872872,1.19E-07,0.003857802,0.000740701,0.011980126,0.006901172,0.010547733,0.000688039,1.19E-07,0.000851192,0.003130496,0.003141295,1.19E-07,0.00652937
TGCT,0.004142211,0.001271658,0.003495235,1.19E-07,0.000326276,0.001342182,0.012614415,0.003466202,0.014815711,0.011073159,0.003664492,0.002907062,0.002263824,0.00395352,0.00083682,0.006083828
TGGA,0.000141397,0.000241182,6.07E-05,0.001865458,0.006308751,0.000804193,0.005822773,0.003827551,0.006342205,0.017361731,0.002413321,0.001492238,0.006879452,0.017383031,0.005153009,0.006251021
TGGC,0.001767314,0.000721295,2.08E-06,0.004356485,0.013753896,0.001627683,0.004885593,0.005322022,0.008509739,0.019406101,0.002128982,7.54E-06,0.000899833,0.01194264,0.001048003,0.004621851
TGGG,0.000194317,0.001519645,6.91E-05,0.005978506,0.000862287,0.00201152,0.004740833,0.010750718,0.007771486,0.017323528,0.003655575,1.19E-07,0.007551742,0.026495616,0.006845161,0.002511088
TGGT,1.19E-07,7.71E-05,0.003575148,0.001441493,0.005555154,0.000449065,0.004265808,0.002827729,0.010997073,0.008199211,0.003171139,0.002450067,0.001014689,0.010952808,0.00361474,0.007762925
TGTA,0.000394739,9.98E-06,0.001088906,0.005481797,0.000126155,0.001819089,0.012904908,0.003867464,0.010924655,0.004720016,0.009053662,0.002535556,0.019192561,0.004844944,0.005246527,0.000357799
TGTC,0.0065259,0.000544346,1.19E-07,0.005475404,0.003582455,0.002650353,0.014001039,0.004201959,0.015761947,0.013039227,0.012187039,0.000158219,0.001771839,0.004578413,0.003356347,0.006209015
TGTG,0.000295445,1.19E-07,0.007288849,0.009799215,0.001167653,0.003174619,0.009651526,0.006461187,0.022580072,0.009306384,0.007505329,2.62E-05,0.003802937,0.005585468,0.007851304,0.003507071
TGTT,0.001747244,1.19E-07,0.002807923,0.000765299,0.001747056,0.001843728,0.01840359,0.002507907,0.016270268,0.011535304,0.015067639,0.006528839,0.009850367,0.002268241,0.004210105,0.004687488
TTAA,1.19E-07,0.001369413,1.19E-07,1.19E-07,0.004030032,1.19E-07,9.39E-06,1.19E-07,0.002046159,0.002312705,0.004521159,0.000345131,0.009804627,0.004843246,0.005175178,0.013393208
TTAC,0.000123083,0.002549277,8.35E-06,1.94E-05,0.008482248,4.49E-05,4.73E-06,5.41E-06,0.003457819,0.007158721,0.00336662,0.001489602,0.001290778,0.004298036,0.003221832,0.010690319
TTAG,2.80E-05,0.000538311,0.000861157,1.19E-07,0.004717835,4.87E-07,1.19E-07,4.20E-06,0.003562472,0.001134283,0.002325498,6.21E-05,0.003090152,0.006486621,0.005254961,0.014643994
TTAT,1.19E-07,0.001384037,1.19E-07,1.19E-07,0.003744132,1.19E-07,1.19E-07,1.44E-07,0.001711657,0.005221023,0.004356161,0.002113707,0.005867004,0.00437462,0.004132711,0.010653702
TTCA,1.19E-07,0.001224547,1.19E-07,1.19E-07,0.005381656,1.19E-07,0.001587456,8.13E-05,0.002114786,0.006176114,0.004747073,0.000631453,0.000734484,0.002205618,0.002593032,0.009049786
TTCC,1.19E-07,0.001461905,1.19E-07,1.19E-07,0.007253685,7.39E-05,0.001425569,0.000500957,0.001956742,0.005252108,0.003891428,0.001379606,1.19E-07,0.001621686,0.001627268,0.004567515
TTCG,8.03E-05,0.001319213,3.76E-06,2.70E-05,0.008974055,2.63E-06,0.001150784,0.000650068,0.001425874,1.19E-07,0.002092329,1.97E-05,3.03E-05,0.000793517,0.002100213,0.004942523
TTCT,1.19E-07,0.001409913,1.19E-07,1.19E-07,0.005019347,4.49E-05,0.00086045,0.000196303,0.002062177,0.005070777,0.004062339,0.001772842,0.000127587,0.002110935,0.002368053,0.007314177
TTGA,0.000837309,0.000369292,0.001340767,4.15E-05,0.005324854,0.000481346,0.000129954,0.000178964,0.004353693,0.000152725,0.00100388,0.000356522,0.003350402,0.003267253,0.003605962,0.008740734
TTGC,0.000165824,0.001590828,0.001017832,0.000316536,0.009965251,0.000536062,0.000349056,0.000247746,0.003590443,0.00247211,0.001103335,0.001053553,2.09E-05,0.00282557,0.001693952,0.006341464
TTGG,7.06E-05,0.000481265,0.001351591,0.000162939,0.008499673,0.000463226,0.000116761,0.000497547,0.003771601,0.000253315,0.000728325,0.000592563,0.000225545,0.005053292,0.003516681,0.008279856
TTGT,0.000149213,0.000811556,0.000717678,3.40E-05,0.005424016,0.000386893,0.000169223,0.000400114,0.003700094,0.002939742,0.002098081,0.001535365,0.001786836,0.003427326,0.002591401,0.007053782
TTTA,1.19E-07,0.000940849,0.000220735,0.000137479,0.003236764,5.47E-05,1.19E-07,4.62E-05,0.002778904,0.000613258,0.00268151,0.001599445,0.00993979,0.000730201,0.003546532,0.004469414
TTTC,2.52E-05,0.00125181,0.000275249,0.000432836,0.006093908,0.000235729,0.000793201,9.50E-05,0.002678126,0.002405345,0.003096461,0.001924243,0.002129239,0.000518727,0.003484512,0.004383663
TTTG,1.79E-06,0.000682397,0.001175373,0.000368069,0.004084802,0.000110011,5.15E-07,0.000237205,0.002435342,0.001012185,0.001992109,0.001055124,0.001362076,0.001051079,0.003004059,0.004951186
TTTT,1.19E-07,0.000493652,0.001331308,1.81E-06,0.004483213,0.000341461,0.000172284,0.000991313,0.002355956,0.002599003,0.003590122,0.005304774,0.008698384,0.001158875,0.00360628,0.003777706