X,MO1_out,MO2a_out,MO2b_out,MO3_out,MO4_out,MO5_out,MO6_out,MO7_out,MO8_out,MO9_out,MO10_out,MO11_out,MO12_out,MO13_out,MO14_out,MO15_out,MO16_out
AAAA,1.19E-07,0.003279308,0.000537786,0.002407141,0.006865451,0.01304499,0.006085546,0.007526813,1.19E-07,0.004254078,6.11E-05,0.001492211,0.001946408,0.001455389,0.00012926,0.002420465,0.008247823
AAAC,0.000453545,0.000579653,0,0.000628615,0.00319122,0.011260974,0.010606539,0.000867985,0.000353519,0.002020982,0.003036429,0.001206249,0.001024018,3.99E-05,0.001146682,0.000930201,0.010487603
AAAG,0.001137335,0.000861732,0.000676126,0.001270749,0.004786607,0.010379644,0.007077022,0.001889012,0.001342146,0.00356965,0.001251198,0.000798089,0.000769312,0.001719395,0.00181457,0.002842063,0.00589939
AAAT,0.002633632,0.001130731,0,0.000753987,0.005703692,0.011724783,0.008972027,0.00525795,1.19E-07,0.003184797,0.002126192,0.000938106,0.002379494,0.001029607,3.59E-05,0.002266815,0.008951038
AACA,0.002966847,0.001561632,0.003137912,0.001335792,0.000475436,0.010781799,0.009561233,0.004897838,0.003573274,0.009776033,0.008282538,0.000337067,0.002842294,0.000285297,0.000556077,0.001173639,0.009283718
AACC,0.000209746,0.000553024,0.002822562,9.51E-05,0.000387478,0.006018925,0.006199151,0.001169145,0.002700993,0.003446398,0.004466428,0.000674451,0.00471034,0.000422021,0.001079323,1.19E-07,0.013933146
AACG,0.002245598,0.000246929,0.003783025,0.0014187,0.002569535,0.004375323,0.007824804,0.001214257,0.005199518,0.007221554,0.007489113,0.000237926,0.00491043,0.001600319,0.000571567,1.19E-07,0.009998543
AACT,0.004667757,0.001215358,0.001464178,0.000803003,0.001897807,0.007924575,0.011364196,0.006695876,0.001582588,0.008301089,0.008175647,5.73E-05,0.004684072,0.000973235,7.32E-05,3.20E-05,0.009702834
AAGA,0.004306055,0.002761901,0.002606346,0.003865503,0.002844047,0.011410456,0.005046561,0.005810116,0.004236471,0.008222565,0.004948193,0.000313258,0.001308568,0.000996332,0.001590281,0.001330983,0.005772336
AAGC,0.000436332,0.000774291,0.002279592,0.000306527,0.000402152,0.006100366,0.005231921,0.001158676,0.001541093,0.004172682,0.001161357,0.000175655,0.003928529,0.001715424,0.00122103,3.69E-05,0.005067182
AAGG,0.005470535,0.000528508,0.002074266,0.002333877,0.004014167,0.009481276,0.006626112,0.002244117,0.006181793,0.005616953,0.004461983,0.000599585,0.002017002,0.00094393,0.003870297,4.73E-05,0.003304593
AAGT,0.000766735,0.001573792,0.001700431,0.001240953,0.0074074,0.011097491,0.009722937,0.001917168,0.001703831,0.005223749,0.004821207,0.00086943,0.00126124,0.002968589,0.001567419,0.000365161,0.006001251
AATA,0.00650693,0.000674627,0.00024621,0.001940271,0.000346386,0.010519409,0.001250845,0.020586801,0.001305516,0.012272085,0.00359156,0.000195952,0.004867039,1.40E-05,9.28E-05,0.000110305,0.00743608
AATC,0.008779692,0.000212067,0,0.000452853,0.001999988,0.006959704,0.015659702,0.001401257,0.003161301,0.002956452,0.010055599,0.00026746,0.00383479,5.73E-05,5.07E-05,0.000276075,0.010347095
AATG,0.009074114,1.19E-07,0.000692345,0.001844646,0.002761367,0.006771888,0.007194717,0.008483333,0.004524019,0.007515473,0.005785784,3.74E-07,0.005183767,0.000321629,0.000449509,1.19E-07,0.005604107
AATT,0.014953949,0.000632667,0,0.001216523,0.00034732,0.007043338,0.001215313,0.017658199,1.19E-07,0.008122575,0.002986317,0.000171647,0.005055241,0.000368729,0.000373822,9.50E-05,0.008130303
ACAA,0.000722005,0.002123249,0.009262799,0.004226552,0.001622671,0.008794219,0.00018017,0.014785132,0.005316495,0.016318959,0.010205746,0.000305591,0.002602426,0.001249354,0.000871607,0.01419861,0.00610751
ACAC,1.19E-07,0.000575825,0.006593707,0.00077614,0.005507544,0.013421959,0.004686536,0.00223501,0.003686956,0.007649707,0.000415111,0.001147651,0.00626038,0.004391361,0.003246102,0.010836035,0.009288991
ACAG,8.92E-05,0.000941291,0.008329984,0.002592022,0.001667952,0.010911951,0.000380157,0.001050291,0.006986803,0.010878555,0.004863206,6.07E-05,0.004947569,0.001844697,0.000965268,0.022117743,0.003280757
ACAT,0.001833664,0.000467537,0.003148098,0.000353945,0.008509543,0.012471808,0.002852447,0.013160298,0.002926544,0.010211663,0.004739541,0.000541362,0.005179441,0.001096995,0.000812402,0.018546171,0.001441477
ACCA,0.003449349,0.005330828,0.019445762,0.003704552,0.01442949,0.004262204,0.003205621,0.006771914,0.010355934,0.018301229,0.019476325,0.000517123,0.008372417,0.009522166,0.001781525,0.005638759,0.008902864
ACCC,0.004024184,0.005302721,0.016566998,1.19E-07,0.007409753,0.011104462,0.008417872,0.000388218,0.008281964,0.011735257,0.004440846,0.000301,0.012177877,0.006621256,0.005588616,0.00405498,0.011018419
ACCG,0.004304543,0.002910866,0.026622201,0.002587709,1.19E-07,0.004810115,0.000875187,1.19E-07,0.01096148,0.023142542,0.010814552,8.71E-05,0.0110107,0.006982431,0.005275802,0.002438564,0.011003891
ACCT,0.007653098,0.004385529,0.021309108,0.001598682,0.011923382,0.004041298,0.00926382,0.004960573,0.007656507,0.020387931,0.023068965,4.55E-05,0.007485388,0.01188262,0.000921323,0.003846347,0.008421083
ACGA,0.007128939,0.004220924,0.019173692,0.00610029,0.000127334,0.0013695,0.000580981,0.003645868,0.013401569,0.0212833,0.021193686,2.64E-05,0.00673673,0.005074827,0.002383057,0.005965601,0.007411761
ACGC,1.19E-07,0.002644818,0.013889188,5.44E-05,0.001327731,0.005864941,0.003174888,1.19E-07,0.004721884,0.00843737,0.000383232,0.000206595,0.004295542,0.002017026,0.000931976,0.003781422,0.003247427
ACGG,0.004008165,0.0040761,0.019142462,0.002244729,0.000913388,0.005725898,0.003924425,0.000284051,0.020811115,0.01784835,0.007509067,0.000464877,0.013469154,0.00186556,0.003716754,0.004290484,0.008611017
ACGT,0.003353069,0.001415399,0.009616802,0.001790905,0.008987473,0.008102622,0.00847496,0.003136317,0.005742278,0.011568253,0.00806902,0.001343719,0.008875153,0.005568054,0.001075497,0.006811621,0.007036952
ACTA,0.001073401,0.003984705,0.013003901,0.003842148,1.19E-07,0.002599763,1.19E-07,0.014445756,0.004870012,0.020452668,0.016620135,1.19E-07,0.00503574,0.007123895,0.006389637,0.005600093,0.009424569
ACTC,0.003880656,0.001005362,0.011087,0.000433842,0.002164917,0.00956893,0.008751156,1.19E-07,0.003411154,0.01203669,0.005906897,0.000451675,0.012203461,0.011660661,0.004380081,0.00943717,0.009714238
ACTG,0.004725405,0.001556029,0.01359361,0.00424653,0.003531432,0.00375334,0.001681555,0.003820753,0.007549711,0.017920446,0.012510459,4.83E-06,0.01008282,0.009929429,0.004174137,0.009185526,0.007580338
ACTT,0.007746766,0.002690506,0.009839317,0.000782158,0.000515374,0.005710142,0.000518016,0.014032121,0.002787762,0.01889355,0.016688831,0.00015873,0.002431353,0.007316899,0.005049266,0.008587256,0.005606437
AGAA,0.003649564,0.001377176,0.002912963,0.006836644,0.000186226,0.010122899,0.001797566,0.007359384,0.002018796,0.010479479,0.003964104,5.41E-05,0.001136445,0.002196311,0.003990712,0.007020916,0.002451147
AGAC,0.001615995,0.000725431,0.001787955,0.001193056,0.005751898,0.012322319,0.007665352,0.000138782,0.000102994,0.003765316,0.000209457,0.000725874,0.001373387,0.003338571,0.004046878,0.004304252,0.004033181
AGAG,0.001882805,0.000411853,0.001482632,0.003248279,0.001668928,0.0118222,0.003591538,0.001140865,0.001804285,0.006572792,0.000244917,6.44E-05,0.003114422,0.003643865,0.005694759,0.010286404,0.000594635
AGAT,0.007785198,0.000177843,0,0.000889883,0.003612477,0.010449882,0.005885202,0.003533501,0.000773222,0.006306568,0.001980122,8.40E-05,0.001388459,0.003492564,0.004260577,0.007662348,0.001356718
AGCA,1.19E-07,0.00287954,0.009323351,0.000405693,0.004694411,0.006267365,0.00216335,0.000436236,0.00076379,0.00824476,0.005716708,9.76E-05,0.001838925,0.002918993,0.001526362,0.001946775,0.000380193
AGCC,7.29E-06,0.003444655,0.006477622,2.19E-05,0.004170395,0.005044669,0.004578629,0.000370049,0.00038627,0.004010503,0.000229599,0.000184897,0.003348095,0.002848157,0.000613276,0.000391764,0.004782798
AGCG,4.62E-05,0.002700662,0.009733162,0.000927808,0.002849123,0.004601548,0.003854717,1.89E-07,0.00114165,0.006355298,0.002132194,0.0001877,0.002577825,0.002243443,0.000447252,0.000201323,0.003203875
AGCT,7.45E-05,0.001116187,0.007035554,8.43E-05,0.001539145,0.005695694,0.005423255,0.001034838,0.000385329,0.007855682,0.00184347,0.00016551,0.00394226,0.003710362,0.001194782,0.000901558,0.001673568
AGGA,0.009186934,0.000894618,0.007737017,0.006857138,0.004191004,0.010573643,0.004084341,0.002218328,0.004983554,0.014696189,0.004641165,8.39E-05,0.003120046,0.003321119,0.008303852,0.001052141,0.000659167
AGGC,1.19E-07,0.004951277,0.006400244,0.001063679,0.002548796,0.007181424,0.005512451,1.19E-07,0.00050512,0.005225487,0.000141597,0.000189721,0.002050132,0.001270848,0.000756669,0.001423013,0.000849331
AGGG,0.004922201,0.002594652,0.007865565,0.004467805,0.006236007,0.011411908,0.010265796,6.74E-05,0.005333458,0.011127096,0.001363941,0.000157657,0.003322388,0.002700847,0.007006351,1.19E-07,0.002331377
AGGT,0.002474877,0.001972109,0.002585911,0.001451791,0.008317119,0.01308154,0.009525373,0.001521431,0.001797732,0.006987458,0.002233726,0.000862197,0.001579559,0.00514391,0.004913527,0.001416817,0.001247737
AGTA,0.000593442,0.002006513,0.004711775,0.003539136,0.001056109,0.013340507,0.007852259,0.010086449,0.003449987,0.014145743,0.008642683,8.47E-05,0.001163673,0.005063557,0.003033949,0.002055276,0.002763286
AGTC,0.000829212,0.000189968,0.001999633,0.000605072,0.004655664,0.013580291,0.011749407,0.000941827,0.000778924,0.006388349,0.000800998,0.000704465,0.005731288,0.005819833,0.004255042,0.002113162,0.005573682
AGTG,0.003293957,0.000770961,0.006875096,0.004432907,0.010773516,0.008304517,0.00647236,0.002249146,0.003146903,0.010704946,0.003270727,0.000877898,0.005971652,0.008267087,0.003952664,0.002961759,0.004660914
AGTT,0.004985859,0.0016464,0.00406773,0.000748186,0.004218844,0.010751811,0.005963403,0.007169848,0.001155868,0.011429622,0.00543449,0.000353519,0.001524599,0.005096071,0.00260822,0.002587968,0.002959578
ATAA,0.000454043,0.000605509,0.000958341,0.003417613,0.004066514,0.008626869,1.19E-07,0.025779099,0.006596125,0.014125607,0.00195334,0.001985203,0.003905946,0.000739743,0.000897184,0.007905636,0.002947694
ATAC,0.000164195,0.000766026,0,2.65E-05,0.007108241,0.013763796,0.01093842,0.005696909,0.010106211,0.007139287,0.003012778,0.00174666,0.002341167,0.005206693,1.00E-05,0.006684885,0.006761049
ATAG,0.000143599,0.000574165,0,0.000905802,0.001842688,0.010308433,0.005412997,0.009409317,0.015185616,0.008259539,0.003863795,0.000608045,0.001551101,0.004030244,0.00062111,0.012149422,0.000214321
ATAT,0.001278275,1.69E-05,0,0.000211235,0.008511322,0.011731442,0.001242303,0.027632343,0.007347612,0.009309051,9.37E-05,0.003404945,0.006203268,1.19E-07,0.000531182,0.010608249,0.000604925
ATCA,0.004807445,0.000461589,0.003631249,0.000934199,0.003612122,0.005872333,0.001848742,0.019688343,0.01313073,0.015596237,0.010188234,0.00102004,0.005418569,0.0002118,0.001745491,0.002108686,0.003409049
ATCC,0.006381709,0.000169849,0.002591148,1.19E-07,0.002999999,0.005879834,0.018360879,0.001255417,0.014317847,0.007418631,0.014087789,0.001559464,0.00527769,0.00442174,0.000958515,0.000882307,0.009006881
ATCG,0.004855575,0.000271987,0.003936732,0.000732063,0.001781474,0.002775742,0.010104736,0.004756147,0.015808128,0.011945242,0.011918894,0.000241695,0.007644325,0.002695019,0.002046726,0.000128974,0.004713152
ATCT,0.01782864,0.000583329,0.006394765,1.19E-07,1.19E-07,0.001434621,1.19E-07,0.021518798,0.009353569,0.022916513,0.020857367,1.95E-05,0.005714297,0.001987512,0.003769813,1.19E-07,0.003339047
ATGA,0.010432059,0.000971281,0.004268131,0.005862554,0.002067663,0.002252551,0.001404774,0.018032624,0.023109044,0.017505838,0.010618012,0.002176367,0.005164467,0.001452992,0.00259509,0.001354311,0.001126934
ATGC,2.62E-05,0.000952667,0.005584212,0.000878536,0.00831704,0.006919795,0.009760191,0.000658923,0.010173285,0.006062195,0.008445795,0.001077516,0.002012214,0.001746515,0.000156927,0.0014193,0.00073193
ATGG,0.001634149,0.000165299,0.001538903,0.003656266,0.004225689,0.007981931,0.012624537,0.003620442,0.02995695,0.010802243,0.009110472,0.00216786,0.003028231,0.000609942,0.003140406,0.001313021,0.000805053
ATGT,0.005909618,0.000144672,0.001313411,0.000170383,0.006077889,0.010648402,0.006880298,0.017022216,0.01132386,0.012668249,0.005907711,0.001459034,0.005903256,0.003427325,0.001595546,0.002487824,0.00035692
ATTA,0.006288294,0.000893614,0.001168611,0.001297924,0.00075862,0.006868307,1.19E-07,0.02627145,0.003742259,0.015373245,0.006071884,0.002171175,0.004246219,0.000266045,0.001968938,0.000703297,0.003591671
ATTC,0.013482413,0.00152857,0,1.19E-07,1.19E-07,0.008945008,0.017440986,0.000135304,0.007258208,0.006466287,0.011899977,0.000409169,0.002740481,0.003626753,5.99E-05,0.002774155,0.006626003
ATTG,0.00663237,2.07E-05,0.000802283,1.37E-06,1.19E-07,0.006460464,0.002206861,0.013087544,0.01108822,0.013727398,0.008870237,0.000238813,0.00385086,0.001092969,0.001105295,0.001760445,0.000142996
ATTT,0.014072887,0.00098257,0,0.000230814,0.000890092,0.008149579,0.001258855,0.025089231,0.000621133,0.014238248,0.006653737,0.001365706,0.005249687,0.001140993,0.00166575,0.001038077,0.002202971
CAAA,2.16E-05,3.05E-05,0,0.010838753,0.001047546,0.002612186,0.001662541,0.002880638,1.19E-07,5.67E-06,0.000779844,0.000923334,0.00055789,0.000415743,0.004349336,0.001544759,0.011287911
CAAC,2.83E-05,0.000191516,0.000495192,0.002154491,1.19E-07,0.000599935,0.000326303,0.001066636,0.000766764,1.19E-07,0.000553522,0.000144611,0.002639767,0.000550642,0.002980931,3.30E-05,0.013778415
CAAG,0.000256152,0.000757944,0.000510381,0.005871524,0.00147713,0.001424659,0.000209453,0.001790518,0.00145688,1.19E-07,0.000682282,0.000165146,0.001881993,7.58E-05,0.004133467,0.001903286,0.010001662
CAAT,0.002737194,5.05E-05,0,0.004683265,0.000899066,0.000315358,0.001159026,0.001143143,0.000442118,1.19E-07,0.003066112,0.001228691,0.001057828,0.000739054,0.003130156,0.00102762,0.016012501
CACA,0.00032644,0.003531545,0.001250726,0.001334185,0.000506827,0.000613621,1.19E-07,0.001024951,0.001067311,0.000250258,0.002783041,0.000137498,0.000909905,0.000691152,0.002091161,0.001383419,0.00718021
CACC,1.23E-06,0.001333774,0.000730137,0.000447979,1.19E-07,2.17E-05,1.19E-07,0.000549171,0.000653892,1.19E-07,0.000446454,1.19E-07,0.001402264,0.000395298,0.00123679,0.000335864,0.005318685
CACG,0.000549104,0.002583083,0.001363341,0.000884209,1.19E-07,2.36E-06,0.000331537,0.000633857,0.001550789,0.00032735,0.000189699,0.000166693,0.002189996,0.00108635,0.001066902,0.000242893,0.00453628
CACT,0.000218559,0.002925645,0.00157579,0.000926626,0.000287367,0.000131452,0.000321453,0.00079447,0.000164973,0.000499859,0.000771398,0.000320932,0.002335766,0.002947525,0.001655791,0.000316251,0.006311051
CAGA,0.000968159,0.002445315,0.000870466,0.00866036,0.000640541,0.001119932,0.000356862,0.002496413,0.0014679,0.000184407,0.001306333,0.000320454,0.001149018,0.000186974,0.005298738,0.001182932,0.010027783
CAGC,0.000185247,0.005182045,0.001863859,0.005770009,0.001203725,3.12E-05,0.000675805,0.0010993,0.001178351,1.19E-07,1.19E-07,0.000787915,0.005793506,0.002146779,0.000594109,1.19E-07,0.011176407
CAGG,0.000237712,0.002594704,0.00187364,0.004334566,0.000736162,0.000737398,0.000216298,0.001794255,0.002221567,0.000270212,1.19E-07,0.000124563,0.002338715,0.000560211,0.003025407,0.000188602,0.007861612
CAGT,1.19E-07,0.001463191,0.000485122,0.002814138,0.000457561,0.001177719,0.000840108,0.001436096,0.000563901,5.60E-05,0.00179593,1.10E-05,0.000186294,0.001104197,0.002755035,0.000138237,0.009874465
CATA,0.004485425,0.00274065,0,0.004950804,0.00138511,0.000526993,5.85E-05,0.004393603,0.001131711,0.00086547,0.001988769,0.001557949,0.002064749,0.002878265,0.002605659,0.001143767,0.010336623
CATC,0.000168574,0.002569027,0,0.000760624,1.19E-07,1.19E-07,1.19E-07,0.001218372,0.002163525,1.19E-07,0.001627035,0.000170368,0.004635654,0.001338821,0.003924159,0.000138986,0.012957175
CATG,0.003053456,0.003234538,0.000472673,0.002926621,0.000818651,1.14E-05,0.000233169,0.001216089,0.003642594,0.000193648,0.003954766,0.000905247,0.001139589,0.001769446,0.002807095,0.000967868,0.009000975
CATT,0.004819764,0.002221818,0,0.001874161,7.87E-05,6.51E-05,0.000131626,0.002353306,0.000815416,0.000605177,0.003164546,0.00077226,0.001408936,0.0028774,0.002501437,0.001128447,0.009367831
CCAA,1.19E-07,0.001638231,0.001616119,0.017680315,1.19E-07,0.0003274,1.19E-07,0.005311808,0.00208258,0.00038329,0.002771013,0.00171699,0.005120719,0.003573323,0.014086812,0.015665185,0.010768817
CCAC,1.19E-07,0.004073733,0.003423313,0.003732045,0.004681059,0.004222814,0.00042239,0.000814572,0.00199808,8.19E-06,0.000656751,0.00036322,0.005245739,0.005018295,0.008326312,0.012248987,0.014993542
CCAG,1.19E-07,0.003235657,0.007310716,0.007131843,1.19E-07,0.001791494,1.19E-07,1.19E-07,0.004451752,0.001747645,2.96E-05,1.05E-06,0.004208783,0.004789865,0.008117838,0.024973739,0.011592647
CCAT,3.48E-05,0.002813635,0,0.005337904,0.006651789,0.00382796,0.000814939,0.00041188,0.003204062,0.000554596,0.008202472,0.001991614,0.00015339,0.005035555,0.011545232,0.019419327,0.014649846
CCCA,1.19E-07,0.015050789,0.009624399,0.001521129,0.001126717,0.001131397,1.19E-07,0.004285225,0.007387094,0.002522134,0.003382453,0.002594206,0.002979808,0.004452717,0.014404237,0.007785862,0.012856087
CCCC,1.19E-07,0.007822754,0.004654992,1.19E-07,0.001226033,0.000928849,1.19E-07,0.002613328,0.003269563,5.80E-05,0.000182176,0.000407367,0.002581665,0.002299453,0.003880089,0.004801651,0.009828883
CCCG,3.24E-05,0.013172236,0.00847833,0.000394984,0.000490162,0.000135963,1.19E-07,0.000211104,0.005683097,0.001553324,0.00324569,0.001648661,0.003766523,0.003871191,0.008134547,0.006209564,0.009778612
CCCT,0.001694762,0.011409565,0.008166328,0.000347814,0.000616068,0.000211491,0.000105033,0.00218199,0.003876566,0.002383614,0.0045894,0.002339118,0.003921803,0.006434655,0.010949825,0.005790671,0.011617716
CCGA,1.19E-07,0.011811224,0.012496569,0.015841491,1.19E-07,1.19E-07,0.000800323,0.000217349,0.007354941,0.003768945,0.010887328,0.000215959,0.002429158,0.007026718,0.015486969,0.008090438,0.006235051
CCGC,1.19E-07,0.013444625,0.007109825,0.009710319,0.000208062,1.19E-07,0.001718709,5.70E-05,0.003149549,1.54E-05,0.001163628,0.000485246,0.004639433,0.003002622,0.00400296,0.007372658,0.008323979
CCGG,1.19E-07,0.009540953,0.007679328,0.004112111,1.19E-07,2.02E-05,1.19E-07,0.000869584,0.008466369,0.001279562,0.001611765,0.00104262,0.004558084,0.002988956,0.007669224,0.006368979,0.009346684
CCGT,0.000247616,0.007340264,0.005869115,0.002423705,0.000431165,0.000550901,1.19E-07,0.001058387,0.00340984,0.001536678,0.003110997,0.000891664,0.004742988,0.00528828,0.007090502,0.008192544,0.009960094
CCTA,4.09E-05,0.007666097,0.0054771,0.007097396,1.19E-07,9.92E-05,1.19E-07,0.00373818,0.002713112,0.003287026,0.006459631,0.002566363,0.00168442,0.007738384,0.014204553,0.007138548,0.00875312
CCTC,0.001421715,0.006751175,0.003733359,0.000310151,0.002199601,0.000891113,5.17E-05,0.00021954,0.001685042,0.000208933,0.002391285,0.000709825,0.004752551,0.00656661,0.00685326,0.008471071,0.009108046
CCTG,0.000383658,0.00939001,0.004768717,0.001813991,1.19E-07,1.19E-07,1.19E-07,1.19E-07,0.004943114,0.000802353,0.007291621,0.000688536,0.003938753,0.008215775,0.010726952,0.010650031,0.006629392
CCTT,0.003355298,0.006969306,0.003428197,0.001953485,1.19E-07,2.62E-05,0.000125863,0.001788706,0.001690375,0.003117222,0.010502323,0.003245775,0.000827579,0.009338404,0.012823359,0.009964524,0.008885681
CGAA,0.009056631,1.19E-07,1.15E-07,0.026067492,1.19E-07,1.19E-07,1.19E-07,0.00052142,0.001052049,0.000401558,0.006036229,1.19E-07,0.000719326,1.19E-07,0.017385283,0.008534629,0.002197213
CGAC,0.007303341,0.000841319,0.000283232,0.006276962,0.002753066,0.001446763,0.000498208,6.42E-05,2.04E-06,6.69E-05,2.85E-05,0.000316854,0.002696174,0.002029013,0.007629971,0.004781171,0.0059409
CGAG,0.004160126,0.001358806,0.000974634,0.011949462,0.000316471,0.001627363,3.63E-05,0.000695859,0.000995943,0.000598877,0.000107609,2.20E-05,0.004794509,0.001281245,0.008864696,0.012628633,0.0038784
CGAT,0.022510954,5.92E-05,0,0.008990285,0.00048903,0.000753509,1.19E-07,0.001917034,1.19E-07,1.19E-07,0.000817234,0.00126969,0.002811139,0.002196883,0.018705359,0.009435458,0.003822021
CGCA,0.000182574,0.009413682,0.007387134,0.001312565,1.19E-07,0.001014242,0.001186104,1.19E-07,1.19E-07,0.004567535,0.004091165,1.19E-07,0.002855143,0.006300188,0.006982041,0.0024565,0.006102351
CGCC,0.000832903,0.010270694,0.003642108,0.00020058,0.000832722,0.000338209,0.001085807,0.000738154,0.000181728,0.000202694,0.001147308,0.0001136,0.004199403,0.00219461,0.001862725,0.000923083,0.006964116
CGCG,0.001018033,0.011640703,0.006666319,0.001511848,0.001186919,0.000447988,0.002505749,8.80E-05,0.0003761,0.002079194,0.000586173,0.000411272,0.003925547,0.002461953,0.001942935,0.002215614,0.005711978
CGCT,0.001815219,0.01201398,0.007508642,1.73E-05,1.19E-07,0.000128697,0.003036233,1.19E-07,1.19E-07,0.002224249,0.002876079,0.000580303,0.004078307,0.008555529,0.004520478,0.000805422,0.007004483
CGGA,0.002912404,0.004741957,0.005662168,0.015567133,0.002401762,0.001231906,0.000789327,0.001286422,0.000757439,0.003881294,0.001780665,0.001472439,0.005572763,0.003767353,0.012965373,0.005656569,0.006437699
CGGC,0.000666093,0.008680853,0.003742388,0.009894919,0.003714107,0.000410069,0.003355808,0.00069326,1.19E-07,0.000117085,1.19E-07,0.000909116,0.004486675,0.002787115,0.003590216,0.002916687,0.006707053
CGGG,0.001514863,0.006432687,0.00515192,0.008455247,0.003028093,0.001766537,0.003805735,8.64E-05,0.001929481,0.001819087,0.000564168,0.001190669,0.003592329,0.002933243,0.006431817,0.003517477,0.006526117
CGGT,0.005160291,0.005317284,0.003514504,0.003617251,0.003622912,0.002241206,0.001763186,0.000400576,0.000796254,0.001589077,0.001321757,0.000750404,0.003224108,0.005365468,0.007641991,0.004416564,0.006284248
CGTA,0.001686575,0.005478352,0.00415111,0.00976621,0.000166853,0.000915594,0.000787292,0.004317803,0.002561513,0.00564651,0.006877245,0.002974222,0.002140147,0.005377849,0.011315928,0.006469143,0.007988918
CGTC,0.001870702,0.004876475,0.002335891,0.000720274,0.00065598,0.002087441,0.001664371,6.85E-05,0.00081659,0.000840389,0.002158394,0.000338419,0.003287332,0.003901338,0.005758202,0.004517816,0.007630458
CGTG,0.001783575,0.007360028,0.008467222,0.003938229,1.19E-07,0.000581338,9.05E-05,1.19E-07,0.001722679,0.005748811,0.004239578,0.001844453,0.006409315,0.010482501,0.010688502,0.010235514,0.007593748
CGTT,0.004827242,0.008206794,0.004382098,0.001892157,1.19E-07,0.000258392,2.37E-05,0.003019727,0.000571692,0.004921742,0.00784089,0.003412144,0.002317698,0.010232158,0.013126655,0.006760223,0.010361997
CTAA,1.19E-07,0.004128364,0,0.016952518,1.19E-07,1.19E-07,1.19E-07,0.007372839,0.003085356,0.000938154,0.002940302,0.002039372,0.008628663,0.007686758,0.014788966,0.00643626,0.005297724
CTAC,1.19E-07,0.000290474,0.001883771,0.003165111,0.000159732,0.001793188,0.000856355,0.001074597,0.004506496,0.000647769,0.000698176,0.001756942,0.002095535,0.004207629,0.00433996,0.006885504,0.009071229
CTAG,8.80E-07,0.000334135,0.00183964,0.00986622,1.19E-07,0.000478105,8.84E-05,0.002278809,0.006249081,0.002496946,0.000117931,0.000941211,0.007949103,0.004391686,0.007333294,0.013668001,0.005104136
CTAT,0.000784606,0.000834057,0,0.00511526,1.19E-07,1.16E-05,0.001563295,0.005966007,0.004283741,0.000253458,0.004644189,0.003839604,0.003310953,0.006809872,0.00329406,0.01036242,0.008009946
CTCA,0.001030485,0.002932711,0.001794078,0.001614407,1.19E-07,0.000647759,0.002191445,0.001813989,0.003817157,0.001696826,0.003968512,0.002341855,0.002689694,0.003512919,0.004192258,0.003446923,0.004942577
CTCC,0.001139923,0.003661899,0.002659653,1.19E-07,1.19E-07,0.000313155,0.001088975,1.19E-07,0.001737327,0.000438081,0.000782449,0.000879387,0.004671966,0.00539292,0.003677311,0.003051052,0.006292867
CTCG,0.001461544,0.003295438,0.00386315,0.000960484,1.19E-07,6.73E-05,0.000819895,1.19E-07,0.002902367,0.002119478,0.001247591,0.000902574,0.003490294,0.005404794,0.003070477,0.002189027,0.003990885
CTCT,0.002727167,0.006348766,0.003214409,4.60E-06,1.19E-07,2.11E-05,0.001629967,0.001301915,0.002322789,0.002602448,0.005243248,0.00325728,0.004490949,0.009750101,0.00779661,0.003553414,0.00639144
CTGA,0.000236756,0.006018581,7.61E-05,0.0123189,1.19E-07,1.19E-07,0.002031481,0.005005974,0.010977374,0.002253633,0.00682769,0.003238131,0.00742939,0.006478952,0.01305236,0.004922473,0.002745972
CTGC,6.94E-05,0.005634121,0.001092046,0.009978997,0.000825603,1.19E-07,0.001596165,0.001100071,0.005795898,1.19E-07,0.002391852,0.002542091,0.006668586,0.005432749,0.005821095,0.002031388,0.003996743
CTGG,9.94E-05,0.003545171,0.003030469,0.004771251,1.19E-07,4.53E-05,0.002079541,0.001572175,0.01030276,0.002026277,0.001539039,0.001678951,0.005917977,0.005496057,0.00610012,0.002998002,0.00611237
CTGT,0.00115142,0.003718313,0.001401497,0.002500366,0.000283925,0.000446478,0.004530327,0.001589441,0.004514253,0.001390839,0.006532345,0.002376335,0.002738446,0.005487748,0.003792224,0.004545609,0.005157191
CTTA,0.001662617,0.002014358,0.000314648,0.004776703,1.19E-07,9.66E-05,1.19E-07,0.005579734,0.001819997,0.002801417,0.003243743,0.002638542,0.001040351,0.006249322,0.005096811,0.002596233,0.004877138
CTTC,0.001516699,0.000624166,0.000158025,0.000346963,1.19E-07,0.000333042,0.001677518,7.74E-05,0.001457675,0.000134581,0.00289156,0.000610827,0.001137452,0.00219644,0.003419756,0.00265012,0.005338081
CTTG,0.001946258,0.002338151,0.000852576,0.00109895,1.19E-07,4.02E-06,0.001077138,0.000557018,0.00337433,0.001335537,0.0030803,0.001260501,0.002987317,0.004401627,0.003413806,0.003109398,0.003459163
CTTT,0.003111469,0.002371858,0,0.001162201,1.19E-07,0.000787813,0.000588071,0.004625372,0.000445929,0.002142353,0.004030576,0.002133693,0.001973483,0.006226696,0.004306185,0.003985554,0.004251413
GAAA,0.008960563,0.003417935,0,0.007461509,0.004305443,0.005278507,0.002973096,0.003039681,0.000883236,0.001437435,0.000984719,0.002521153,0.000638903,0.001468054,0.00177868,0.002373468,0.002940606
GAAC,0.022379126,0.002636712,0,0.0021534,0.005480163,0.003601449,0.001534813,0.000143192,0.001521082,0.000351329,5.12E-05,0.001214075,0.000193624,0.00129287,0.005555865,0.001117077,0.001985037
GAAG,0.012493031,0.002517519,0,0.003721073,0.003894132,0.002827299,0.00155727,0.000299878,0.002238745,0.000613119,0.000876068,0.001420604,0.000149719,0.000448707,0.003228317,0.002757196,0.000540573
GAAT,0.021650202,0.002565114,0,0.003355685,0.002786415,0.002207026,0.003187464,0.002191382,0.000983025,0.000432219,0.00223316,0.002932699,0.000817,0.001095339,0.000535174,0.00251238,0.004288226
GACA,0.009584443,0.004112364,0.001835837,0.001733186,0.005098477,0.003498017,0.002754532,0.000671227,0.001218791,0.001645437,0.002424125,0.002005391,0.000787553,0.002063977,0.001460252,0.002261249,0.001535257
GACC,0.00493086,0.003605812,0.001407358,0.000182106,0.005644798,0.002243025,0.00217862,0.000357735,0.000723265,0.000222398,1.19E-07,0.000882024,0.002170302,0.00325065,0.000884924,9.09E-05,0.002704696
GACG,0.005265575,0.00350194,0.002143485,0.001380825,0.003322616,0.002698937,0.002825816,0.000192493,0.00110287,0.000824697,2.35E-06,0.000937202,0.003018617,0.003043918,0.001259571,0.000791661,0.002223197
GACT,0.007527817,0.004458459,0.000838339,0.001012321,0.004979563,0.001836282,0.002682746,0.000684164,0.000484532,0.000423558,0.003242214,0.001823033,0.000472751,0.003464207,0.000116604,0.000597275,0.002419926
GAGA,0.010190702,0.00470745,0.001458538,0.007233051,0.003593892,0.004791136,0.004479068,0.001832035,0.003314337,0.002872808,0.002223598,0.002059443,0.001574717,0.00198915,0.003832218,0.001582703,0.000613314
GAGC,0.008351069,0.007217202,0.002323301,0.003284601,0.003532769,0.00150522,0.004681819,0.000440583,0.002098843,0.000491475,3.87E-05,0.001336343,0.00395317,0.002002793,0.000114211,1.19E-07,0.0010428
GAGG,0.006063181,0.006989951,0.002201881,0.003700924,0.005999416,0.002722337,0.004144987,0.00148076,0.004867659,0.001879172,1.19E-07,0.002295614,0.003642864,0.004106922,0.002049602,0.000740288,0.000218136
GAGT,0.009677391,0.006612792,0.001925459,0.002102002,0.007157743,0.004083466,0.003974221,0.00167766,0.001221262,0.00145125,0.000359232,0.002800368,0.001345868,0.004296858,0.001320156,0.000393341,0.0011568
GATA,0.022333602,0.00443274,0,0.004310241,0.002090177,0.001308815,0.000532475,0.006846589,0.002985753,0.00275947,0.004091273,0.002861675,0.00167285,0.001498263,0.000885384,0.000689431,0.002365537
GATC,0.036471107,0.001939905,0,0.0009136,1.19E-07,1.90E-05,0.003465629,1.19E-07,0.004848592,0.00011025,0.003192391,0.001901582,0.000828647,1.19E-07,0.002197516,2.25E-05,0.000194116
GATG,0.026931215,0.002871076,0,0.002302221,1.19E-07,1.19E-07,0.000618159,0.000510774,0.005212198,0.000770777,0.003724299,0.002107508,0.001102601,0.00018592,0.003197935,0.001219297,1.31E-05
GATT,0.02912856,0.004669103,0,0.001975745,1.19E-07,0.000244414,0.002564209,0.003782253,6.25E-06,0.000974305,0.002130023,0.003429397,0.002251194,0.003594817,0.002014177,1.19E-07,0.001519713
GCAA,0.002287035,0.006017127,0.005809623,0.004906258,0.001827784,0.000925397,1.19E-07,0.003473351,0.001751338,0.005241177,0.000545402,0.002077999,0.000526951,0.002714242,0.000826312,0.009494804,5.22E-06
GCAC,0.002881456,0.009507089,0.004170982,0.001072009,0.006112933,0.00454065,0.003124927,0.001183316,0.002502463,0.001600877,0.000540987,0.00109683,0.002398766,0.005874379,0.002432946,0.007117755,0.000248874
GCAG,0.001251673,0.007900143,0.006117683,0.002023468,0.001531658,0.002836661,0.000687735,0.000540127,0.003563486,0.004099358,6.07E-06,0.000431784,0.0021209,0.002467225,0.000280481,0.015319808,1.19E-07
GCAT,0.003951306,0.007164216,0.002085473,0.00102769,0.005453687,0.002532819,0.000624337,0.002198668,0.001748465,0.004020155,0.002200366,0.001776558,0.000310004,0.002240063,0.000398576,0.010779182,1.19E-07
GCCA,0.00019103,0.016079779,0.011533464,0.001392059,0.002391004,0.000431536,1.19E-07,0.002615962,0.003458596,0.007863561,0.002269216,0.001631234,0.00114331,0.004535843,0.002992724,0.005069724,1.05E-05
GCCC,0.00192557,0.018500554,0.011002473,1.19E-07,0.003495338,0.00218342,0.003214923,0.00412675,0.005135287,0.00277219,5.35E-06,0.001579692,0.00391629,0.003873426,0.00232965,0.003336255,0.00221596
GCCG,0.000317929,0.020574612,0.016369894,7.47E-06,0.003361535,0.002950741,0.001313649,0.001501141,0.004312911,0.007657062,0.000926443,0.001155229,0.001849108,0.000778421,0.001508358,0.003795995,0.000601146
GCCT,0.00019754,0.017453888,0.014954846,1.06E-06,1.19E-07,0.001102349,1.19E-07,0.005022031,0.001160619,0.01184449,0.001722121,0.000189881,0.00283784,0.004670958,0.005222856,0.003342352,0.000598433
GCGA,0.000461253,0.013741353,0.01311638,0.003879731,1.19E-07,1.19E-07,0.000323483,0.000720926,0.004890294,0.009408587,0.001745349,0.00033529,0.001327866,0.001572359,0.002978283,0.004559465,1.19E-07
GCGC,0.000161433,0.01176351,0.007576536,0.001091278,0.006205373,0.00105915,0.000528089,0.001874429,0.002214127,0.002253041,0.000480372,0.001503904,0.00076351,0.001146344,0.00017732,0.002874743,0.000315993
GCGG,0.001017768,0.019358033,0.011964023,0.001297121,0.00414609,0.001340985,1.19E-07,0.004057892,0.009226671,0.0046516,1.19E-07,0.001019106,0.003041322,5.31E-05,0.000900263,0.003866588,0.000581447
GCGT,0.00473039,0.013021224,0.008913721,0.000721017,0.005983855,0.00136662,0.00018039,0.002332721,0.001832253,0.004236161,0.000224196,0.002002286,0.001601007,0.002428958,0.000713722,0.004950797,1.00E-04
GCTA,3.44E-05,0.013172728,0.010014761,0.002089068,1.19E-07,1.19E-07,1.19E-07,0.004449322,0.002068185,0.008767065,0.003402532,0.000572547,0.003449073,0.006497823,0.003582254,0.003867405,1.19E-07
GCTC,0.004573634,0.010949523,0.005854846,4.39E-06,0.003739867,0.00275004,0.004750571,0.00114825,0.002608777,0.00259118,7.82E-05,0.001692467,0.003524804,0.005034931,0.000241569,0.005868243,9.21E-05
GCTG,0.002770816,0.013789717,0.012125489,0.001069402,0.002185257,0.000185718,1.19E-07,0.000645501,0.003096692,0.006832392,0.001051442,0.001738586,0.001244432,0.007293079,0.002738127,0.006037089,0.000155884
GCTT,0.006291987,0.00882259,0.00702807,0.000764405,0.000707681,0.000422055,6.93E-05,0.002407759,0.000493009,0.006934669,0.001003219,0.002169408,0.001272897,0.00327666,0.001448943,0.005166603,1.19E-07
GGAA,0.013911557,0.000881472,0.000410406,0.020500802,0.002381124,0.002147369,0.004370169,0.000535631,0.000459928,0.00399882,0.003685972,0.003049671,0.000949976,0.001970094,0.008455817,0.007797768,1.19E-07
GGAC,0.016048051,0.003632716,0,0.004094416,0.00774326,0.00708191,0.007918042,3.87E-06,6.89E-05,0.00049016,1.05E-05,0.001179969,0.001784143,0.004729344,0.008048383,0.00391715,0.000397373
GGAG,0.010999215,0.004266779,0.000863355,0.009464363,0.00395368,0.003194976,0.005155361,0.000120285,0.001341003,0.001381827,1.19E-07,0.001472117,0.00479358,0.003532715,0.006544717,0.01015711,1.19E-07
GGAT,0.030062197,0.001613966,0,0.007304123,0.005614693,0.001600198,0.00276043,0.000989825,0.000995953,0.00109292,0.000747261,0.00309898,0.000233034,0.002566774,0.009581344,0.009330968,1.19E-07
GGCA,0.0026652,0.009205093,0.005404825,0.001138922,0.003742281,0.004763675,0.004942054,0.000149907,2.74E-05,0.003222448,0.00112618,0.00163131,0.00121261,0.003190822,0.001819445,0.002037091,0.000138837
GGCC,0.002373676,0.012140134,0.003974255,2.59E-05,0.0073724,0.003964918,0.005826288,0.001249151,8.61E-05,0.000413694,1.19E-07,0.001435998,0.004567437,0.004663674,1.65E-05,0.000809634,0.000616831
GGCG,0.002700502,0.012080145,0.005144229,0.000721332,0.007258447,0.003827369,0.005244936,0.000378219,0.00057683,0.001641026,1.19E-07,0.001678936,0.00265823,0.002710966,0.000528189,0.000979838,0.00060121
GGCT,0.002054436,0.010596416,0.004360609,0.000110228,0.003444315,0.006211995,0.009910532,0.000247316,1.19E-07,0.001460986,0.001056035,0.002270669,0.003090213,0.005061044,0.000335033,0.001026452,0.000386195
GGGA,0.009995911,0.007514411,0.00302706,0.016137877,0.002866923,0.005474261,0.009702012,0.00023341,0.00114542,0.004811552,0.000765665,0.002634575,0.002186023,0.003752318,0.009003313,0.00135296,0.000511619
GGGC,0.003772758,0.008841642,0.002447366,0.006836003,0.010893509,0.005514939,0.008817287,0.000573228,1.19E-07,0.00032385,3.83E-05,0.001720405,0.002555206,0.001058504,0.003690207,0.000897527,0.000253127
GGGG,0.00588438,0.010002632,0.002202497,0.007001206,0.009052135,0.006780641,0.008125144,0.001405626,0.002740902,0.001667947,0.00045038,0.00221942,0.002371551,0.002833001,0.005037612,0.000590941,0.000358388
GGGT,0.012557438,0.007513262,0.001069993,0.003035974,0.010921198,0.007470383,0.00766252,0.000829828,0.000562642,0.001934024,6.36E-05,0.002904269,0.001128815,0.004641639,0.00734899,0.001693069,0.000108014
GGTA,0.008104464,0.00741954,0.002692916,0.006893021,0.004075132,0.005636639,0.007209638,0.002104377,0.00159109,0.004729494,0.003528228,0.003954285,0.001197247,0.00550799,0.005432046,0.002595526,0.001192006
GGTC,0.009319856,0.00302585,0.00047596,0.000423523,0.004541579,0.004957273,0.006243894,0.000132668,0.000343513,0.001031749,7.96E-05,0.0013393,0.002580713,0.004577042,0.00463514,0.001250663,0.000450345
GGTG,0.009845222,0.006575227,0.002102757,0.003938349,0.004884503,0.005343517,0.006429045,0.000590465,0.001780315,0.002918131,0.000999684,0.002485487,0.004614724,0.006901171,0.004140359,0.004266069,0.000221138
GGTT,0.014095624,0.005841999,0.001837423,0.001727055,0.007007878,0.005421128,0.00678732,0.001862003,4.76E-05,0.003532268,0.003167876,0.004399642,0.001158501,0.006677143,0.007079344,0.002006351,0.000773665
GTAA,0.001668921,0.00304959,0,0.014249865,0.002726959,0.004033653,0.003859012,0.00921671,0.006596323,0.00425496,0.004520313,0.006811699,0.001144236,0.002710518,0.00070966,0.006771388,9.75E-05
GTAC,0.001894783,0.003061774,0,0.002540941,0.005234225,0.007907016,0.009772932,0.001159127,0.008879072,0.00189204,0.000564854,0.004534183,0.004748017,0.007694615,0.003109322,0.004817859,0.002177999
GTAG,0.002345925,0.00171774,0,0.007147328,0.00095437,0.006113366,0.010276315,0.001145522,0.011503944,0.002849117,0.00120261,0.004575236,0.003514091,0.004491105,0.001611918,0.010630886,3.84E-05
GTAT,0.004477621,0.00375666,0,0.004283031,0.007080973,0.004422565,0.004679747,0.011686621,0.006615774,0.00153038,0.000777433,0.006451913,0.004163504,0.007197656,0.000264825,0.009437832,0.000808857
GTCA,0.003909301,0.005737532,0.003910659,0.001703477,0.000517465,0.003402372,0.006874636,0.001786262,0.007009081,0.005113474,0.00530145,0.005400783,0.001669155,0.005043111,0.001086681,0.002035033,0.001732868
GTCC,0.005435407,0.00497116,0.002432773,1.19E-07,0.002293233,0.003737602,0.006028089,0.000268307,0.003862603,0.000958915,0.000626944,0.002331208,0.005009092,0.006602353,0.001603917,0.002131511,0.001869073
GTCG,0.006490772,0.004810668,0.004089493,0.000492101,0.001683042,0.002927244,0.005920286,1.32E-05,0.004420369,0.00228034,0.001583153,0.002429303,0.004254897,0.004989593,0.00195967,0.001700846,0.001353619
GTCT,0.008484543,0.008308406,0.004518224,0.000642887,0.000235543,0.002262964,0.008861653,0.001518167,0.003217498,0.006109082,0.007229168,0.005950136,0.00311908,0.009083338,0.003330617,0.000798419,0.003232814
GTGA,0.003283668,0.004395556,0.003722578,0.010402644,1.19E-07,0.001415521,0.008068367,0.004595235,0.014269649,0.006472492,0.003929957,0.005560164,0.007032984,0.004876082,0.002223263,0.002255273,1.33E-07
GTGC,0.001733075,0.005880308,0.002656874,0.007438692,0.002278985,0.002716862,0.013081677,0.000708095,0.008833678,0.001433778,0.000453845,0.003490887,0.007134161,0.005013702,5.86E-05,0.000398473,0.001282007
GTGG,0.003035519,0.006482857,0.003346763,0.004859809,0.002300175,0.005275193,0.00978199,0.001665255,0.015326499,0.003649914,0.000411238,0.004722478,0.007454818,0.00484669,0.00200174,0.001358613,0.0001727
GTGT,0.004053865,0.005715127,0.002612481,0.002182754,0.004227966,0.004793095,0.008490633,0.002196586,0.006316632,0.002851565,0.003477979,0.005889313,0.0031685,0.006853979,0.000964982,0.003051897,0.001124063
GTTA,0.00633707,0.003722158,0,0.00320746,0.000585333,0.00327206,0.002616114,0.007881449,0.003011792,0.004820529,0.003708198,0.005533685,0.001232957,0.005929858,0.001154171,0.000722817,0.000149829
GTTC,0.006527676,0.001474616,0,2.44E-05,0.001463982,0.003484202,0.006550858,0.000187672,0.003092372,0.000683652,0.000440819,0.003063412,0.002238793,0.004854006,0.001902594,0.002008183,0.00107578
GTTG,0.003292857,0.002785303,0.000277502,0.000758435,0.001480959,0.002190233,0.004308875,0.001306107,0.004894883,0.001934927,0.004829616,0.003924785,0.002032485,0.004461438,0.001722992,0.00154765,9.86E-05
GTTT,0.008177582,0.004393427,0,0.000725082,0.002335099,0.003361527,0.003875483,0.006481095,3.01E-05,0.003718052,0.002325183,0.005770261,0.002217867,0.007139195,0.002193332,0.001865071,8.17E-05
TAAA,1.19E-07,0.001155478,0,0.009236819,0.012540966,0.005645552,0.001572425,0.005369374,6.57E-06,0.000313929,1.19E-07,0.003904649,0.000111371,0.001047805,0.000514478,0.000358178,0.003642681
TAAC,0.000378905,0.002582256,0,0.00285582,0.012041695,0.004118998,0.002324141,0.001846776,0.001539082,2.23E-05,0.000212965,0.00323932,0.000221353,0.0024889,1.19E-07,4.29E-05,0.00568407
TAAG,0.000366435,0.002094033,0.000429168,0.005555747,0.010131051,0.003898125,0.001674375,0.002918874,0.002070811,1.61E-05,5.55E-05,0.004228784,0.00074443,0.001844131,0.00027031,0.001462743,0.004365454
TAAT,0.002003999,0.002992873,0.000514126,0.003531159,0.01247603,0.003785144,0.000410472,0.005364367,1.19E-07,7.48E-05,5.71E-05,0.00430606,0.00119934,0.004749246,0.000669273,0.000608848,0.004877654
TACA,1.19E-07,0.002129498,0.004253171,0.002175182,0.011630701,0.005209675,0.001337826,0.006934467,0.006456672,0.000527621,0.002329991,0.009742213,0.002009415,0.003473033,0.002565245,0.000637337,0.005032644
TACC,0.000156945,0.003102735,0.00273707,0.000685577,0.009223436,0.00209052,0.001840664,0.001465159,0.003977819,1.24E-06,0.000253937,0.004138708,0.000942084,0.003393532,2.00E-05,0.00030396,0.004376261
TACG,1.12E-05,0.00239648,0.004469117,0.001407694,0.010584497,0.002444816,0.002242221,0.001885568,0.006823388,2.46E-05,0.002769384,0.006831195,0.001943189,0.00407504,0.000459284,1.19E-07,0.003778164
TACT,0.00101146,0.001961911,0.003578303,0.001068802,0.006763178,0.002735763,0.002693446,0.004309096,0.002862319,0.000882571,0.002594615,0.00767023,0.001700137,0.006363525,0.002620059,1.19E-07,0.006183963
TAGA,1.19E-07,0.002617531,0.001344554,0.009782865,0.011518355,0.005943022,0.003506028,0.005204258,0.006101311,0.000974988,0.00111584,0.0067791,0.000663725,0.000791253,0.002827441,0.000244163,0.001879225
TAGC,1.19E-07,0.003809074,0.002474959,0.005355691,0.011841044,0.001913949,0.001251518,0.001989322,0.003535492,1.19E-07,1.19E-07,0.003493438,0.001854389,0.002008108,1.19E-07,1.19E-07,0.00292884
TAGG,0.000152329,0.001348629,0.002693117,0.004563167,0.015894012,0.00365448,0.00157637,0.003330163,0.009008223,1.19E-07,1.19E-07,0.006221767,0.001868662,0.00178992,0.001828933,1.19E-07,0.003011242
TAGT,0.000305555,0.00377287,0.001125196,0.002774384,0.012463547,0.00448257,0.002203024,0.003568319,0.001999593,9.86E-05,0.000103746,0.004711962,0.000395404,0.004133076,0.000846648,1.19E-07,0.004572832
TATA,2.00E-06,0.000155754,0,0.005809179,0.011114771,0.005944389,1.19E-07,0.018700329,0.003358991,0.001484661,0.001970829,0.011565923,0.000308058,4.33E-05,0.002380132,1.19E-07,0.001487748
TATC,0.001036316,0.001934611,0.000930094,0.000968457,0.01402227,0.003575992,0.000537495,0.008086302,0.00594117,1.19E-07,0.001069884,0.008561121,0.002915191,0.002216236,0.000575361,0.000125076,0.004228447
TATG,0.000523975,0.00019051,0.001838411,0.002716027,0.012987925,0.004372558,1.19E-07,0.010157284,0.006267612,0.000265355,0.001199993,0.011059927,0.001521941,0.002248674,0.003014322,6.32E-06,0.002088756
TATT,0.002156623,0.000974801,0,0.002250475,0.010556265,0.005611468,9.82E-05,0.0147703,1.19E-07,0.00160944,0.001710317,0.009405912,0.000812767,0.002603413,0.003140484,0.000139365,0.001392776
TCAA,6.95E-05,0.001253651,0.001857736,0.013265808,1.19E-07,0.000506432,0.008007245,0.007262151,0.002514095,0.000282102,0.010753549,0.013614952,0.01003787,0.001983603,0.00384796,0.0101526,0.00265496
TCAC,0.000105139,0.001239115,0.003968946,0.00390385,0.015415538,0.008286399,0.008426137,0.001849393,0.001811349,0.000111309,0.001410453,0.009612211,0.005450001,0.003840186,0.001394108,0.011690352,0.001076916
TCAG,0.000221265,1.19E-07,0.003179461,0.005301429,0.006102128,0.005390781,0.007330033,0.001009593,0.003099237,4.32E-05,0.003286987,0.011582493,0.009884139,0.001598085,0.000882647,0.021494547,0.000220629
TCAT,0.000746296,7.59E-05,0.001082751,0.004392199,0.009956648,0.004204665,0.002611237,0.009091314,0.001459744,1.19E-07,0.007275728,0.015138726,0.004804661,5.90E-05,0.003659744,0.018585986,0.000989456
TCCA,0.001757906,0.002330252,0.010753209,3.71E-05,0.000587853,0.003979993,0.01294315,0.003234856,0.006331353,0.000406019,0.01346756,0.023644647,0.025197289,0.015794523,0.01622166,0.004036889,0.003994534
TCCC,0.004174191,0.003043879,0.010566101,1.19E-07,0.001559318,0.00333392,0.002761117,1.19E-07,0.008058645,6.56E-05,0.00551632,0.013327924,0.009939121,0.011126737,0.008502184,0.003409194,0.004853587
TCCG,1.19E-07,1.19E-07,0.011053047,0.000793131,0.000203504,6.86E-05,1.19E-07,1.19E-07,1.92E-06,1.19E-07,0.001988296,0.023366207,0.035126741,0.008903354,0.02920272,1.19E-07,1.19E-07
TCCT,0.010308441,0.003874224,0.009801054,0.000207495,0.000593389,0.000713366,0.01255996,0.002144568,0.004183256,0.00023689,0.018499347,0.021321012,0.014594416,0.016462603,0.011432491,0.002170886,0.003479804
TCGA,0.006788725,0.000617104,0.008391012,0.008115651,1.19E-07,1.19E-07,0.011921379,0.005495206,0.009036154,0.002091856,0.009831058,0.020654789,0.024146516,0.00816425,0.010495438,0.002897097,1.19E-07
TCGC,1.19E-07,0.002881202,0.008576839,0.005205107,0.005810357,0.001948341,0.001265392,9.16E-05,0.002860193,7.50E-05,0.000118724,0.007936584,0.006578207,0.001244626,0.002405092,0.005231966,2.95E-05
TCGG,0.000231684,0.000263031,0.008013156,0.002424332,0.005477462,0.006238488,0.003880277,0.000919495,0.015445949,0.00152369,0.001001346,0.017427912,0.019228655,1.63E-05,0.01076087,0.003659098,0.000156334
TCGT,0.007119517,0.004618439,0.006290728,0.003055686,0.007924618,0.004844525,0.012302133,0.002600925,0.006348544,0.000610676,0.011126103,0.015256133,0.0069987,0.006832371,0.003333444,0.006814611,0.000415643
TCTA,0.000615116,0.000840054,0.002760305,0.005421147,1.19E-07,1.19E-07,0.007434221,0.009336616,0.0010306,1.19E-07,0.01556936,0.020787819,0.010624658,0.004682129,0.009671199,0.004318982,0.002820617
TCTC,0.006398946,0.002590762,0.005976823,0.000380055,0.003322195,0.001895072,0.005440538,1.38E-05,0.002625101,9.86E-05,0.008623348,0.011375264,0.006626802,0.009581698,0.00355039,0.009356532,0.002034784
TCTG,0.003477844,0.000234433,0.005569467,0.001434835,1.19E-07,1.19E-07,0.003724926,0.005585292,0.002021547,1.19E-07,0.003477157,0.019082959,0.022220861,0.011074221,0.015499745,0.010496193,1.06E-05
TCTT,0.004640913,0.001740934,0.001824077,0.001265396,1.19E-07,0.000175733,0.009853442,0.0076374,0.00046935,0.001759341,0.021846314,0.019693102,0.003784678,0.005964861,0.011845679,0.007493794,0.00027417
TGAA,0.000701293,0.001096126,0,0.034375307,0.00072955,0.000123834,0.011508016,0.002070188,0.003088842,0.000727771,0.014190924,0.00564583,0.000391671,0.000250793,0.002205718,0.003528778,0.000263417
TGAC,7.91E-05,0.002045133,0.00160468,0.013856331,0.012048979,0.006440991,0.006290316,0.001238265,0.000551475,0.000685351,0.000406274,0.004096607,0.001173288,0.002538846,0.00218793,0.003249916,0.000438993
TGAG,0.002377664,4.48E-05,0.002276259,0.016868628,0.00832436,0.004903017,0.00371111,0.000367118,0.001059743,0.001233389,0.000292841,0.005981582,0.002520097,0.003355628,0.003095252,0.00931514,1.19E-07
TGAT,0.002628909,0.000984607,0,0.014012892,0.012737907,0.005619714,0.005717254,0.005878924,1.96E-05,0.001033875,0.001717645,0.009325069,0.00019474,0.001856644,0.004200484,0.006080716,1.19E-07
TGCA,0.000680295,0.007139118,0.009468264,0.002809616,0.011002089,0.00459156,0.002084772,0.003125236,0.000172503,0.002282239,0.00096062,0.009723739,0.003606839,0.003850332,0.000141767,0.001913119,1.19E-07
TGCC,1.19E-07,0.008407465,0.005901004,0.000493565,0.010166949,0.004008823,0.005835142,0.000918468,0.000396392,0.000243062,0.00014482,0.005078275,0.001749921,0.00270748,3.83E-06,7.22E-05,0.001358093
TGCG,9.83E-06,0.004519219,0.011751156,0.002072018,0.008184621,0.004529882,0.003445209,0.000265822,1.07E-05,0.00194692,0.000209844,0.007937686,0.004395797,0.000726969,0.001127356,1.19E-07,1.19E-07
TGCT,0.000110114,0.010281598,0.005781645,0.00088793,0.012870072,0.003615061,0.003643737,0.001537585,1.19E-07,0.00051281,0.00347988,0.007378792,0.000978634,0.004058566,0.000137929,0.000624761,1.19E-07
TGGA,0.007239187,1.19E-07,0.004859465,0.025252071,0.002450198,0.00203767,0.00730627,0.002878527,0.005873085,0.006346474,0.000295297,0.009523973,0.012768523,0.006208503,0.007755943,0.000212093,1.19E-07
TGGC,1.19E-07,0.002484575,0.004224798,0.023544275,0.004626291,0.001708185,0.004519118,1.19E-07,0.00058583,0.000208823,0.00078046,0.00143278,0.004282722,0.002526239,7.88E-05,0.000154121,1.19E-07
TGGG,0.00051076,0.001864525,0.00406287,0.013824784,0.012062589,0.00620814,0.008442048,0.002723823,0.006486562,0.001491899,0.000115019,0.00952109,0.006938948,0.000412308,0.006543112,1.71E-05,1.19E-07
TGGT,0.001286399,0.002714045,0.00349429,0.009319844,0.013510206,0.008567998,0.006821753,0.003772691,0.001525965,0.00158981,0.000801286,0.007427904,0.00307003,0.005286111,0.005822478,0.000786103,1.08E-05
TGTA,0.000273753,0.002829296,0,0.016248574,0.009782492,0.005453369,0.014329613,0.008523113,0.003092969,0.00153709,0.013990771,0.016020748,0.001130037,0.00208044,0.006530823,0.001239013,9.94E-05
TGTC,0.00236091,0.003274127,0.004317278,0.002254805,0.008066444,0.005071014,0.005816506,0.000536159,0.000548896,0.001273992,0.002710907,0.006357445,0.002147109,0.006860457,0.00383658,0.002555214,0.001327026
TGTG,0.005683311,0.003582877,0.005233647,0.006893431,0.005990404,0.003135331,0.010056381,0.002739831,0.001985143,0.000937437,0.005846038,0.012504329,0.006831586,0.007688651,0.001652807,0.002921288,3.69E-05
TGTT,0.000586672,0.001705565,0.001049449,0.004536433,0.010649885,0.006016309,0.009809324,0.007532852,0.000325299,0.002088552,0.008850391,0.014132229,0.0013993,0.005715855,0.006382382,0.001923197,1.19E-07
TTAA,1.19E-07,0.000444084,0.000551646,0.009272615,0.001535975,0.003343799,0.001175482,0.016304332,0.002784881,0.001990038,0.003570738,0.012060617,0.001604808,0.000531827,0.000755187,0.003616316,0.002977069
TTAC,1.35E-05,3.37E-05,0.000840363,0.001926038,0.010294707,0.003338218,0.001225548,0.006351314,0.005243216,1.19E-07,0.001927121,0.010396098,0.003409363,0.004471433,0.000682517,0.006600837,0.0034422
TTAG,0.000177437,9.54E-05,0.000820444,0.004133797,0.007503641,0.004816502,0.00294606,0.006925213,0.006187404,0.000396439,0.001217809,0.01014395,0.003557266,0.002791923,0.000862151,0.008815341,4.42E-05
TTAT,0.000582798,0.000252216,0,0.003438273,0.00892085,0.004558735,0.000575346,0.018522034,0.002262099,0.000781487,0.00314566,0.014156791,0.002336316,0.001443498,0.001538648,0.007131937,0.00054288
TTCA,0.00339668,0.001748587,0.003404201,0.000798679,0.009971998,0.002538994,0.004573598,0.009637309,0.010008715,0.00088578,0.012521378,0.018262515,0.004829246,0.007336,0.004374172,0.001281919,0.002658742
TTCC,0.007447237,0.002127983,0.004838667,0.000540107,0.007212808,0.000682899,0.003240603,0.000958458,0.008786289,2.79E-05,0.006272404,0.010054094,0.004569622,0.008572463,0.002559106,0.001213852,0.004780085
TTCG,0.006549525,0.001119803,0.006316021,0.000533337,0.004124728,0.000148272,0.003599663,0.002013495,0.008169588,1.19E-07,0.009515365,0.012449648,0.006455271,0.008128081,0.002932942,0.000194384,0.002642711
TTCT,0.012722908,0.002593787,0.003331886,1.19E-07,0.000995622,0.000576854,0.004109593,0.010365017,0.004541911,0.001253226,0.015429999,0.019338931,0.003507025,0.011699076,0.008262188,2.39E-05,0.00252531
TTGA,0.003786193,0.002501635,0.002542663,0.007844723,0.003791969,0.00069422,0.005505322,0.012912467,0.015339158,0.000426267,0.012998179,0.02086893,0.005412051,0.003386139,0.005364556,0.000920152,0.000371534
TTGC,0.000311502,0.002545188,0.004651046,0.004745262,0.010603031,0.001755528,0.004850095,0.001647168,0.007458456,7.36E-06,0.006502533,0.007703151,0.002514751,0.003489137,9.28E-05,0.000915045,0.000267345
TTGG,0.002863645,1.19E-07,0.003770564,0.003013412,0.012715521,0.002550317,0.005976095,0.006270313,0.019943984,1.19E-07,0.00074961,0.017087,0.011363833,0.004281004,0.001643217,0.001273093,0.000156006
TTGT,0.005607156,0.001766919,0.001845326,0.00327127,0.008164443,0.005192519,0.006302917,0.011048567,0.008493636,0.001627408,0.007017722,0.016974306,0.004481484,0.006031059,0.003362172,0.00249521,9.43E-05
TTTA,0.001098705,0.001853075,0,0.002590778,0.003084363,0.003638348,0.000891857,0.019179577,0.001326347,0.002713155,0.005982453,0.014752369,0.001284019,0.00209813,0.001199861,4.32E-05,0.0019948
TTTC,0.003750837,0.000655743,0.001391457,1.19E-07,0.001842693,0.002512296,0.002278098,0.002688809,0.001518088,0.000489813,0.003371799,0.006997994,0.001365253,0.00581861,0.00204039,0.002669178,0.001569315
TTTG,0.003622702,0.00116997,0.001640964,0.00071939,0.004511057,0.00169544,0.004242837,0.006099153,0.003014351,0.00029163,0.006564746,0.011673825,0.002860557,0.005379965,0.00293512,0.001725316,0.000455696
TTTT,0.004404995,0.005853915,0.000417833,1.19E-07,0.001623038,0.004281252,0.00082934,0.014225116,1.19E-07,0.002869511,0.00405531,0.010678028,0.002353057,0.006210604,0.001431672,0.001482752,0.000492435